tree
version=v4
num_class=1
num_tree_per_iteration=1
label_index=0
max_feature_idx=97
objective=regression
feature_names=country region dev_os dev_osv dev_make dev_model carrier advertiser_category advertiser_subcategory advertiser_bottom_taxonomy_level avg_act_days avg_days_ins weekend_ratio weeks_since_first_seen wifi_ratio num_user_bundles num_user_bundles_l28d num_bundles_ins num_new_bundles total_buys num_bought_bundles total_past_revenue num_revenue_bundles total_category_revenue hour_sin hour_cos hour_bin bundle_buyer_rate bundle_avg_rev_d7 bundle_whale_rate category_buyer_rate category_avg_rev_d7 category_whale_rate country_buyer_rate country_avg_rev_d7 country_whale_rate segment_buyer_rate segment_avg_rev_d7 city_n_unique city_total_count country_n_unique country_total_count region_n_unique region_total_count dev_language_n_unique dev_language_total_count dev_osv_n_unique dev_osv_total_count hour_n_unique hour_total_count buys_bundle_sum buys_bundle_max buys_bundle_n_keys buys_bundle_mean buys_bundle_current_adv buys_category_sum buys_category_max buys_category_n_keys buys_category_mean buys_tax_sum buys_tax_max buys_tax_n_keys buys_tax_mean rev_bundle_sum rev_bundle_max rev_bundle_n_keys rev_bundle_mean rev_bundle_current_adv rev_category_sum rev_category_max rev_category_n_keys rev_category_mean rev_tax_sum rev_tax_max rev_tax_n_keys rev_tax_mean whale_rev_prank_max whale_rev_prank_n_bundles whale_rev_prank_current whale_buys_prank_max whale_buys_prank_n_bundles whale_buys_prank_current whale_total_rev_max whale_total_rev_n_bundles whale_total_rev_current whale_total_buys_max whale_total_buys_n_bundles whale_total_buys_current last_buy_n_items last_buy_cat_n_items last_install_n_items last_install_cat_n_items first_req_n_items first_req_tax_n_items adv_action_total adv_action_n_types user_action_total user_action_n_types
feature_infos=[-1:204] [-1:1127] [-1:1] [-1:161] [-1:233] [-1:5057] [-1:3917] [-1:20] [-1:55] [-1:81] [0:7] [0:28] [0:1] [0:6] [0:1] [0:20] [0:20] [0:20] [0:20] none none none none none [-1:1] [-1:1] [0:3] [0:1] [0:1005.6853368126667] [0:0.0011915795048325168] [0:0.46511627906976744] [0:93.018604651162789] [0:6.5121125293045066e-05] [0:0.16666666666666666] [0:44.499587056760994] [0:0.00035473572188719402] [0:0.33333333333333331] [0:63.697647844683715] none none none none none none none none none none none none none none none none none none none none none none none none none none none none none none none none none none none none none none none none none none none none none none none none none none none none none none none none none none none none
tree_sizes=11284 11954 11964 11970 11980 11961 11943 12025 11967 12021 12016 12034 12001 11977 11995 12009 11977 11973 12040 11979 11988 11950 12017 12038 12040 11935 12108 11983 12046 11977 12101 12035 12036 12049 11971 12018 11954 12052 11948 12048 11970 11985 12015 12045 11958 12001 12040

Tree=0
num_leaves=127
num_cat=0
split_feature=28 28 28 28 37 36 27 17 37 28 37 28 27 3 36 27 28 36 9 28 13 36 36 27 16 28 37 16 3 5 28 37 3 9 17 27 0 29 37 3 3 3 7 7 37 13 18 27 5 27 36 18 36 3 37 1 3 27 28 3 3 25 16 36 37 16 31 3 7 37 3 3 0 37 3 5 27 3 37 27 37 28 27 36 5 28 5 0 36 27 37 31 37 0 18 4 5 5 27 18 37 7 16 5 7 37 3 8 25 28 25 28 17 36 4 8 3 14 0 37 5 30 11 28 0 16
split_gain=1.2118e+06 123070 109888 42906.6 39621.3 18534.6 14366.1 19746.5 14222.7 10851.7 9484.77 7606.23 7436.01 5491.45 5397.19 5326.83 3987.89 6846.13 3708.17 3566.97 3276.49 3232.06 3221.89 2877.45 2269.89 1920.65 1897.57 1892.34 1808.84 1800.03 1797.49 1756.8 1653.32 1652.24 1616.99 1611.41 1727.67 1500.69 1595.99 1492.86 4122.73 2396.25 1644.32 1473.79 1723.61 1457.17 1397.56 1391.01 1345.71 1318.66 1289.64 1275.86 1238.92 1234.64 1229.25 1212.07 1157.56 1106.34 1080.08 1064.41 1514.1 1014.9 1006.37 959.372 1008.49 915.125 1464.08 1337.16 1828.2 909.742 879.459 1278.77 859.79 886.464 847.518 833.961 816.973 825.624 789.019 764.887 757.164 1071.28 754.455 745.725 741.09 737.133 723.552 697.935 684.448 679.381 655.183 638.518 637.625 631.136 629.931 618.473 609.074 602.734 601.308 597.115 587.651 585.729 578.885 576.345 692.598 547.981 543.912 536.535 525.92 509.835 507.019 501.381 497.814 497.066 484.339 484.335 480.804 479.099 473.337 467.424 467.273 464.312 460.194 454.641 446.274 460.209
threshold=1.1219645237111375 3.1162206090240665 0.24525839955506953 9.8717944032260636 1.653324433043269 0.063014685086042466 0.071646505472169913 1.0000000180025095e-35 0.34890983914268764 0.51785501459197014 2.0956141794453682 0.052310143307246676 0.12919164370855429 42.500000000000007 0.049414510585311752 0.01186526339151811 1.6932582413058437 0.05192589875275129 55.500000000000007 16.4758353209752 1.0000000180025095e-35 0.020514004838428638 0.0083081244598098552 0.031448058896583746 2.5000000000000004 0.16103285251108321 0.24158594618482945 4.5000000000000009 77.500000000000014 3358.5000000000005 0.11215773106761434 39.552931979225654 27.500000000000004 42.500000000000007 7.5000000000000009 0.033161635488878433 39.500000000000007 0.0006963784507029977 39.552931979225654 127.50000000000001 138.50000000000003 27.500000000000004 14.500000000000002 3.5000000000000004 0.39423999325581277 1.0000000180025095e-35 2.5000000000000004 0.20833333333333337 1663.5000000000002 0.037060995412595596 0.017348284266447907 3.5000000000000004 0.047554435614137115 42.500000000000007 1.465962812751614 366.50000000000006 73.500000000000014 0.26236929631303624 0.32576379352812346 120.50000000000001 81.500000000000014 0.25881904510252057 1.0000000180025095e-35 0.0084708063553290188 1.8226871978188368 1.0000000180025095e-35 2.3130708662742094 138.50000000000003 13.500000000000002 0.3441713326327826 29.500000000000004 74.500000000000014 10.500000000000002 0.11168089970119073 137.50000000000003 3340.5000000000005 0.0074937699731432855 26.500000000000004 0.19507791719669246 0.096356162808523702 2.102991367849492 0.052310143307246676 0.036311245721003936 0.015777048994939358 4104.5000000000009 0.74906919933808813 3383.5000000000005 45.500000000000007 0.082711815195891644 0.090389262019821462 3.9553581164900558 10.490218182320747 10.895242786555082 107.50000000000001 1.0000000180025095e-35 72.500000000000014 3414.5000000000005 3284.5000000000005 0.029753306623641031 1.0000000180025095e-35 0.40768053738648052 7.5000000000000009 1.5000000000000002 3383.5000000000005 14.500000000000002 0.098781481803810925 26.500000000000004 51.500000000000007 0.1294095225512602 22.445611888829731 -0.5 0.94489103413968012 2.5000000000000004 0.020809122986465488 84.500000000000014 33.500000000000007 26.500000000000004 0.97696610477807433 189.50000000000003 2.2992671514978631 3928.5000000000005 0.016699666722132522 1.7596153846153848 84.027302325581402 138.50000000000003 4.5000000000000009
decision_type=2 2 2 2 2 2 2 2 2 2 2 2 2 2 2 2 2 2 2 2 2 2 2 2 2 2 2 2 2 2 2 2 2 2 2 2 2 2 2 2 2 2 2 2 2 2 2 2 2 2 2 2 2 2 2 2 2 2 2 2 2 2 2 2 2 2 2 2 2 2 2 2 2 2 2 2 2 2 2 2 2 2 2 2 2 2 2 2 2 2 2 2 2 2 2 2 2 2 2 2 2 2 2 2 2 2 2 2 2 2 2 2 2 2 2 2 2 2 2 2 2 2 2 2 2 2
left_child=2 8 5 6 21 30 7 10 12 18 13 -7 94 45 33 51 17 62 31 22 32 55 -5 -18 58 53 124 37 72 91 80 39 108 87 46 36 -12 47 95 41 98 103 -42 44 -8 82 63 92 -25 -26 -32 74 79 -13 -19 101 120 -46 -23 60 -43 -40 119 -28 -65 67 -67 68 -54 -29 -60 100 -15 -74 -16 -64 77 -27 -14 -50 -1 -82 93 -45 111 -57 99 -11 -76 -71 -52 114 -21 -3 -2 -39 -78 -83 -41 -56 -72 -4 -38 104 -6 -47 -37 -96 -20 -49 -22 -31 -48 -89 121 -93 -35 -51 -68 -10 -55 -17 -100 -111 125 -9
right_child=1 3 4 19 9 11 43 26 16 14 35 25 78 28 15 29 23 54 20 27 110 24 -24 48 49 76 34 69 -30 84 50 -33 -34 116 -36 106 102 38 61 40 42 59 -44 83 57 105 112 109 52 117 90 -53 65 56 86 85 -58 -59 70 -61 -62 -63 75 64 -66 66 118 -69 -70 89 71 -73 73 -75 88 -77 96 -79 -80 -81 81 97 -84 -85 -86 -87 -88 113 -90 -91 -92 115 -94 -95 107 -97 -98 -99 122 -101 -102 -103 -104 -105 -106 -107 -108 -109 -110 123 -112 -113 -114 -115 -116 -117 -118 -119 -120 -121 -122 -123 -124 -125 -126 -127
leaf_value=1.0652051844036434 1.0932120220303601 1.0916465300305211 1.071824291423636 1.115523795800246 1.0860912689187581 1.0669920955256149 1.1277707094897802 1.1326823573551197 1.1042087859714584 1.0857021445057178 1.0786931709697225 1.0831273877803329 1.1114824080392807 1.0783390163025939 1.0739390210570567 1.1261186517171633 1.0881751685133514 1.1005956008867885 1.0794226587949469 1.1870271371206511 1.0849455339357366 1.0724472590894845 1.164374183364262 1.1228288263033879 1.0734540393072092 1.0980143521108774 1.2031524765296016 1.0982547590722007 1.0890241693328251 1.1231475688427612 1.0669522344536353 1.077963961249236 1.0703801743176695 1.0693248201843546 1.097996321095055 1.079401833463842 1.2024178756421935 1.1355491279255312 1.4293652273466566 1.1054028617013483 1.1011897625658256 1.1106721018576577 1.1459344481683142 1.1068514239827412 1.1580717999727554 1.0753847083996726 1.1246024862079029 1.166071622192169 1.111449801955775 1.0896157402209268 1.0742215941468283 1.1275738255780274 1.1274562527524514 1.0964940538659076 1.1277812585239806 1.0792529363923071 1.0757175727197772 1.147919586043247 1.0867726386339216 1.1256400916279454 1.0855667982757393 1.2083631087392945 1.088440875135033 1.1572514220745638 1.1844055577630197 1.1337738362281407 1.1400585436339963 1.142209799647774 1.0838950124414661 1.064160399859188 1.0962559527067914 1.0797582950515876 1.0930202680490557 1.1523593727883452 1.1643844992690391 1.106221076855473 1.0955865582095439 1.1544578519988014 1.1296100514848733 1.1281520061728323 1.0647471312464163 1.0729539518929474 1.1359887614194395 1.1458948798294584 1.1046207252694118 1.0977709405324036 1.1323858031894491 1.0762157056625075 1.0734161456582303 1.1670237608680873 1.0898135479536426 1.1172825825455561 1.2152968836991338 1.0730585535209589 1.0796487466852709 1.1661156147048226 1.1183422583796023 1.088202835647645 1.066493053964287 1.1181343934930688 1.1105892811996556 1.0904635836894592 1.1407709856121098 1.1025577752444253 1.1352930396367833 1.1190011195043379 1.1414671083679397 1.131809764659931 1.099930052134773 1.1775992866349021 1.1033357008985201 1.1351528932325867 1.1593691565116055 1.1080242770447992 1.1057315511294139 1.1383748765593593 1.0880361588751355 1.077694280736174 1.1576330116652496 1.1243977896105382 1.1091196532976049 1.1120745571749888 1.1395648339727507 1.2161846408560768 1.1466691992006681 1.0928246455385848
leaf_weight=396512 5872 2181 47871 1256 7230 12423 2364 799 2745 2004 129 9919 4406 184 3813 2415 1615 1890 1900 11044 1690 2708 37327 24085 17843 355 823 177 808 14370 32646 3293 11465 2224 323 166 1036 669 32 420 2818 14465 1002 443 24828 326 805 3763 2865 9426 25819 522 3301 9579 10768 15429 2045 15814 12880 3257 2542 45 6758 3039 2069 15992 2174 2883 1176 58 5803 2793 255 2033 176 3660 2450 680 4241 17795 12713 7863 204 71591 1624 2212 9638 475 129 15779 2677 4221 768 6677 9125 5442 1864 3317 4280 12453 4627 1567 158 3521 267 1266 542 181 2761 18393 6692 4003 687 6393 10157 1276 2782 4474 3773 1654 3641 17267 79 279 1030 387
leaf_count=396512 5872 2181 47871 1256 7230 12423 2364 799 2745 2004 129 9919 4406 184 3813 2415 1615 1890 1900 11044 1690 2708 37327 24085 17843 355 823 177 808 14370 32646 3293 11465 2224 323 166 1036 669 32 420 2818 14465 1002 443 24828 326 805 3763 2865 9426 25819 522 3301 9579 10768 15429 2045 15814 12880 3257 2542 45 6758 3039 2069 15992 2174 2883 1176 58 5803 2793 255 2033 176 3660 2450 680 4241 17795 12713 7863 204 71591 1624 2212 9638 475 129 15779 2677 4221 768 6677 9125 5442 1864 3317 4280 12453 4627 1567 158 3521 267 1266 542 181 2761 18393 6692 4003 687 6393 10157 1276 2782 4474 3773 1654 3641 17267 79 279 1030 387
internal_value=1.09708 1.14076 1.0759 1.15423 1.09148 1.0679 1.14373 1.12356 1.11941 1.10241 1.10288 1.08678 1.09817 1.09405 1.11036 1.11426 1.12346 1.11684 1.09373 1.16981 1.08441 1.07936 1.16278 1.12779 1.08438 1.09484 1.1567 1.17462 1.12799 1.11685 1.06622 1.09902 1.0765 1.0935 1.16371 1.16344 1.18299 1.17808 1.16448 1.10076 1.08969 1.10381 1.11293 1.14828 1.15267 1.0836 1.16656 1.18053 1.12865 1.07885 1.07102 1.08339 1.13146 1.09137 1.12412 1.07482 1.09672 1.15412 1.09048 1.10993 1.10692 1.30021 1.09977 1.17309 1.16825 1.13543 1.1385 1.12628 1.11601 1.16589 1.09235 1.09779 1.14073 1.14575 1.07779 1.09469 1.11116 1.1351 1.12037 1.12584 1.06552 1.0707 1.07895 1.14565 1.12405 1.08157 1.12548 1.10128 1.12591 1.16665 1.07569 1.11278 1.18887 1.07764 1.08552 1.16277 1.10542 1.07748 1.07112 1.12261 1.10261 1.07242 1.19426 1.09255 1.08784 1.11007 1.12692 1.08066 1.09157 1.17615 1.09963 1.12576 1.14061 1.10582 1.11105 1.12218 1.07972 1.08578 1.15121 1.1118 1.09997 1.1138 1.06782 1.17818 1.13222 1.11968
internal_weight=1.17872e+06 385049 793669 235999 269166 524503 140967 25927 149050 141533 15965 42956 23825 13934 73851 59973 125225 49566 67682 95032 24508 127633 38583 75659 60554 30533 9962 56449 3280 55333 481547 43174 16126 13878 7746 2031 1323 40435 6188 39881 8599 31282 3820 115040 43006 10654 7423 34247 74044 31743 61142 4640 49959 25184 34749 67079 15265 40642 28811 20264 17007 77 14817 5931 5108 29299 21939 7360 4477 16014 26103 13223 2472 2288 4118 10418 5349 1035 8647 20660 420405 23893 9062 72034 19997 17641 32859 8872 305 15837 28496 35336 11812 8858 15178 6111 4314 11180 4779 23221 10430 49438 1194 11018 7497 1592 708 9306 4661 22435 8382 18373 1492 6868 29839 5497 5006 13900 5947 4399 13220 19682 4359 18672 2216 1186
internal_count=1178718 385049 793669 235999 269166 524503 140967 25927 149050 141533 15965 42956 23825 13934 73851 59973 125225 49566 67682 95032 24508 127633 38583 75659 60554 30533 9962 56449 3280 55333 481547 43174 16126 13878 7746 2031 1323 40435 6188 39881 8599 31282 3820 115040 43006 10654 7423 34247 74044 31743 61142 4640 49959 25184 34749 67079 15265 40642 28811 20264 17007 77 14817 5931 5108 29299 21939 7360 4477 16014 26103 13223 2472 2288 4118 10418 5349 1035 8647 20660 420405 23893 9062 72034 19997 17641 32859 8872 305 15837 28496 35336 11812 8858 15178 6111 4314 11180 4779 23221 10430 49438 1194 11018 7497 1592 708 9306 4661 22435 8382 18373 1492 6868 29839 5497 5006 13900 5947 4399 13220 19682 4359 18672 2216 1186
is_linear=0
shrinkage=1


Tree=1
num_leaves=127
num_cat=0
split_feature=28 28 28 28 33 34 36 33 13 28 28 28 33 28 33 9 36 3 28 33 13 7 8 16 28 8 9 5 37 16 28 16 3 28 34 36 9 36 7 26 5 3 3 3 5 29 37 3 28 28 28 3 37 7 36 30 3 28 16 3 7 33 3 9 3 3 3 3 8 3 28 3 25 3 37 5 36 3 5 36 1 30 3 28 26 3 37 28 33 17 37 8 5 28 8 7 3 3 5 34 33 4 5 26 33 1 17 33 30 37 9 33 28 12 25 30 4 9 16 15 13 8 33 15 36 24
split_gain=1.14018e+06 115796 103394 40370.9 37933.9 20457.8 17439.2 14953.8 11723.1 10447.8 10077.1 7156.7 5904.71 8432.54 4207.32 3938.39 3872 3714.76 3356.16 3185.36 3092.97 2875.81 2781.47 2599.04 2474.31 2255.99 2167.85 2079.93 1870.85 1833.99 1807.14 1780.5 1721.04 1691.26 1751.97 1658.78 1654.31 1689.71 1642.76 1606.76 1656.91 1572.62 1460.46 1720.34 1453.58 1412 1501.66 1370.48 1296.34 1272.71 1263.16 1209.99 1196.74 1190.2 1175.89 1174.11 1161.67 1131.46 1512.67 1732.71 1645.85 1124.98 1089.15 1071.92 1039.86 1417.82 1079.26 1039.08 1008.3 1007.15 970.298 1090.86 954.917 883.333 855.976 826.155 811.462 809.608 808.242 792.16 776.9 768.69 776.83 756.196 738.742 737.174 712.417 1007.97 739.453 685.033 672.086 841.718 664.683 645.069 633.199 728.354 877.841 850.862 742.551 614.335 587.791 581.921 573.077 555.906 543.625 526.866 511.452 514.811 508.978 507.173 504.051 675.701 501.114 498.369 490.195 482.957 536.821 474.563 469.585 468.74 466.836 465.96 465.238 457.297 456.808 455.226
threshold=1.1219645237111375 3.1162206090240665 0.24525839955506953 9.8717944032260636 0.040011435105774734 1.4676774517475548 0.063014685086042466 0.015090980603225208 1.0000000180025095e-35 0.51785501459197014 8.8358794293418814 0.052310143307246676 0.064279935275080927 1.7504223575997926 0.014562065081279062 59.500000000000007 0.049414510585311752 42.500000000000007 16.4758353209752 0.0082937579318871097 1.0000000180025095e-35 3.5000000000000004 10.500000000000002 2.5000000000000004 5.5636679508846436 51.500000000000007 42.500000000000007 1663.5000000000002 0.23821805405295035 1.0000000180025095e-35 0.16103285251108321 4.5000000000000009 28.500000000000004 0.11215773106761434 0.59052502632849191 0.0091432307296578936 36.500000000000007 0.021529953072532772 -1.0000000180025095e-35 1.0000000180025095e-35 3387.5000000000005 27.500000000000004 138.50000000000003 79.500000000000014 3373.5000000000005 0.0006963784507029977 39.552931979225654 133.50000000000003 0.74906919933808813 0.39383354519156666 84.027302325581402 30.500000000000004 2.102991367849492 14.500000000000002 0.022595411587304565 0.067274736675500726 42.500000000000007 1.7840888116925042 1.0000000180025095e-35 138.50000000000003 13.500000000000002 0.018382462470692553 73.500000000000014 -1.0000000180025095e-35 127.50000000000001 139.50000000000003 126.50000000000001 13.500000000000002 49.500000000000007 74.500000000000014 0.67994076511792723 137.50000000000003 0.25881904510252057 77.500000000000014 0.3441713326327826 2185.5000000000005 0.047227285945845424 115.50000000000001 3982.5000000000005 0.086461460944238414 3.5000000000000004 0.013002526235327968 26.500000000000004 0.32576379352812346 2.5000000000000004 12.500000000000002 2.102991367849492 0.052310143307246676 0.040011435105774734 7.5000000000000009 1.9084419402385009 21.500000000000004 3340.5000000000005 0.32576379352812346 36.500000000000007 3.5000000000000004 26.500000000000004 137.50000000000003 1653.5000000000002 3.6128901595777854 0.03579804002230625 72.500000000000014 3414.5000000000005 1.0000000180025095e-35 0.0069700888316244223 975.50000000000011 2.5000000000000004 0.013360107095046857 0.028041739051188914 2.2712916870277948 51.500000000000007 0.047691955024797512 8.8358794293418814 0.013712060166532368 0.1294095225512602 0.050555650984225216 84.500000000000014 41.500000000000007 1.0000000180025095e-35 10.500000000000002 1.5000000000000002 25.500000000000004 0.048040678060612831 8.5000000000000018 0.12942044372277478 -1.0000000180025095e-35
decision_type=2 2 2 2 2 2 2 2 2 2 2 2 2 2 2 2 2 2 2 2 2 2 2 2 2 2 2 2 2 2 2 2 2 2 2 2 2 2 2 2 2 2 2 2 2 2 2 2 2 2 2 2 2 2 2 2 2 2 2 2 2 2 2 2 2 2 2 2 2 2 2 2 2 2 2 2 2 2 2 2 2 2 2 2 2 2 2 2 2 2 2 2 2 2 2 2 2 2 2 2 2 2 2 2 2 2 2 2 2 2 2 2 2 2 2 2 2 2 2 2 2 2 2 2 2 2
left_child=2 7 6 5 14 8 33 25 10 15 80 -8 13 29 118 39 26 100 19 -5 41 36 48 32 -10 113 -11 94 106 109 56 45 93 86 -35 38 -7 -38 -30 64 42 114 43 67 115 50 101 76 70 -25 73 89 92 -44 -53 90 -13 119 59 60 99 -57 -58 -51 66 121 -6 -41 -60 83 -18 75 -48 -20 -33 -72 84 103 -46 -73 -3 82 -32 -34 -19 -36 -1 -88 -89 -37 91 -15 -31 -16 -14 96 -96 98 -97 -59 104 -47 -83 -22 -12 -93 107 112 -85 -9 111 -39 -26 124 -17 116 -24 -110 -4 -29 -100 -66 -87 -76 -2 -28
right_child=1 3 4 18 9 21 11 12 24 16 17 30 27 55 23 20 22 47 31 -21 77 -23 44 49 28 -27 125 57 35 52 81 74 69 34 85 51 37 110 -40 40 -42 -43 53 -45 78 46 72 -49 -50 63 -52 54 -54 -55 -56 61 62 58 68 -61 -62 -63 -64 -65 65 -67 -68 -69 -70 -71 71 79 -74 -75 123 -77 -78 -79 -80 -81 -82 102 -84 108 -86 122 87 88 -90 -91 -92 105 -94 -95 95 97 -98 -99 120 -101 -102 -103 -104 -105 -106 -107 -108 -109 117 -111 -112 -113 -114 -115 -116 -117 -118 -119 -120 -121 -122 -123 -124 -125 -126 -127
leaf_value=-0.030911371929430699 -0.0089655364872645305 0.032777845536833994 -0.019387414525711473 0.015103132203538368 0.0098728066894729506 0.053841914877705968 -0.029178065699278978 0.010274679094817623 0.0055343692238694663 0.009484175777226907 0.031640070522985148 -0.013526833787825616 0.02687262371500166 0.022413749426172806 -0.027087044929692602 -0.017002999721702775 0.021853431655770972 0.054325568784959616 0.088752685413959517 0.065267733146173956 0.0096884672473159794 0.047695460263883882 0.017503592231747793 -0.02248381975788024 0.036695819170043525 0.041719625436321454 -0.023041972941074521 0.031786733502361442 0.0057854137796422705 -0.011447235221413337 0.00091352160547820613 0.0011467159653114059 -0.023950255083111233 -0.028757834416657781 -0.02779166862897112 0.038380237477240009 0.11306905175620763 0.063487393331911224 0.097940854376309547 -0.016223433533735329 0.011593982230512884 -0.025959352878018295 0.0028785953040921719 -0.024075877222219388 0.029490783620841787 0.037322255728490683 0.32232387274503704 -0.014597643232163117 0.016192815786889202 -0.0045959683596312455 0.11431525838643973 0.07400471811165614 0.0092307509288230925 0.048986702539561257 0.044917897564555227 0.016407546225384029 0.0028118059819261694 0.037050026699270662 0.038274693750126002 0.047983625179604632 -0.017993892504032268 0.029867236993423401 -0.02071435426590932 -0.017326830650629895 0.037771411449290242 0.022512746115977113 0.031412587035530029 0.0035071110894540421 0.054092109615078363 -0.013196234593892367 -0.027697190858009948 0.062833366737091279 0.10795181655883788 0.077241951213457533 0.070223906021706098 -0.0012640744108019404 -0.028707054756125627 0.034894640366013606 0.010487298488734609 -0.03227633487094532 0.060253045278541001 -0.0014414378738287379 0.055663717621827827 0.0093467579860683787 -0.0018686765148526144 -0.016510240520827196 -0.031355681469674088 -0.028159634564356162 -0.012503116349149619 -0.020254782061266866 0.024401317074016649 -0.0026383638097532821 0.0060509826531945496 -0.011434082514581263 0.047251813045489748 0.021849653514996636 -0.0063962842885223106 0.041673894447807378 -0.028113737630844116 -0.0002957272284295199 0.045154980787864098 0.066971746996915854 0.020631590846934965 -0.0071032410129797151 -0.020196957712972974 0.084334128219634291 0.047149371695001024 0.03368479146016979 0.0010363236189629794 0.026245881276102046 0.06151064927634628 0.099793712253023859 -0.0015263317908872577 -0.021113479166778609 0.0027985639820208193 0.022186012802676514 0.0081716239271835047 -0.022623582322515181 -0.026175967804414602 0.018440485161681331 0.031287913875920427 -0.027997936834613758 -0.00042909273712875729 0.057991143878703896 0.057349141612648966 -0.0028297158579685703
leaf_weight=396512 3573 1732 13092 1175 7340 28270 12423 4459 1574 6276 186 9919 9462 2537 2702 1900 886 1280 7856 37408 3097 69274 14420 24070 431 648 3461 21738 207 8158 355 177 936 41531 5022 4369 681 1119 1095 3512 6638 11416 1921 4893 14988 669 32 588 3536 9079 992 2168 6283 683 2957 6615 13220 1573 8850 1975 1075 36026 2045 17284 104 990 2929 7602 6146 4975 2539 278 45 25399 12294 1832 147 655 2327 110 1991 2450 680 7590 252 12734 12713 4644 6536 187 5366 3056 2569 19255 319 1924 1968 1351 525 530 130 5442 1864 4155 8639 64 933 1605 6889 2989 9279 785 1088 6363 2759 8712 9017 858 30618 2658 154 1430 1855 3543 96 1412
leaf_count=396512 3573 1732 13092 1175 7340 28270 12423 4459 1574 6276 186 9919 9462 2537 2702 1900 886 1280 7856 37408 3097 69274 14420 24070 431 648 3461 21738 207 8158 355 177 936 41531 5022 4369 681 1119 1095 3512 6638 11416 1921 4893 14988 669 32 588 3536 9079 992 2168 6283 683 2957 6615 13220 1573 8850 1975 1075 36026 2045 17284 104 990 2929 7602 6146 4975 2539 278 45 25399 12294 1832 147 655 2327 110 1991 2450 680 7590 252 12734 12713 4644 6536 187 5366 3056 2569 19255 319 1924 1968 1351 525 530 130 5442 1864 4155 8639 64 933 1605 6889 2989 9279 785 1088 6363 2759 8712 9017 858 30618 2658 154 1430 1855 3543 96 1412
internal_value=1.18893e-05 0.0423728 -0.0205395 0.0554472 -0.0054244 0.0452595 -0.0282964 0.0216714 0.0239803 0.00607164 0.00470199 -0.00998089 0.0243114 0.018869 -0.0164576 -0.0028877 0.0140336 -0.00948707 0.0705593 0.06374 -0.0124089 0.0513976 0.0171145 -0.0128702 0.041322 -0.0125318 -0.00217249 0.0313683 0.0450673 0.00426932 -0.00217011 0.0752203 -0.00747022 -0.0299302 -0.0252682 0.051498 0.0577876 0.0671896 0.0832894 0.00311451 -0.00127412 -0.0199649 -0.0058638 -0.00925338 0.0199293 0.0785733 0.0653848 0.024818 0.00194949 -0.0174963 0.0809563 0.0472224 -0.00116665 0.0149722 0.0572223 0.025523 -0.00553373 0.0346778 0.0399389 0.0259164 0.0122025 0.0277792 -0.000339913 -0.0129425 0.0117762 -0.00547591 0.0160165 -0.0027277 0.0447573 -0.00138359 -0.00697246 -0.0123391 0.197042 0.0799612 0.066754 -0.0166184 0.0386217 0.00295273 0.0269369 0.0358693 0.0474711 0.0136664 0.0368847 0.00222778 0.0450821 -0.0178781 -0.0306082 -0.0255773 -0.0190066 0.0359736 0.0167954 0.00958074 -0.0072566 -0.0133603 0.0219801 0.0145624 0.00108677 0.0223568 0.0123309 0.0276381 -0.0181716 0.0637259 0.00809591 6.77353e-05 -0.0191044 -0.000854313 0.0276583 0.0218372 0.0038254 0.0166842 0.0643958 0.0784561 0.00931879 -0.016036 -0.00527677 0.0161551 0.0139133 -0.00158407 -0.0241427 0.0303326 -0.0146412 -0.023539 -0.0144655 0.0674872 -0.0072304 -0.0171853
internal_weight=1.17872e+06 385049 793669 235999 269166 140967 524503 149050 31559 131818 14945 42956 138370 78122 137348 62024 69794 11222 95032 38583 23982 109408 58645 93638 16614 10680 11149 60248 15040 24458 30533 56449 43205 481547 61142 10983 40134 11864 1302 38042 25249 16075 18611 16007 49464 40435 6188 2267 9181 50433 34247 9681 17010 2604 5125 53664 25184 44545 20149 5153 3178 42641 15265 26363 12793 2524 10269 11114 14996 21248 5645 4759 77 33255 16014 4371 1679 7907 17315 388 3723 5349 1035 16273 1532 19611 420405 23893 11180 4556 11023 5657 10727 21957 15703 6241 2287 3954 2603 2103 8955 6111 4314 7252 8825 3120 4057 3124 15337 7448 11183 1904 1519 10032 4659 32149 23437 7747 43710 24396 679 1534 14589 15837 3669 4873
internal_count=1178718 385049 793669 235999 269166 140967 524503 149050 31559 131818 14945 42956 138370 78122 137348 62024 69794 11222 95032 38583 23982 109408 58645 93638 16614 10680 11149 60248 15040 24458 30533 56449 43205 481547 61142 10983 40134 11864 1302 38042 25249 16075 18611 16007 49464 40435 6188 2267 9181 50433 34247 9681 17010 2604 5125 53664 25184 44545 20149 5153 3178 42641 15265 26363 12793 2524 10269 11114 14996 21248 5645 4759 77 33255 16014 4371 1679 7907 17315 388 3723 5349 1035 16273 1532 19611 420405 23893 11180 4556 11023 5657 10727 21957 15703 6241 2287 3954 2603 2103 8955 6111 4314 7252 8825 3120 4057 3124 15337 7448 11183 1904 1519 10032 4659 32149 23437 7747 43710 24396 679 1534 14589 15837 3669 4873
is_linear=0
shrinkage=0.03


Tree=2
num_leaves=127
num_cat=0
split_feature=27 27 27 37 8 34 36 37 27 27 31 9 17 7 5 37 3 7 36 27 3 37 31 27 36 5 7 36 1 27 8 8 16 34 3 9 8 27 32 27 27 27 37 16 3 31 9 8 7 26 3 3 9 36 3 7 37 27 27 27 27 27 16 5 27 32 27 34 9 27 27 9 3 3 3 16 37 36 36 27 0 34 0 9 37 3 16 27 3 9 7 27 16 27 27 34 0 8 3 35 16 27 7 3 27 27 10 18 7 31 25 8 0 18 36 7 3 3 5 27 5 5 0 8 9 7
split_gain=950507 145334 56228.1 38270.4 27380.4 24976.4 23368.2 15205.5 13621.7 11759.8 11603.8 10739.5 8813.76 10520.5 7734.02 6773.82 5413.25 5344.29 4980.22 4051.14 4349.07 3959.31 3950.83 3928.63 3674.51 3631.01 3241.39 3086.2 3006.31 2846.04 2546.12 4393.63 2529.93 2395.06 3833.41 5226.12 2980.63 2385.38 2315.89 3005.56 2226.68 2314.79 2118.02 2105.96 2077.95 4875.07 2050.02 2034.48 2327.83 1990.61 1975.28 2145.2 1955.48 1897.46 1890.47 1652.01 1540.93 1512.72 1498.48 1482.57 1458.24 2199.03 4674.78 1429.69 1349.57 2956.83 1727.26 1517.02 1343.42 1326.68 1310.35 1208.63 1206.13 1201.14 1181.25 1159.66 1122.7 1102.31 1099.92 1066.86 1062.86 1058.25 1056.35 1054.48 1040.7 997.751 916.839 984.664 906.857 893.675 1108.02 867.277 853.528 845.07 842.922 842.462 823.381 818.433 1325.16 814.014 789.892 1141.11 783.821 782.703 776.426 1015.21 767.491 764.098 761.083 759.677 740.93 740.304 736.163 736.119 726.709 718.057 674.183 669.561 657.64 656.468 649.793 616.564 611.176 601.264 599.728 599.029
threshold=0.059723770109891598 0.017394576347428647 0.12876491654385921 1.653324433043269 41.500000000000007 0.57852776937170458 0.063014685086042466 1.653324433043269 0.059364923500912763 0.023065816766852546 3.940172035382139 32.500000000000007 1.0000000180025095e-35 5.5000000000000009 3383.5000000000005 11.425903358499502 138.50000000000003 4.5000000000000009 0.065848700393555712 0.0040397150012150594 42.500000000000007 2.0195322795339368 11.735478263972789 0.12919164370855429 0.020514004838428638 4104.5000000000009 13.500000000000002 0.043153271848924028 2.5000000000000004 0.31488174840163413 21.500000000000004 35.500000000000007 1.0000000180025095e-35 1.4725583569209766 140.50000000000003 59.500000000000007 43.500000000000007 0.16403997693638289 1.5093702000281364e-05 0.037060995412595596 0.19264507422402163 0.24532361399425368 1.2630174323853105 1.5000000000000002 127.50000000000001 3.940172035382139 66.500000000000014 46.500000000000007 5.5000000000000009 1.0000000180025095e-35 39.500000000000007 77.500000000000014 64.500000000000014 0.012674507554025627 140.50000000000003 7.5000000000000009 1.6051280437932214 0.1676706827309237 0.023065816766852546 0.0043765384696261419 0.022355104093961693 0.023065816766852546 1.0000000180025095e-35 3358.5000000000005 0.043965352194770067 1.0000000180025095e-35 0.031448058896583746 4.5229126174534757 19.500000000000004 0.12073258417913142 0.031448058896583746 64.500000000000014 126.50000000000001 76.500000000000014 42.500000000000007 1.0000000180025095e-35 0.40768053738648052 0.021191885100983684 0.044281045751633996 0.17892931007053087 116.50000000000001 0.57852776937170458 16.500000000000004 3.5000000000000004 0.96765713673143161 42.500000000000007 1.0000000180025095e-35 0.033161635488878433 12.500000000000002 51.500000000000007 5.5000000000000009 0.33038281723753454 1.0000000180025095e-35 0.010013046234375276 0.045412757030706179 3.7185717015247772 36.500000000000007 49.500000000000007 42.500000000000007 1.0000000180025095e-35 2.5000000000000004 0.20833333333333337 14.500000000000002 42.500000000000007 0.022355104093961693 0.023065816766852546 1.0000000180025095e-35 2.5000000000000004 16.500000000000004 10.490218182320747 -0.70710678118654757 12.500000000000002 191.50000000000003 1.0000000180025095e-35 0.018161111948206101 13.500000000000002 81.500000000000014 74.500000000000014 2384.5000000000005 0.036638934614643119 3214.5000000000005 3936.5000000000005 23.500000000000004 20.500000000000004 75.500000000000014 5.5000000000000009
decision_type=2 2 2 2 2 2 2 2 2 2 2 2 2 2 2 2 2 2 2 2 2 2 2 2 2 2 2 2 2 2 2 2 2 2 2 2 2 2 2 2 2 2 2 2 2 2 2 2 2 2 2 2 2 2 2 2 2 2 2 2 2 2 2 2 2 2 2 2 2 2 2 2 2 2 2 2 2 2 2 2 2 2 2 2 2 2 2 2 2 2 2 2 2 2 2 2 2 2 2 2 2 2 2 2 2 2 2 2 2 2 2 2 2 2 2 2 2 2 2 2 2 2 2 2 2 2
left_child=1 6 4 9 7 22 33 76 14 12 17 32 50 74 27 21 18 37 44 -8 83 28 23 -4 86 38 84 53 80 47 100 -32 54 -1 36 109 63 56 94 97 71 68 -34 85 72 -46 -37 48 -19 -10 -3 110 -31 58 112 69 -7 -33 -5 -22 -55 62 -62 -35 65 118 -67 -68 -42 -18 -45 95 116 93 -14 -63 -2 -59 -65 -39 -12 -72 -49 -21 113 -26 103 -88 -66 102 -91 -81 -51 -61 121 -23 -17 98 -40 -83 101 -25 -20 -11 -27 106 114 124 -95 -36 125 -41 -6 -13 -106 -44 -9 -87 -29 -89 122 -16 -76 -102 -90 -52
right_child=2 3 5 8 11 10 19 16 49 24 15 26 13 -15 25 96 55 29 89 20 59 40 -24 30 43 104 -28 64 -30 52 31 57 42 34 35 46 -38 79 39 111 41 -43 115 70 45 -47 -48 82 -50 92 51 -53 -54 60 -56 -57 -58 77 -60 73 61 75 -64 78 88 66 67 -69 -70 -71 81 -73 -74 -75 120 -77 -78 -79 -80 91 -82 99 -84 -85 -86 117 87 119 107 90 -92 -93 -94 108 -96 -97 -98 -99 -100 -101 123 -103 -104 -105 105 -107 -108 -109 -110 -111 -112 -113 -114 -115 -116 -117 -118 -119 -120 -121 -122 -123 -124 -125 -126 -127
leaf_value=-0.029711340129371225 -0.014611096846447912 -0.013612488862804086 0.08290053466214263 0.12439500184403252 0.010961881045360247 0.035276236005191967 -0.027658263750004117 0.010561558204112247 0.0024773775052652821 -0.020027879261117262 0.01973319782253111 0.057847514193166381 0.041153084285962295 -0.016707653888887571 0.017773047864031218 0.082858896501602664 0.027341775117998658 -0.03110560358218525 0.021479418172363159 -0.021789968374289981 0.054101249530090954 0.08792442554483608 0.074822798537241442 0.029392677722380571 -0.0083855103701059776 -0.022420294396442809 0.010484771959392392 0.004186515693162 0.069542642366233753 0.046667115551550203 -0.024687224336492775 -0.019449221357252796 0.0049662887283172495 -0.021800033220861173 -0.027298390940684852 0.054252135686761918 -0.029618787041943335 0.015775492194500799 0.043935362476568957 0.037542077501851408 0.064428908438433935 0.073607494210522137 0.03226975026031529 -0.021283035277662059 0.032020056266573796 -0.027461537154712133 -0.029295053541097998 0.040971720242774796 0.045098574250754045 -0.022658511055265659 0.06518527630302641 -0.016152734793653385 0.070950740127874778 -0.023183421400836589 0.040299025023997397 0.049734651631867285 0.073942845039284985 0.018179387471486844 -0.026049211205438128 0.0024868367471589377 -0.0056852202450614012 0.010250661821896335 0.064553498932711104 -0.014201522518204814 -0.0040304133430894076 0.091490739051003175 0.041805397235547291 -0.010420738049966845 0.047541235492834268 0.060068564688062064 -0.013965892143178022 0.047978841466357912 0.026869832688320903 -0.021238987975650363 -0.00060300368183064008 -0.0079713349271574151 -0.00027363114318677942 0.039636683593095134 0.011523940641136455 0.056981403090434521 0.045676906543050511 0.0045782977908642546 0.0237460827804486 -0.0077030792943842009 0.063061486262888697 0.008374817531801363 -0.026564834771645625 0.0232213901897796 0.029635717782520467 0.06499308794652911 0.026399766317957672 0.046341558137246802 -0.0051732683169090146 0.018240152130631473 0.035141984819275641 0.045943052283185994 0.032845272127433621 0.05576658760972162 0.11447250159798711 -0.024379642238160474 0.025739111601948764 0.051460970654745385 0.050189798229115457 -0.0078758548253993928 0.085015028119087205 0.0035979304460297635 0.073868902823742658 0.01307721828352822 -0.031134420633316038 0.0040286804777283905 0.016144405009150146 0.0090682134104356476 -0.017519710424618529 0.026582188539201117 -0.018026232053707174 0.04906775542434548 -0.0066035295386592746 -0.008708953555539618 0.014197736475647706 -0.018259708486973884 0.085587179965751117 0.028852588148485393 0.061189373656961553 -0.0097819495620931965 0.013396593434317074 0.010674967858053389
leaf_weight=398749 11061 9987 1018 194 1481 1039 7195 7620 6322 9189 1881 1452 3955 2912 9465 310 16613 368 18641 8031 563 8551 1480 6973 10082 819 1225 19337 4824 46749 2272 794 1948 22672 3144 1566 64414 684 390 1890 14941 21860 5443 12203 1745 4286 318 4560 18375 9547 648 1614 3188 2261 1124 4583 8650 8980 86 13309 2035 4449 1468 4885 1276 463 1997 668 5919 1195 12795 830 3242 1485 159 10710 8847 2835 2156 21958 5814 6125 10775 11823 19365 9062 19898 348 9933 1065 1803 10051 3410 5910 7295 453 6682 2771 622 1019 9571 3023 897 9920 84 4083 353 5750 295 895 1667 1454 1821 1271 231 3954 2822 2674 8502 25777 1032 8653 1533 449 2578 252
leaf_count=398749 11061 9987 1018 194 1481 1039 7195 7620 6322 9189 1881 1452 3955 2912 9465 310 16613 368 18641 8031 563 8551 1480 6973 10082 819 1225 19337 4824 46749 2272 794 1948 22672 3144 1566 64414 684 390 1890 14941 21860 5443 12203 1745 4286 318 4560 18375 9547 648 1614 3188 2261 1124 4583 8650 8980 86 13309 2035 4449 1468 4885 1276 463 1997 668 5919 1195 12795 830 3242 1485 159 10710 8847 2835 2156 21958 5814 6125 10775 11823 19365 9062 19898 348 9933 1065 1803 10051 3410 5910 7295 453 6682 2771 622 1019 9571 3023 897 9920 84 4083 353 5750 295 895 1667 1454 1821 1271 231 3954 2822 2674 8502 25777 1032 8653 1533 449 2578 252
internal_value=1.15332e-05 -0.0178296 0.04069 9.63641e-05 0.0242911 0.0492772 -0.026735 0.0146799 0.0119348 -0.0106022 0.0535149 0.0450509 0.00866895 0.030877 0.0160179 0.0631219 0.0217527 0.0480375 0.0154167 -0.0068799 -0.00327018 0.0661368 0.0267869 0.0248075 -0.0144468 0.0269386 0.0579852 0.0102139 0.0509751 0.0436561 0.0231128 0.0137147 0.0259311 -0.02867 -0.02452 -0.00111049 -0.025993 0.0567228 0.0307698 0.0458826 0.0697485 0.0667858 0.0334361 -0.00865732 0.00441952 -0.0102512 0.0401502 0.0369721 0.0436024 -0.0113232 -0.00636474 0.0109477 0.0482174 0.000608498 0.00669391 0.0336718 0.0697964 0.0206343 0.0781871 0.00605839 -0.00042969 0.00232704 0.0237497 -0.0181328 0.0142465 0.0103513 0.0380066 0.0287146 0.0596371 0.0295379 -0.0135403 0.0826191 0.0108854 0.00477033 0.0516236 -0.00262338 -0.00823961 0.023328 -0.00632422 0.0528482 0.0393351 -0.00880156 0.0288683 -0.0134013 0.0606196 -0.00146383 -0.0192432 -0.0215368 0.0204207 0.025093 0.040731 0.0536404 -0.0180568 0.00674961 0.0265315 0.0858123 0.0350627 0.0641993 0.0872892 0.000447819 0.0300999 0.0360666 0.0227975 -0.0137194 0.00455674 0.00920717 0.0434924 0.0221292 0.0158928 -0.0203566 0.0279871 0.0251614 -0.00474526 0.043254 0.00945144 0.0393379 0.00592261 0.00448235 0.00724393 -0.0177072 0.0668258 0.0230645 0.0553826 0.0241474 0.0262895 0.0499224
internal_weight=1.17872e+06 819357 359361 271947 123504 235857 547410 84420 129096 142851 198462 39084 23759 9591 109817 72065 64512 126397 42121 48611 41416 65073 37395 35915 119092 38110 23313 71707 12519 84015 34897 14881 15771 498799 100050 5923 94127 42382 32540 7127 52554 42720 11345 53960 19715 6031 1884 34078 18743 19279 14168 4181 49937 21203 4426 22391 9689 12609 280 21562 20923 18662 3503 29713 50504 30967 3128 2665 20860 17808 32142 9834 13684 20999 6679 15159 19908 11815 7041 32693 7695 19939 15335 19854 22088 21818 65132 46023 19537 22406 2868 32009 12957 19514 25413 9004 6992 3783 1012 7144 20016 9996 19538 19109 5570 4751 668 18261 6205 4039 2567 3344 3302 2723 315 9397 10442 11736 27839 26125 2724 18118 1692 10020 12511 900
internal_count=1178718 819357 359361 271947 123504 235857 547410 84420 129096 142851 198462 39084 23759 9591 109817 72065 64512 126397 42121 48611 41416 65073 37395 35915 119092 38110 23313 71707 12519 84015 34897 14881 15771 498799 100050 5923 94127 42382 32540 7127 52554 42720 11345 53960 19715 6031 1884 34078 18743 19279 14168 4181 49937 21203 4426 22391 9689 12609 280 21562 20923 18662 3503 29713 50504 30967 3128 2665 20860 17808 32142 9834 13684 20999 6679 15159 19908 11815 7041 32693 7695 19939 15335 19854 22088 21818 65132 46023 19537 22406 2868 32009 12957 19514 25413 9004 6992 3783 1012 7144 20016 9996 19538 19109 5570 4751 668 18261 6205 4039 2567 3344 3302 2723 315 9397 10442 11736 27839 26125 2724 18118 1692 10020 12511 900
is_linear=0
shrinkage=0.03


Tree=3
num_leaves=127
num_cat=0
split_feature=28 28 28 33 28 34 33 36 13 27 28 28 33 31 33 27 33 27 3 37 28 26 33 27 27 16 3 28 8 5 27 31 28 37 30 16 36 31 1 3 28 34 5 27 3 28 37 5 18 3 3 36 3 3 5 3 28 36 13 8 34 36 18 0 28 27 3 25 27 27 27 2 13 3 34 3 0 33 18 3 3 34 3 26 16 18 5 0 3 3 3 3 37 28 33 5 2 30 15 6 33 3 32 0 3 28 18 33 36 0 3 18 28 5 28 27 34 16 0 27 3 37 5 25 8 27
split_gain=1.01179e+06 102304 91284.2 37147.4 35963.6 18139.1 13273.7 12869.8 10476.3 9490.78 8957.75 5703.2 5303.07 7816.02 3834.5 3671.06 4443.47 3508.22 3165.77 3010.47 2967.95 2961.05 2842.83 2817.19 2557.9 2540.89 2402.98 2202.35 2057.83 1769.49 1754.95 1736.96 1716.88 1711.02 1692.23 1653.89 1553.23 1533.47 1346.99 1296.4 1282.77 1388.71 1277.59 1257.69 1229.15 1223.27 1204.95 1196.8 1171.21 1077.13 1073.47 1072.04 1067.28 1037.8 1033.61 1720.46 1466.92 1096.75 1044.69 1477.44 1021.77 963.954 946.226 895.16 877.719 877.358 891.6 872.363 860.694 854.7 816.081 804.283 753.698 751.668 749.067 748.126 739.712 701.189 691.555 689.274 684.559 791.935 678.616 677.253 676.939 664.247 644.431 632.613 627.777 1422.38 1181.95 627.193 624.93 905.482 675.549 621.598 591.136 587.104 567.605 545.301 527.469 519.651 518.001 515.29 507.481 504.67 602.017 559.822 503.021 500.264 496.54 492.651 458.714 450.254 449.044 446.349 443.097 440.834 439.5 432.074 427.419 426.127 424.692 422.747 421.583 421.205
threshold=1.1219645237111375 3.1162206090240665 0.19213007371465898 0.040011435105774734 9.8717944032260636 1.4676774517475548 0.015090980603225208 0.063014685086042466 1.0000000180025095e-35 0.099375729063849991 0.51785501459197014 0.052310143307246676 0.064279935275080927 1.1240604527534923 0.014562065081279062 0.01186526339151811 0.052765155592741718 0.033161635488878433 42.500000000000007 1.9084419402385009 16.4758353209752 1.0000000180025095e-35 0.0082937579318871097 0.059085600481039259 0.014973846545325393 2.5000000000000004 138.50000000000003 5.5636679508846436 51.500000000000007 3387.5000000000005 0.036311245721003936 1.5457092136233983 0.32576379352812346 0.23821805405295035 0.067274736675500726 5.5000000000000009 0.0091432307296578936 1.5457092136233983 17.000000000000004 81.500000000000014 0.11215773106761434 0.59052502632849191 2384.5000000000005 0.12876491654385921 28.500000000000004 84.027302325581402 39.552931979225654 3373.5000000000005 3.5000000000000004 30.500000000000004 42.500000000000007 0.022595411587304565 74.500000000000014 42.500000000000007 3383.5000000000005 138.50000000000003 2.5557908564165062 0.065848700393555712 3.5000000000000004 48.500000000000007 0.23311672308941855 0.082711815195891644 1.0000000180025095e-35 39.500000000000007 1.8214601285526555 0.010013046234375276 140.50000000000003 0.25881904510252057 0.049751265945630792 0.20833333333333337 0.12294618983195997 1.0000000180025095e-35 1.0000000180025095e-35 42.500000000000007 1.9057618361605384 137.50000000000003 10.500000000000002 0.03579804002230625 1.5000000000000002 26.500000000000004 138.50000000000003 1.9447223099069839 3.5000000000000004 2.5000000000000004 1.5000000000000002 1.0000000180025095e-35 4104.5000000000009 5.5000000000000009 127.50000000000001 126.50000000000001 139.50000000000003 12.500000000000002 2.102991367849492 0.070847127856879105 0.040011435105774734 3992.0000000000005 1.0000000180025095e-35 0.089924833967084825 1.5000000000000002 1821.5000000000002 0.0069700888316244223 150.50000000000003 1.5093702000281364e-05 128.50000000000003 117.50000000000001 1.2619127940524837 2.5000000000000004 0.11144335091509766 0.02544276580093929 107.50000000000001 26.500000000000004 4.5000000000000009 22.445611888829731 347.50000000000006 0.94489103413968012 0.019670872007458779 8.7563879495090848 1.0000000180025095e-35 138.50000000000003 0.043965352194770067 144.50000000000003 3.0165480412690253 1656.5000000000002 -0.5 52.500000000000007 0.010013046234375276
decision_type=2 2 2 2 2 2 2 2 2 2 2 2 2 2 2 2 2 2 2 2 2 2 2 2 2 2 2 2 2 2 2 2 2 2 2 2 2 2 2 2 2 2 2 2 2 2 2 2 2 2 2 2 2 2 2 2 2 2 2 2 2 2 2 2 2 2 2 2 2 2 2 2 2 2 2 2 2 2 2 2 2 2 2 2 2 2 2 2 2 2 2 2 2 2 2 2 2 2 2 2 2 2 2 2 2 2 2 2 2 2 2 2 2 2 2 2 2 2 2 2 2 2 2 2 2 2
left_child=2 6 7 14 5 8 28 40 9 18 21 -9 13 19 117 48 34 63 77 62 22 65 -6 29 -14 32 50 -10 121 61 -27 42 -16 118 73 43 37 -35 74 76 92 -42 -13 46 113 69 104 110 75 -38 71 -51 85 -44 55 57 -57 58 59 -26 -15 80 120 84 -56 66 -5 -48 108 -45 116 123 -52 -17 -19 -12 -20 100 -21 -33 81 -23 -63 -78 -7 103 114 -70 89 -67 -90 -43 -1 -94 -95 -31 -77 -28 -65 -11 -3 -75 -72 -46 -22 106 -59 -107 -62 -102 115 124 -71 -34 -49 -18 -37 -4 -29 -119 -8 -2 -122 -25 -112 -82
right_child=1 4 3 10 20 17 12 11 27 99 15 31 24 60 25 16 47 38 39 78 35 23 -24 26 54 30 97 33 -30 95 -32 79 44 36 -36 70 49 -39 -40 -41 41 91 53 45 52 -47 67 86 -50 51 72 -53 -54 -55 64 56 -58 105 -60 -61 68 82 -64 98 -66 88 -68 -69 87 112 102 -73 -74 101 -76 96 83 -79 -80 -81 125 -83 -84 -85 -86 -87 -88 -89 90 -91 -92 -93 93 94 -96 -97 -98 -99 -100 -101 109 -103 -104 -105 -106 107 -108 -109 -110 -111 111 -113 -114 -115 -116 -117 -118 119 -120 -121 122 -123 -124 -125 -126 -127
leaf_value=-0.029103427587929012 -0.015832937979381966 0.029912249241302261 -0.018540016546863807 -0.023885918047855313 0.01410807089171511 -0.019766693881579808 0.0039349378183881215 -0.02755841754148387 0.0051823870019186667 0.03784472935964811 -0.021560651290543336 -0.012611501212496424 -0.0078762729763423439 0.012703509463422654 -0.024421120030097006 -0.018866209157012967 -0.028352170552633987 0.054330858921514763 -0.028725778934906937 0.022172639287001028 0.063125365082433521 -0.024054448847010391 0.06149880207632924 -0.022171921191707161 0.026000691503940233 -0.022197799178469733 -0.014744510576540592 0.016884310560658762 0.040047310572807436 0.015155037620653919 -0.011301897605359322 0.0011172080644419496 0.0013643146808276234 0.0077763781957161269 0.013625292194185698 0.023867553621530532 0.033878733123602754 0.094193818389098877 0.055056113836614795 -0.013182693185597441 -0.027253548629245779 -0.026320277752107529 -0.0097937968016043112 0.081565478938403491 0.0033465964193898647 0.10795928643966236 0.29132235698182796 0.023872851066159936 0.030059828208215855 0.069951130882476037 -0.02599984975736749 0.042178429800545869 -0.012390231769412197 0.0061948447318013857 0.032330441185820083 0.028900489398011483 0.045907788496454639 0.02548106735397173 0.026072976598088275 -0.018983407840388895 0.033555933599456203 -0.020811653712783026 -0.0064143853460229107 0.097505994952586758 0.047536319059483106 0.0067331677188820363 0.048776158355176444 0.0966286071741356 0.039388014609772551 0.062509016288082295 0.060923238650590822 0.042448878820453367 -0.008212381773193677 0.0029676121548874732 0.04511270536605181 -0.030597023963928223 0.050360250260731945 0.046025404173594249 0.0083803259295829342 0.052689786107923069 0.038963696382173861 -0.0065120728396972057 0.0072259836976246378 -0.0028898503715426077 0.10637790311466563 -0.0059354264454971562 0.0066643732198935915 0.027217034063939442 -0.022060893027719089 0.029660769389702541 0.018489117694456846 -0.013326946147042516 -0.029443223368315563 -0.026581302513962998 -0.011406533813555397 -0.0070150411745362158 0.058092807800636678 0.046025060183132724 0.065972573877342275 0.061993293169428143 -0.0063537158163638726 -0.029967544096991542 0.077312822095911227 0.017505403302137599 0.035703369995975898 0.032940629476739557 0.0059835685955941407 0.014154768290876654 0.0017594202643673807 -0.023266562040006104 0.020795408711936379 0.0096488327868958137 0.073571124812231145 -0.012514166076709984 0.035317506195161538 0.0086586846148996657 0.067214672404366557 -0.027484326911023968 0.036728735436884478 -0.020471490972312736 -0.00944972050213015 0.038026052426491208 0.031516079997109744 -0.0022993266875950655 0.0091370268576036681 -0.00048129121189141089
leaf_weight=396512 9898 201 13633 1306 1175 126 6246 12423 1574 2092 3813 10770 1593 4677 4764 3758 316 8805 147 9134 5984 4018 37408 1433 1054 28586 181 2228 648 6703 24886 355 2404 223 4675 750 4556 1079 17844 685 34844 4566 5558 11749 7446 1040 34 14098 514 2168 10410 2957 4894 10664 10501 13854 6807 4682 2068 1745 602 899 11515 1660 5064 14446 172 53 4343 4074 10069 294 2700 3949 80174 103 1314 156 5098 680 321 5468 5722 257 55 4535 1627 33420 1543 2929 1114 12488 13023 4519 6351 1371 197 683 744 1408 2065 484 2097 3356 676 9139 2049 1692 1748 6620 18364 6578 19627 16851 3950 4076 296 21645 1829 12458 291 134 1048 2940 3292 1011
leaf_count=396512 9898 201 13633 1306 1175 126 6246 12423 1574 2092 3813 10770 1593 4677 4764 3758 316 8805 147 9134 5984 4018 37408 1433 1054 28586 181 2228 648 6703 24886 355 2404 223 4675 750 4556 1079 17844 685 34844 4566 5558 11749 7446 1040 34 14098 514 2168 10410 2957 4894 10664 10501 13854 6807 4682 2068 1745 602 899 11515 1660 5064 14446 172 53 4343 4074 10069 294 2700 3949 80174 103 1314 156 5098 680 321 5468 5722 257 55 4535 1627 33420 1543 2929 1114 12488 13023 4519 6351 1371 197 683 744 1408 2065 484 2097 3356 676 9139 2049 1692 1748 6620 18364 6578 19627 16851 3950 4076 296 21645 1829 12458 291 134 1048 2940 3292 1011
internal_value=1.11863e-05 0.0399159 -0.0193486 -0.00560294 0.052205 0.0425894 0.0204578 -0.0268793 0.0225524 0.00432806 0.00570188 -0.0106386 0.022945 0.0177874 -0.0161306 0.0131848 0.0150182 0.0483692 -0.00889252 0.00678755 0.0664683 -0.00225172 0.0600556 -0.00669819 0.0296328 -0.0127262 -0.0155634 0.038946 -0.0117667 -0.00022083 -0.0171268 -0.00313884 -0.00740851 0.0424795 -0.000776167 0.0708515 0.0486294 0.0793927 0.0475335 0.0217136 -0.0282702 -0.0238203 -0.00460129 0.07369 -0.00535594 0.0758902 0.061791 0.0189036 -0.0126361 0.044492 -0.017938 0.053927 -0.000192183 0.000716798 0.0306515 0.028258 0.0345037 0.0225046 0.00990294 -0.00204406 0.0259733 -0.00559669 -0.000995028 0.0829028 0.0372776 0.00687565 -0.01543 0.172716 0.0275205 0.0749494 0.061562 -0.00558226 -0.0223365 -0.00899578 0.0460249 -0.0179718 0.0356275 -0.0170264 0.0172321 0.0350006 -0.0111146 -0.0139425 0.00341903 0.0416491 0.0185645 0.00370018 0.0247475 0.0286168 0.0085214 0.0105982 -0.0050595 -0.0168058 -0.0288195 -0.0241076 -0.0177152 0.0113905 0.0276426 0.0332944 0.0877469 0.0475594 -0.0181333 -0.000628286 0.0637482 0.0077455 0.060342 0.0259969 0.0195458 0.0300059 0.00990474 -0.0192453 0.0153794 0.0168391 0.0716696 -0.0107814 0.0263776 0.00599579 0.036134 -0.0230997 0.0258307 -0.0249225 0.00723225 -0.0151135 0.0226131 -0.00881143 0.0190232 0.0090246
internal_weight=1.17872e+06 385049 793669 280916 235999 140967 149050 512753 31559 14945 135458 40450 138370 78122 145458 69794 65167 109408 11445 33332 95032 65664 38583 44154 60248 97722 18641 16614 10680 25513 53472 28027 44250 15040 12866 56449 10983 1302 106823 2403 472303 51898 26992 43237 39486 36490 6747 52301 4627 9681 17777 5125 20231 16222 58655 43090 20661 22429 4867 2799 44790 17439 19100 2585 15565 21510 1478 87 40113 35450 13212 4667 13110 8191 88979 4113 1718 9042 14232 1035 10818 9486 6621 1571 181 15337 19675 37763 20032 17375 2657 17054 420405 23893 10870 8074 300 864 2404 3500 8886 4433 12166 10802 6660 17562 6731 10831 2350 8685 32626 28234 23701 19255 18048 4392 1046 47736 4057 34103 7585 10032 1339 4373 21656 1332
internal_count=1178718 385049 793669 280916 235999 140967 149050 512753 31559 14945 135458 40450 138370 78122 145458 69794 65167 109408 11445 33332 95032 65664 38583 44154 60248 97722 18641 16614 10680 25513 53472 28027 44250 15040 12866 56449 10983 1302 106823 2403 472303 51898 26992 43237 39486 36490 6747 52301 4627 9681 17777 5125 20231 16222 58655 43090 20661 22429 4867 2799 44790 17439 19100 2585 15565 21510 1478 87 40113 35450 13212 4667 13110 8191 88979 4113 1718 9042 14232 1035 10818 9486 6621 1571 181 15337 19675 37763 20032 17375 2657 17054 420405 23893 10870 8074 300 864 2404 3500 8886 4433 12166 10802 6660 17562 6731 10831 2350 8685 32626 28234 23701 19255 18048 4392 1046 47736 4057 34103 7585 10032 1339 4373 21656 1332
is_linear=0
shrinkage=0.03


Tree=4
num_leaves=127
num_cat=0
split_feature=28 28 28 33 28 34 33 13 27 28 33 33 31 33 34 30 27 33 9 27 3 28 37 28 33 14 13 27 28 28 3 8 9 3 27 37 27 16 3 34 7 3 3 3 33 27 31 28 3 7 27 37 27 18 33 3 34 32 28 16 3 7 8 3 28 18 27 3 18 27 27 37 33 3 3 14 3 18 16 33 3 3 17 33 34 7 27 28 34 37 9 2 33 37 14 27 3 33 27 1 28 3 17 33 27 34 12 3 24 37 28 3 30 7 26 28 28 16 37 27 3 16 18 27 3 9
split_gain=951995 96258.1 85889.3 34952 33838.1 17067.1 12489.2 9857.12 8929.88 8428.35 8169.1 4989.66 7354.09 3607.88 3596.81 4953.4 3454.1 4180.86 3403.56 3300.88 2978.68 2977.02 2832.55 2792.54 2674.82 2581.36 2478.27 2406.72 2072.19 2037.25 1998.4 1936.22 1741.16 1633.53 3189.63 1609.9 1590.52 1562.12 1517.4 1476.24 1467.83 1413.89 3453.07 1816.53 1374.42 1373.09 1332.89 1240.93 1219.78 1210.29 1125.79 1288.98 1117.82 1101.99 1032.55 1031.91 961.38 953.042 944.817 1635.29 2140.1 2252.75 1264.09 899.692 893.656 890.304 888.948 870.807 1105.09 809.827 805.84 772.007 736.311 722.935 703.912 701.889 676.063 670.687 662.878 659.749 657.852 1516.13 657.257 649.501 783.747 648.119 592.834 591.101 575.198 638.13 557.119 556.2 542.47 534.371 529.203 527.611 510.226 496.295 492.153 481.812 481.491 480.619 458.644 463.569 489.434 456.406 454.097 451.057 448.664 439.835 438.724 436.945 433.993 432.345 428.85 425.715 425.673 423.114 421.884 416.159 415.024 414.781 412.878 406.538 402.159 449.614
threshold=1.1219645237111375 3.1162206090240665 0.19213007371465898 0.040011435105774734 9.8717944032260636 1.4676774517475548 0.015090980603225208 1.0000000180025095e-35 0.099375729063849991 0.51785501459197014 0.07228366443559954 0.064279935275080927 1.1240604527534923 0.014562065081279062 1.510534454572019 0.016699666722132522 0.01186526339151811 0.052765155592741718 59.500000000000007 0.033161635488878433 42.500000000000007 0.047955041778041364 1.9084419402385009 16.4758353209752 0.0082937579318871097 0.8375623720940929 1.0000000180025095e-35 0.014973846545325393 5.5636679508846436 0.32576379352812346 42.500000000000007 51.500000000000007 62.500000000000007 138.50000000000003 0.0014827189222141278 0.23821805405295035 0.0010467403708775711 4.5000000000000009 27.500000000000004 1.9057618361605384 3.5000000000000004 127.50000000000001 138.50000000000003 27.500000000000004 0.0082937579318871097 0.036311245721003936 1.5457092136233983 0.052310143307246676 81.500000000000014 14.500000000000002 0.12876491654385921 39.552931979225654 0.20833333333333337 3.5000000000000004 0.048040678060612831 30.500000000000004 0.23311672308941855 1.5093702000281364e-05 1.7840888116925042 1.0000000180025095e-35 138.50000000000003 13.500000000000002 49.500000000000007 42.500000000000007 8.8358794293418814 1.0000000180025095e-35 0.26236929631303624 28.500000000000004 1.0000000180025095e-35 0.049751265945630792 0.036311245721003936 0.4012440438131652 0.11144335091509766 74.500000000000014 137.50000000000003 0.019253938832252088 115.50000000000001 10.500000000000002 2.5000000000000004 0.03579804002230625 126.50000000000001 79.500000000000014 7.5000000000000009 0.021804550123690914 0.19442265082865268 6.5000000000000009 0.090389262019821462 0.667664440766223 8.7563879495090848 2.9667617155512134 21.500000000000004 1.0000000180025095e-35 0.077160011493847283 10.895242786555082 0.98695528702574487 0.11273803284416493 42.500000000000007 0.0069700888316244223 0.029753306623641031 753.50000000000011 9.0737364846598432 26.500000000000004 2.5000000000000004 0.013360107095046857 0.099375729063849991 8.3800633062594017 0.013712060166532368 -1.0000000180025095e-35 -1.0000000180025095e-35 3.738972316749742 1.395567352106527 117.50000000000001 0.067274736675500726 14.500000000000002 1.0000000180025095e-35 84.027302325581402 0.11215773106761434 6.5000000000000009 2.0031204557921587 0.027874385876238052 26.500000000000004 1.0000000180025095e-35 1.5000000000000002 0.043965352194770067 144.50000000000003 43.500000000000007
decision_type=2 2 2 2 2 2 2 2 2 2 2 2 2 2 2 2 2 2 2 2 2 2 2 2 2 2 2 2 2 2 2 2 2 2 2 2 2 2 2 2 2 2 2 2 2 2 2 2 2 2 2 2 2 2 2 2 2 2 2 2 2 2 2 2 2 2 2 2 2 2 2 2 2 2 2 2 2 2 2 2 2 2 2 2 2 2 2 2 2 2 2 2 2 2 2 2 2 2 2 2 2 2 2 2 2 2 2 2 2 2 2 2 2 2 2 2 2 2 2 2 2 2 2 2 2 2
left_child=2 6 10 13 5 7 31 8 20 18 14 12 22 121 116 30 53 32 39 88 79 -12 65 24 -6 29 38 -13 -9 -15 -16 106 112 -17 36 102 -35 50 -20 -5 66 43 98 113 45 -37 -23 -32 83 -44 51 111 93 74 -49 82 -14 63 77 60 61 72 -61 92 -57 124 100 87 73 -58 -27 107 -60 119 -11 109 85 95 -24 97 81 -45 -46 84 -22 114 -73 -31 89 117 -59 -76 -19 -52 110 -29 -53 -3 -43 -10 -21 -34 103 104 -30 -102 -2 -39 -82 -48 -67 -25 -18 -41 -28 -54 -1 -7 -64 -69 -99 -4 -94 -123 -8 -126
right_child=1 4 3 9 23 19 11 28 99 16 21 27 56 25 15 33 17 57 26 40 48 46 78 37 -26 70 76 58 35 67 47 -33 101 34 -36 44 -38 71 -40 41 -42 42 49 80 55 -47 75 54 -50 -51 52 96 115 -55 -56 64 69 90 59 62 -62 -63 118 -65 -66 94 -68 68 -70 -71 -72 86 -74 -75 91 -77 -78 -79 -80 -81 108 -83 -84 -85 -86 -87 -88 -89 -90 -91 -92 -93 122 -95 -96 -97 -98 120 -100 -101 105 -103 -104 -105 -106 -107 -108 -109 -110 -111 -112 -113 -114 -115 -116 -117 -118 -119 -120 -121 -122 123 -124 -125 125 -127
leaf_value=-0.028450195252427032 -0.0062547118331585825 0.029014881920458663 -0.017983815957497842 -0.019353771679746501 0.01368482960944443 0.075285222318397099 0.0038168895277062723 0.0050269155226957893 0.036979263719731946 -0.02091383188589235 -0.026958093095082004 -0.0076399845639752361 0.012322403564307667 -0.024496952082097623 -0.020677888087006532 -0.028357083515565117 -0.00033523489550762797 0.0020646255137487493 -0.003720725571485806 0.054992902004424804 0.0020151837504639915 5.1493849466240625e-05 0.023115472538073792 0.061461297456822127 0.059653837467618639 -0.022198642200168841 0.011318275643416529 0.02963494546885553 -0.0029322585308388487 -0.013224858676467026 -0.023930861461356333 0.038845891773148816 -0.027219584460549721 -0.029459319498615334 -0.025535532965166551 0.091240782662079883 0.052322343345524075 0.11187011252089245 -0.02364649140965731 -0.0036305087419530799 0.043518440690170489 0.0089241405695904309 0.0050403587483403654 0.014515381121910387 0.035303182374934239 0.010808456180951534 -0.0054848683780263962 -0.012866891395601895 -0.012787212792974317 0.043574917686735083 0.079846643527964251 0.094151387635399306 0.069639457798381599 0.029158033459132052 0.0012695532931983737 0.039886444901175253 0.0096075977022977571 0.032123060252018845 0.033255357615195436 0.032363631889805303 0.043169940404064716 -0.018171587991996366 0.058103969409824367 0.018668224163887165 0.064906392404519564 -0.0086611592325424175 0.045086468025018603 0.011185243944095915 -0.0092286618158285948 0.027758275879561485 -0.013318141024426969 -0.034763232783267366 -0.0017185481673069613 -0.0092434481446879314 -0.029679114818572997 0.054967707364365105 0.03080991991729955 0.013315150492621667 0.010165650644957612 0.044644640661202939 -0.031277882387815426 -0.010776364139699811 -0.022127294694596431 0.0022331093527129479 0.057721469512956584 -0.024295259661441224 0.062163386801924431 -0.0031329054694607043 0.052681750166282224 0.10062374439323321 0.018259204278718719 0.056350023649670747 0.024078166839182021 0.10575235292373766 -0.015814303741961178 0.019093988052809364 0.24888472356579516 -0.011349468096828755 -0.026137791150396841 0.059668055458031277 0.049509800190925594 -0.007072952671756381 0.043513194209988858 0.030785886451880504 0.03503045435502844 -0.036007616800420424 -0.019506808523749971 0.0063646129044616162 0.027599520568032554 0.095841841170954151 0.0054523481418230066 0.035717704061991033 0.013216534123970393 0.035786644345591506 -0.0036170370996897513 0.10692977366428222 -0.025213945779051634 0.012446834513571408 0.043042438425858517 -0.0007610554062656129 -0.024544523566418387 -0.026659796965218776 0.0038179147075089398 -0.019857347263418722 -0.011721379446519657 0.030913947794140143
leaf_weight=345043 3669 201 13633 2456 1175 658 6246 1574 2088 3813 3925 1593 4677 6380 22040 62777 3902 5512 4900 22754 294 10262 7198 5579 37408 21986 3005 23291 1095 19076 3676 648 1977 281 2954 1040 898 41 11541 9810 69274 393 2738 13805 4382 234 373 8233 685 1002 10912 34 22156 514 10686 2539 2350 6226 2329 11928 2703 1681 2510 32168 2601 4144 14568 6810 12804 37763 15809 57 706 3394 103 645 681 3249 7034 156 121 2523 187 422 1002 901 15586 7193 534 1280 4490 197 2479 767 3571 5234 44 3868 4331 1412 125 2312 933 1605 424 102 6363 330 3121 43 3800 664 4675 257 4079 279 40917 113 5024 4270 4817 21645 1426 12458 282 1057
leaf_count=345043 3669 201 13633 2456 1175 658 6246 1574 2088 3813 3925 1593 4677 6380 22040 62777 3902 5512 4900 22754 294 10262 7198 5579 37408 21986 3005 23291 1095 19076 3676 648 1977 281 2954 1040 898 41 11541 9810 69274 393 2738 13805 4382 234 373 8233 685 1002 10912 34 22156 514 10686 2539 2350 6226 2329 11928 2703 1681 2510 32168 2601 4144 14568 6810 12804 37763 15809 57 706 3394 103 645 681 3249 7034 156 121 2523 187 422 1002 901 15586 7193 534 1280 4490 197 2479 767 3571 5234 44 3868 4331 1412 125 2312 933 1605 424 102 6363 330 3121 43 3800 664 4675 257 4079 279 40917 113 5024 4270 4817 21645 1426 12458 282 1057
internal_value=1.08511e-05 0.0387184 -0.0187681 -0.00543485 0.0506388 0.0413118 0.0198441 0.0218758 0.00419822 0.00553083 -0.0260729 0.0222567 0.0172538 -0.0156467 -0.0267358 -0.0219909 0.0127893 0.0145676 -0.00218417 0.0469181 -0.00862574 -0.00444337 0.00658393 0.0644743 0.0582539 -0.0123444 -0.010865 0.0287438 0.0377776 -0.00847226 -0.0142506 -0.0114137 -0.000752882 -0.0271543 -0.00888569 0.0412051 0.0328307 0.0687259 -0.0177079 0.00318972 0.0461075 0.00464288 -0.0061712 0.00773126 0.0471705 0.0764675 0.00336112 -0.00798126 0.0210622 0.0153643 0.0718666 0.0602375 0.0740213 -0.012257 -0.00488222 0.0433262 0.0251941 0.0183365 0.0297319 0.0338715 0.0218871 0.00968872 0.03844 0.0162807 0.0525473 -0.000965178 0.050884 -0.00656296 -0.00280865 0.0266949 -0.0184841 0.0607958 0.0251197 0.00287063 -0.0174326 0.0353718 0.00211736 0.0262298 0.0167152 -0.0165156 0.0130582 0.0106073 0.0329527 0.0345586 0.0450844 -0.000329681 0.0618102 -0.0104615 0.0804157 0.0876365 0.0263141 0.0268134 0.00812513 0.081548 -0.00622195 0.0277008 0.181437 -0.0175893 -0.0232209 0.0461326 0.0545592 -0.0163595 0.0250558 0.0195434 0.00766431 0.0110835 -0.0146601 0.0180243 0.0254021 0.00498881 -0.00190999 0.0587232 0.00705132 -0.00262423 0.00271845 0.0701032 -0.0281071 0.0660754 0.0480603 0.00658139 -0.0186679 -0.0224067 0.0166797 -0.0241748 0.00701528 0.0219347
internal_weight=1.17872e+06 385049 793669 280916 235999 140967 149050 31559 14945 135458 512753 138370 78122 145458 497505 111545 69794 65167 65664 109408 11445 15248 33332 95032 38583 97722 25107 60248 16614 59927 44635 10680 12866 66910 4133 15040 1179 56449 16441 40557 106823 38101 8464 29637 10983 1274 11323 22595 2403 3740 40435 6321 34114 4627 18919 9709 44790 52301 58655 26881 7419 4716 19462 41585 5140 19100 37549 53547 27278 40113 37795 16014 3035 14474 4113 1061 8666 31774 14232 9042 19570 16328 4569 1718 1296 7985 15643 26269 2585 2051 10716 300 9417 11679 11515 28525 78 8886 4724 3500 22981 4289 4057 3124 1519 227 10032 371 3242 416 7944 6243 8577 10067 7084 22435 385960 771 7534 11080 8685 47736 3905 34103 7585 1339
internal_count=1178718 385049 793669 280916 235999 140967 149050 31559 14945 135458 512753 138370 78122 145458 497505 111545 69794 65167 65664 109408 11445 15248 33332 95032 38583 97722 25107 60248 16614 59927 44635 10680 12866 66910 4133 15040 1179 56449 16441 40557 106823 38101 8464 29637 10983 1274 11323 22595 2403 3740 40435 6321 34114 4627 18919 9709 44790 52301 58655 26881 7419 4716 19462 41585 5140 19100 37549 53547 27278 40113 37795 16014 3035 14474 4113 1061 8666 31774 14232 9042 19570 16328 4569 1718 1296 7985 15643 26269 2585 2051 10716 300 9417 11679 11515 28525 78 8886 4724 3500 22981 4289 4057 3124 1519 227 10032 371 3242 416 7944 6243 8577 10067 7084 22435 385960 771 7534 11080 8685 47736 3905 34103 7585 1339
is_linear=0
shrinkage=0.03


Tree=5
num_leaves=127
num_cat=0
split_feature=28 28 28 33 34 28 28 33 33 34 30 16 28 28 31 33 16 3 28 26 28 28 32 33 34 18 3 8 3 1 3 28 5 28 34 28 37 37 33 8 28 5 32 16 28 8 8 3 17 3 37 34 34 0 17 8 5 33 16 31 31 4 5 37 3 28 28 34 25 28 30 34 8 3 7 6 6 3 3 16 6 8 5 33 28 0 28 26 3 18 33 28 31 3 8 16 3 5 1 6 17 1 16 3 37 33 6 34 37 33 3 31 10 34 16 4 33 16 5 3 3 28 0 5 28 28
split_gain=892990 110579 67870.3 41848.5 25412.2 13355.9 13323.8 9010.83 4072.22 4030.5 4476.81 4028.86 7041.8 6659.2 5166.35 3548.16 3349.96 3125.19 3033.67 2745.08 2699.33 2413.29 2328.72 2279.78 2256.65 2377.05 2213.74 2013.18 1966.23 2565.52 1959.24 1912.84 1886.55 1690.58 1680.94 1626.54 1467.1 1446.52 1430.66 1418.71 1337.09 1299.9 1222.67 1194.87 1155.59 1141.54 1133.59 1089.49 1036.8 993.211 977.142 962.911 979.189 897.39 880.226 873.122 867.011 821.667 957.974 1210.8 1108.48 804.755 803.537 782.11 774.519 774.293 764.357 1217.96 924.863 823.915 758.97 753.945 740.064 733.056 1270.64 732.973 729.571 842.852 1439.65 748.066 715.504 714.434 712.514 708.731 696.332 681.9 681.254 679.074 669.204 663.58 660.859 652.804 644.762 643.679 640.247 633.801 632.454 629.968 629.31 758.909 624.953 601.893 593.485 592.575 587.911 584.015 676.065 582.57 578.28 565.482 548.78 538.302 535.477 531.377 522.389 520.416 514.977 512.553 494.23 489.839 496.359 821.699 480.289 479.253 477.73 476.496
threshold=1.3216213023401016 0.24525839955506953 9.8717944032260636 0.040011435105774734 1.4676774517475548 0.51785501459197014 3.883346114950458 0.07228366443559954 0.014562065081279062 1.8056453711380827 0.016699666722132522 1.0000000180025095e-35 8.8358794293418814 6.1356744592253847 1.1240604527534923 0.067242331288343574 1.0000000180025095e-35 42.500000000000007 0.047955041778041364 1.0000000180025095e-35 22.445611888829731 0.80139390966197055 1.5093702000281364e-05 0.017930282663640006 1.9447223099069839 1.0000000180025095e-35 42.500000000000007 10.500000000000002 139.50000000000003 17.000000000000004 28.500000000000004 3.3970942969526434 1663.5000000000002 0.46627712095732904 0.57852776937170458 8.8358794293418814 0.23821805405295035 0.39423999325581277 0.0082937579318871097 44.500000000000007 0.052310143307246676 3449.5000000000005 1.0000000180025095e-35 4.5000000000000009 1.9081623173208262 51.500000000000007 28.500000000000004 133.50000000000003 7.5000000000000009 138.50000000000003 3.3028937182960987 0.57852776937170458 0.5849006463807539 39.500000000000007 1.5000000000000002 53.500000000000007 1671.5000000000002 0.052765155592741718 1.0000000180025095e-35 11.236278326313732 1.5457092136233983 192.50000000000003 3387.5000000000005 1.3923217592054311 140.50000000000003 0.11215773106761434 260.87838187446175 40.449121484004422 0.25881904510252057 84.027302325581402 0.013002526235327968 0.57852776937170458 52.500000000000007 134.50000000000003 16.500000000000004 3378.5000000000005 -1.0000000180025095e-35 127.50000000000001 139.50000000000003 1.0000000180025095e-35 1821.5000000000002 36.500000000000007 4104.5000000000009 0.014480431760556954 1.0749542004379322 10.500000000000002 0.085054846911202547 2.5000000000000004 42.500000000000007 8.5000000000000018 0.03579804002230625 8.8358794293418814 15.28784573230965 20.500000000000004 6.5000000000000009 1.0000000180025095e-35 120.50000000000001 3449.5000000000005 154.50000000000003 2355.0000000000005 1.0000000180025095e-35 405.00000000000006 2.5000000000000004 26.500000000000004 0.43101971194163374 0.030108967304056978 3115.0000000000005 1.4159305757405931 4.3434081256250243 0.094356926587388659 77.500000000000014 1.1240604527534923 2.2500000000000004 1.4631875647697374 1.0000000180025095e-35 75.000000000000014 0.029255040335468368 16.500000000000004 3449.5000000000005 138.50000000000003 39.500000000000007 0.40621709224718944 191.50000000000003 3376.5000000000005 0.89027276276269418 8.2466795937622326
decision_type=2 2 2 2 2 2 2 2 2 2 2 2 2 2 2 2 2 2 2 2 2 2 2 2 2 2 2 2 2 2 2 2 2 2 2 2 2 2 2 2 2 2 2 2 2 2 2 2 2 2 2 2 2 2 2 2 2 2 2 2 2 2 2 2 2 2 2 2 2 2 2 2 2 2 2 2 2 2 2 2 2 2 2 2 2 2 2 2 2 2 2 2 2 2 2 2 2 2 2 2 2 2 2 2 2 2 2 2 2 2 2 2 2 2 2 2 2 2 2 2 2 2 2 2 2 2
left_child=1 7 4 8 11 19 32 9 108 65 26 12 31 14 37 46 30 90 -9 76 23 27 81 -4 25 119 -11 56 86 -30 105 111 98 -18 44 125 -15 83 70 -31 -28 115 118 55 45 -16 102 85 54 122 93 101 -53 100 107 66 64 -34 59 73 117 72 109 -45 94 -1 69 -68 -69 110 -38 -67 89 74 -59 124 77 96 -79 -78 -33 -8 -43 -13 -54 -19 -12 -87 -58 123 -14 -56 -25 -48 -17 -73 -5 -29 -6 -100 -37 -35 -7 -44 -39 -10 -107 -40 114 -26 -22 -2 -55 -113 -3 -42 -106 -60 -20 120 121 -21 -27 -23 -32 -24
right_child=2 3 20 5 6 15 22 18 16 10 28 13 17 36 34 21 33 47 42 24 43 61 35 92 62 49 40 97 29 39 75 80 57 51 -36 53 38 104 48 -41 41 82 103 63 -46 -47 50 -49 -50 -51 -52 52 84 112 91 -57 88 58 60 -61 -62 -63 -64 -65 -66 71 67 68 -70 -71 -72 95 -74 -75 -76 -77 79 78 -80 -81 -82 -83 -84 -85 -86 87 -88 -89 -90 -91 -92 -93 -94 -95 -96 -97 -98 -99 99 -101 -102 -103 -104 -105 116 106 -108 -109 -110 -111 -112 113 -114 -115 -116 -117 -118 -119 -120 -121 -122 -123 -124 -125 -126 -127
leaf_value=-0.027590025702417 0.0019815476228099878 -0.016234085144352699 0.02702908647691939 0.010108608751019417 0.022153275746677061 0.018311793010573254 0.047355451860277974 -0.026103614226302776 -0.016095962286971046 -0.020067956275660038 -0.02782579680366384 -0.024559982120511397 -0.017453415960063421 0.025635208212376751 -0.010816976205975402 0.021708388792829134 -0.018786800410812234 -0.027776304491989902 -0.0031943102163968996 -0.013570986061224314 0.079084158601905999 0.023709005127108242 0.041466366478482272 0.058054385067855596 -0.0065060673242763895 -0.027192341102852246 -0.023118206685457592 0.012274683506519973 -0.023910231489996547 -0.021668950450365189 -0.00066745140846345154 0.031403297484608191 0.023369243066047481 -0.016092041339069274 0.033945703459538637 -0.021230829482854797 0.02164015556961953 0.036244328095153031 0.039473839196657846 0.051919637490472563 0.0032230977574284787 0.010415717449976367 0.0021801565944987804 0.02581990637653267 0.024608546262559788 0.016397282109051812 -0.024062923581181745 -0.012045677353595864 -0.014669563319947985 0.022903195193005016 0.0064186468979775032 0.015505463211758008 -0.013295959998175804 0.093483504574072146 0.032904878013527095 0.034445798092517785 -0.0067612164227826756 0.025933470720065625 0.035282391077277507 -0.015602414482518248 0.04717020997424775 0.0069054954645769509 0.014497071314930851 0.061436056235571024 0.037230837577913962 -0.025797114407729752 0.059436274169118425 0.30536226303346697 0.096799576807022086 0.1010539592456433 0.088144482682732977 -0.0051085550537433369 0.0071878397283072588 0.039285718383167065 -0.026423511731599715 0.022391863682924968 -0.0081332001016359689 -0.022706056190227884 0.025775939689496766 0.0093166773413696554 0.058639134123671804 0.041929959471021336 -0.021732846069810654 -0.0025304001479330702 -0.00069265606671569399 0.050721189245224001 -0.0067610850447303488 -0.0033515225796110601 0.018108459807164932 0.015348431843368619 0.048007248310332602 0.062204323535836076 0.072624387053735792 -0.0027735420414274352 -0.025138608625409831 -0.020967136749288923 0.026974434901433683 0.022377294990781685 -0.0035364593550855036 0.029451978748731292 0.099544360204176466 -0.0045829734133064539 0.0037258008692960705 0.048237238652681785 -0.0022300412439125164 -0.0078973468166137345 0.01785502938408684 0.00058555111923116316 0.038648556476953075 0.011833764733191365 0.069616952033148979 0.022577727936571416 0.06306305984630213 -3.9698981433603594e-05 -0.022984580524474194 -0.012580464596234443 0.017699515987016606 0.022244396693970686 0.010332287138316533 0.0084539153272658579 -0.021438849120337687 0.036103078148144979 -0.001448076124885689 0.031174669425667663 0.011372919409667719 0.055692311756402185
leaf_weight=357401 1853 14791 2102 6416 14680 5370 35624 3989 7263 20279 51344 1836 8897 3867 1836 296 33271 139 7929 4518 7728 22031 2779 43238 5842 712 3561 15440 1969 324 10528 2277 8804 19044 10335 129 182 783 4449 866 2371 6237 371 582 12613 5675 2215 580 270 1496 5389 1972 7794 1609 884 590 1818 3232 13366 627 6573 2709 4194 11918 233 38853 5507 31 50 930 1020 2892 2289 2911 479 1930 4795 1484 877 4103 1403 56469 689 4626 7990 1250 1420 251 2097 5796 141 3031 2918 3022 2324 10514 2908 8677 1989 917 55 5208 4715 780 2239 6129 1079 376 147 2042 19205 7601 770 1066 34111 8971 2437 3405 3506 625 13832 321 7766 11929 4129 8923
leaf_count=357401 1853 14791 2102 6416 14680 5370 35624 3989 7263 20279 51344 1836 8897 3867 1836 296 33271 139 7929 4518 7728 22031 2779 43238 5842 712 3561 15440 1969 324 10528 2277 8804 19044 10335 129 182 783 4449 866 2371 6237 371 582 12613 5675 2215 580 270 1496 5389 1972 7794 1609 884 590 1818 3232 13366 627 6573 2709 4194 11918 233 38853 5507 31 50 930 1020 2892 2289 2911 479 1930 4795 1484 877 4103 1403 56469 689 4626 7990 1250 1420 251 2097 5796 141 3031 2918 3022 2324 10514 2908 8677 1989 917 55 5208 4715 780 2239 6129 1079 376 147 2042 19205 7601 770 1066 34111 8971 2437 3405 3506 625 13832 321 7766 11929 4129 8923
internal_value=-3.67448e-06 -0.0166434 0.0409981 -0.00255387 0.0326656 0.00830334 0.0395042 -0.0250731 -0.0136134 -0.0257837 -0.0203195 0.0190295 0.0091216 0.023497 0.0175586 0.01529 -0.010315 -0.00859843 -0.00330595 -0.00256631 0.0625554 0.0183025 0.0457758 0.057584 -0.00702258 -0.0115247 -0.0129313 0.011852 -0.0258825 -0.00289255 -0.00202505 0.0231703 0.0277985 -0.0137351 0.0241115 0.0570548 0.0413726 0.000815553 0.0473319 0.0318838 -0.00630136 -0.00302324 0.00391953 0.0677103 0.0190609 0.00974499 0.00428809 0.0232941 0.0432306 0.000366601 -0.00254949 -0.00973413 -0.0044259 0.0787006 0.0450193 0.0706231 -0.0026064 0.0314455 0.0337696 0.0242431 0.0367279 0.0227541 0.0038878 0.0597778 -0.0151846 -0.0270913 0.0712612 0.0611349 0.17662 0.073292 0.0780748 -0.0236805 0.0237752 0.0280158 0.0191755 0.00501285 0.00638565 0.0113144 -0.00469728 -8.68024e-05 0.041787 0.0440287 0.00721757 -0.0087895 -0.00691606 0.0357923 -0.0272589 0.0416791 0.00655978 0.0247302 -0.0164322 0.0555886 0.0589755 -0.0117779 -0.019846 -0.0175461 0.0153688 0.0159095 0.0196283 0.00687318 0.0148705 -0.0136205 0.0114925 0.0333917 0.0121854 -0.0100921 -0.00404235 0.0364434 -0.0207642 -0.00175595 0.0723334 0.0166581 0.0836375 0.0197959 -0.0209428 -0.00927679 0.00815668 0.0326353 0.000952979 -0.0176712 -0.0185457 -0.0102758 -0.00361013 0.0263314 0.00272442 0.0523139
internal_weight=1.17799e+06 837933 340057 313667 245258 158281 163341 524266 155386 507691 98031 81917 25458 56459 42380 96350 106337 11258 16575 61931 94799 75639 106358 48258 41348 29270 42108 30885 55923 3159 31058 14200 56983 75279 30459 14265 14079 11921 10212 1190 21829 18268 12586 46541 20124 7511 20711 2220 9010 9974 10626 42008 17756 2563 8740 34041 6768 39397 30593 7249 23344 44754 12078 12500 2853 409660 33451 5588 81 27863 1202 52259 42045 6622 3711 16587 20583 11685 2361 8898 3680 92093 6926 6462 15784 1640 52764 1501 3915 39756 9038 3915 46156 5237 2620 13406 9324 24117 17586 2906 184 24252 10085 1151 5459 14471 7208 4825 49049 7884 26933 10520 2379 8667 48902 11342 4676 16771 11435 19296 18671 4839 8478 33960 14657 11702
internal_count=1177990 837933 340057 313667 245258 158281 163341 524266 155386 507691 98031 81917 25458 56459 42380 96350 106337 11258 16575 61931 94799 75639 106358 48258 41348 29270 42108 30885 55923 3159 31058 14200 56983 75279 30459 14265 14079 11921 10212 1190 21829 18268 12586 46541 20124 7511 20711 2220 9010 9974 10626 42008 17756 2563 8740 34041 6768 39397 30593 7249 23344 44754 12078 12500 2853 409660 33451 5588 81 27863 1202 52259 42045 6622 3711 16587 20583 11685 2361 8898 3680 92093 6926 6462 15784 1640 52764 1501 3915 39756 9038 3915 46156 5237 2620 13406 9324 24117 17586 2906 184 24252 10085 1151 5459 14471 7208 4825 49049 7884 26933 10520 2379 8667 48902 11342 4676 16771 11435 19296 18671 4839 8478 33960 14657 11702
is_linear=0
shrinkage=0.03


Tree=6
num_leaves=127
num_cat=0
split_feature=28 28 28 33 34 36 28 28 28 33 16 28 28 31 33 13 9 3 28 36 13 32 28 8 3 28 5 9 28 34 9 36 29 28 37 36 37 28 28 34 5 26 3 3 3 37 14 16 3 5 17 9 34 34 3 36 31 25 3 8 33 16 31 31 8 28 28 3 3 3 3 9 6 6 8 33 31 5 36 5 8 28 3 26 3 28 16 3 33 16 30 14 1 6 9 3 3 3 37 37 36 33 6 25 28 3 37 32 25 13 5 33 16 5 37 28 33 17 33 0 9 8 5 0 8 33
split_gain=840214 104044 63859.2 39375.2 23910.3 13076.1 12566.6 12536.3 5427.91 3831.56 3790.75 6625.63 6265.64 4861.02 3341.63 3180.81 3032.66 2940.49 2539.8 2418.25 2297.82 2191.1 2161.8 1902.11 1857.98 1799.8 1775.06 1661.67 1585.69 1581.59 1664.2 1559.62 1520.45 1473.61 1380.39 1428.31 1361.03 1338.5 1318.52 1401.53 1313.98 1368.52 1221.64 1176.75 1286.82 1174.98 1123.62 1029.1 1025.1 977.975 970.799 930.386 911.93 938.783 875.166 870.601 861.185 790.274 788.569 780.923 773.107 901.358 1139.24 1042.97 763.161 720.706 715.249 704.684 704.123 689.732 971.783 684.776 677.028 673.217 672.211 666.845 666.336 660.943 654.426 651.907 650.859 648.86 642.615 642.161 628.945 625.225 710.605 689.173 621.802 614.602 605.314 708.742 592.118 714.057 580.246 572.41 1157.69 969.288 553.165 549.302 544.103 530.486 613.451 524.096 522.556 515.85 514.993 511.387 497.445 493.285 490.795 484.542 482.261 459.068 458.173 717.147 622.682 454.762 452.696 450.922 559.512 448.477 447.85 444.669 444.531 436.66
threshold=1.3216213023401016 0.24525839955506953 9.8717944032260636 0.040011435105774734 1.4676774517475548 0.063014685086042466 0.51785501459197014 3.883346114950458 0.052310143307246676 0.014562065081279062 1.0000000180025095e-35 8.8358794293418814 6.1356744592253847 1.1240604527534923 0.052765155592741718 1.0000000180025095e-35 59.500000000000007 42.500000000000007 22.445611888829731 0.017045545088725664 1.0000000180025095e-35 1.5093702000281364e-05 0.80139390966197055 10.500000000000002 28.500000000000004 3.3970942969526434 1663.5000000000002 62.500000000000007 0.39383354519156666 0.57852776937170458 28.500000000000004 0.021529953072532772 0.0006963784507029977 0.16103285251108321 0.23821805405295035 0.0084708063553290188 0.39423999325581277 84.027302325581402 0.11215773106761434 0.59052502632849191 3387.5000000000005 1.0000000180025095e-35 27.500000000000004 138.50000000000003 79.500000000000014 39.552931979225654 0.18976158718208899 5.5000000000000009 133.50000000000003 2384.5000000000005 7.5000000000000009 28.500000000000004 0.57852776937170458 0.5849006463807539 27.500000000000004 0.023540165097258856 3.940172035382139 0.25881904510252057 30.500000000000004 36.500000000000007 0.052765155592741718 1.0000000180025095e-35 11.236278326313732 1.5457092136233983 13.500000000000002 1.0749542004379322 0.89027276276269418 26.500000000000004 42.500000000000007 134.50000000000003 77.500000000000014 3.5000000000000004 3378.5000000000005 1821.5000000000002 36.500000000000007 0.014480431760556954 15.28784573230965 3449.5000000000005 0.047227285945845424 2185.5000000000005 29.500000000000004 8.2466795937622326 115.50000000000001 2.5000000000000004 12.500000000000002 1.0888323899674377 1.0000000180025095e-35 26.500000000000004 0.03579804002230625 2.5000000000000004 0.013002526235327968 0.019253938832252088 154.50000000000003 2355.0000000000005 -1.0000000180025095e-35 127.50000000000001 139.50000000000003 126.50000000000001 0.43101971194163374 10.704625215838254 0.12942044372277478 0.030108967304056978 3115.0000000000005 -0.5 0.60875829732753828 42.500000000000007 0.11566811932908634 1.5093702000281364e-05 0.78656609248549303 1.0000000180025095e-35 3992.0000000000005 0.029255040335468368 16.500000000000004 3268.5000000000005 2.102991367849492 0.070847127856879105 0.040011435105774734 2.5000000000000004 0.0069700888316244223 40.500000000000007 51.500000000000007 13.500000000000002 3414.5000000000005 101.50000000000001 25.500000000000004 0.013360107095046857
decision_type=2 2 2 2 2 2 2 2 2 2 2 2 2 2 2 2 2 2 2 2 2 2 2 2 2 2 2 2 2 2 2 2 2 2 2 2 2 2 2 2 2 2 2 2 2 2 2 2 2 2 2 2 2 2 2 2 2 2 2 2 2 2 2 2 2 2 2 2 2 2 2 2 2 2 2 2 2 2 2 2 2 2 2 2 2 2 2 2 2 2 2 2 2 2 2 2 2 2 2 2 2 2 2 2 2 2 2 2 2 2 2 2 2 2 2 2 2 2 2 2 2 2 2 2 2 2
left_child=1 5 4 9 10 38 16 26 -7 100 11 25 13 36 27 24 40 88 19 -4 42 74 23 46 101 51 92 89 -17 30 71 -23 37 49 117 64 75 47 114 -40 41 95 -18 44 54 99 79 113 78 -10 55 -2 94 -54 -43 58 -45 -47 -37 80 -28 62 69 112 -36 -55 -61 -29 -51 70 -62 -15 -26 -27 -9 -12 -21 -25 83 104 85 -33 103 123 -41 87 -87 -24 121 124 91 -35 -6 -94 -30 97 -97 -5 -38 -34 109 -11 -103 -22 -16 -81 -32 -49 -68 -3 -42 -100 -63 -20 -1 -116 -117 125 -50 -83 -121 -13 -92 -19 -8 -14
right_child=2 3 18 6 7 8 14 21 33 15 12 17 34 29 22 28 20 48 32 76 82 31 59 77 72 73 60 67 52 -31 106 81 45 90 35 50 98 -39 39 84 110 43 -44 56 -46 57 -48 107 118 68 -52 -53 53 65 -56 -57 -58 -59 -60 66 61 63 -64 -65 -66 -67 108 -69 -70 -71 -72 -73 -74 -75 -76 -77 -78 -79 -80 105 -82 119 -84 -85 -86 86 -88 -89 -90 -91 122 -93 93 -95 -96 96 -98 -99 111 -101 -102 102 -104 -105 -106 -107 -108 -109 -110 -111 -112 -113 -114 -115 115 116 -118 -119 -120 120 -122 -123 -124 -125 -126 -127
leaf_value=-0.026578909569494224 0.0021052723888102753 -0.01573396899287189 0.022792969545630301 0.0042362723733329498 0.02148867764123593 -0.025172644092674425 0.021106638504382477 0.045934788508399334 -0.011942969775948661 -0.015504933803958549 -0.023823182604768695 0.060981828136877581 0.0077310304031722923 0.04177668251644695 0.062442562932317904 -0.01838254253488061 -0.0044152278221178077 0.070806753155775365 0.068477534249067259 0.056287902400242014 -0.01720491103428741 0.10027350100456858 -0.0081206610780382299 0.011614645919282409 0.0027262437174176168 0.030461198677166519 0.022668166028756497 -0.025816013059247918 -0.0072549804680222289 0.032927331974610945 0.01001177595344121 0.040222375777909637 0.048214027739201741 0.0016473446222575936 0.014793860524608071 0.039264384229393934 0.035156998201362581 0.098698833228453339 -0.024742441883501276 -0.024049377038479605 0.015688261797550368 -0.011136115101783549 -0.022806971050611784 0.0025737074536194477 -0.02104878576301011 0.26146089938970712 0.014675264569988425 0.054381288071239028 0.10599522279841558 -0.0087283107415763537 -0.014229474239879183 0.021822269841121525 0.014760131885473459 -0.01297412136377713 0.0057568951294380277 0.032493055049223382 0.040627255202139778 0.086818513500279387 0.063049583685634139 0.027893649451193509 0.025482386526407549 0.034223919469624803 -0.01513434232315093 0.045755104328569877 0.085691411019050187 -0.00045000962657643691 0.0090527245497560114 -0.0021072761465625776 0.0048948432262333249 0.038107146804781819 -0.015644545817144827 -0.012015288672888223 0.021611468995641529 0.05687996176257995 0.040672060702839463 -0.0024544880549576577 0.071095246094348863 0.021676045129795714 -0.027071850578835672 -0.010881667861593227 0.037083285061494241 0.032730329492357046 0.030461689129908074 -0.0032530544478579821 -0.011816505472005613 0.034269835304703782 0.021949496488631617 0.019023154566326524 0.046567031271914215 0.0020165187676101383 -0.00079122697168610659 0.051997890098385048 -0.0034303650788142489 0.028568419842059635 -0.016842611299132452 -0.020455512766103391 0.021337648134234298 0.02614975347164376 -0.0021631400412676065 0.069872248626701106 0.037489100886242729 -0.0076800344065738532 0.016912979894605849 0.003505743335516137 -0.02305245578603958 0.020936208203396638 0.023757217441713135 0.071450284456888086 0.022791987388273392 -0.022296488140547795 -0.0028831213627245234 0.01716853054955008 0.021577064914801179 0.080489890700440075 -0.02702599241363602 -0.025041664664014127 -0.010454225154271458 0.043239759481506962 -0.017653557371510111 0.073662188833858208 0.054873721478099304 -0.017512099681334159 0.018623261579316354 0.034400758921452189 0.0051932526494678386 0.030841422300346144
leaf_weight=396280 3022 14769 1912 4863 14680 12440 4073 35624 10106 7263 1836 66 1495 239 66 32132 4568 512 25528 43427 1349 663 969 16086 14650 2277 8804 2001 8907 10335 2933 2779 6124 407 157 2407 783 1242 41499 5119 7706 5475 11269 1901 4934 39 2260 7013 28 5252 270 7498 2017 8551 5566 3704 745 58 2620 3631 3090 13366 627 6573 1054 8008 8895 2587 9760 2911 621 1957 1934 1403 56469 4626 2919 9258 141 1117 3269 675 666 251 14490 6042 13921 6415 141 6606 2487 659 1989 917 15686 1522 981 2900 2239 1273 147 6116 1073 5950 2561 778 14995 2039 3234 34133 1536 2437 3405 3225 13081 4542 6268 923 552 1717 8431 8831 1876 736 2581 1449
leaf_count=396280 3022 14769 1912 4863 14680 12440 4073 35624 10106 7263 1836 66 1495 239 66 32132 4568 512 25528 43427 1349 663 969 16086 14650 2277 8804 2001 8907 10335 2933 2779 6124 407 157 2407 783 1242 41499 5119 7706 5475 11269 1901 4934 39 2260 7013 28 5252 270 7498 2017 8551 5566 3704 745 58 2620 3631 3090 13366 627 6573 1054 8008 8895 2587 9760 2911 621 1957 1934 1403 56469 4626 2919 9258 141 1117 3269 675 666 251 14490 6042 13921 6415 141 6606 2487 659 1989 917 15686 1522 981 2900 2239 1273 147 6116 1073 5950 2561 778 14995 2039 3234 34133 1536 2437 3405 3225 13081 4542 6268 923 552 1717 8431 8831 1876 736 2581 1449
internal_value=-3.56406e-06 -0.0161441 0.0397682 -0.00247725 0.0316856 -0.0243209 0.00805424 0.0383191 -0.00846777 -0.013205 0.0184586 0.00884795 0.0227921 0.0170318 0.0148313 -0.0100055 -0.00248932 -0.00834048 0.0606788 0.0558565 -0.0108917 0.0444025 0.0174953 0.0115138 -0.00192356 0.0224752 0.0269645 0.00311424 -0.0133365 0.0233881 0.0184891 0.0553432 0.0656789 -0.00166486 0.0401314 0.045912 0.000791087 0.0680544 -0.0257368 -0.0216194 0.00275584 -0.000394223 -0.0175021 -0.00524258 -0.00831187 0.0533016 -0.00259754 0.0670477 0.0225953 -0.00472821 0.0417966 0.0161583 -0.00958066 -0.00456364 -0.00261999 0.0435292 0.013288 0.157036 0.0516609 0.0216388 0.0305021 0.0327565 0.0235158 0.0356261 0.0764999 -0.00691741 0.0162129 -0.0124476 0.000128736 0.0271754 0.0186002 -0.00616088 0.00492861 0.0405334 0.0427078 -0.00852582 0.0572205 0.01529 0.0347185 -0.0112301 0.0244319 0.0531532 0.00225201 0.0405307 -0.0150099 0.0229196 0.0256784 0.0154611 -0.0159392 0.00849866 0.0125081 0.032774 0.0190395 0.00666698 -0.0133702 0.00839998 -0.00407553 0.0124224 0.0118198 0.0519413 -0.0201413 -0.00978659 -0.00400938 -0.000321996 -0.0209045 0.00218129 0.0215085 0.0582261 0.0127161 -0.0203145 0.0126017 0.00791198 0.0316562 0.0698249 -0.0263357 -0.022301 -0.0165834 0.0248662 -0.0116843 0.0564734 0.0580527 -0.0169298 0.0075566 0.0493366 0.014934 0.0191057
internal_weight=1.17799e+06 837933 340057 313667 245258 524266 158281 163341 42987 155386 81917 25458 56459 42380 96350 106337 61931 11258 94799 48258 23802 106358 78502 32126 31036 14200 56983 17848 75301 30459 20124 14265 46541 30547 14079 10212 11921 39047 481279 61108 38129 28887 15837 18621 15975 7494 6782 37805 2220 25118 9001 10520 43169 18576 11041 8731 2646 97 5027 46376 39397 30593 7249 23344 1211 16559 15760 4588 15012 6622 3711 2196 16584 3680 92093 6462 46346 25344 1640 4522 30616 13602 7965 1499 19609 27347 19963 7384 9038 13260 5429 1066 17586 2906 24593 10266 2503 7763 5459 7397 49049 14452 7189 7299 2627 1895 17928 9052 12129 48902 9242 4676 16771 28753 420171 23891 10810 3867 580 10823 10148 8897 4363 1248 6654 2944
internal_count=1177990 837933 340057 313667 245258 524266 158281 163341 42987 155386 81917 25458 56459 42380 96350 106337 61931 11258 94799 48258 23802 106358 78502 32126 31036 14200 56983 17848 75301 30459 20124 14265 46541 30547 14079 10212 11921 39047 481279 61108 38129 28887 15837 18621 15975 7494 6782 37805 2220 25118 9001 10520 43169 18576 11041 8731 2646 97 5027 46376 39397 30593 7249 23344 1211 16559 15760 4588 15012 6622 3711 2196 16584 3680 92093 6462 46346 25344 1640 4522 30616 13602 7965 1499 19609 27347 19963 7384 9038 13260 5429 1066 17586 2906 24593 10266 2503 7763 5459 7397 49049 14452 7189 7299 2627 1895 17928 9052 12129 48902 9242 4676 16771 28753 420171 23891 10810 3867 580 10823 10148 8897 4363 1248 6654 2944
is_linear=0
shrinkage=0.03


Tree=7
num_leaves=127
num_cat=0
split_feature=28 28 28 33 34 36 28 28 27 17 28 28 33 27 33 3 16 27 26 28 36 27 16 28 33 27 5 3 27 34 3 28 27 37 27 5 33 37 5 16 3 36 31 18 16 34 18 3 28 34 9 26 31 28 17 14 5 27 3 27 25 37 34 6 3 3 33 16 18 16 3 31 6 31 16 9 18 28 28 28 27 36 18 36 2 18 16 36 33 3 37 27 3 5 27 33 34 33 36 33 36 16 33 28 14 4 34 27 27 28 37 33 3 27 3 37 17 4 16 9 3 3 28 27 9 3
split_gain=790558 97971.4 60085.1 32200.7 22497.2 16110.7 11888 11795.4 6006.81 6288.12 11143.2 5847.89 3893.82 3359.84 4001.31 3220 3065.55 2793.67 2705.17 2389.7 2275.33 2232.61 2052.75 1911.17 2013.21 1879.25 1751.56 1530.33 1526.48 1454.02 1310.1 1251 1230.37 1188.99 1176.13 1151.39 1091.99 1083.33 1077.43 1034.05 1203.76 1538.07 1149.72 1007.54 920.778 901.835 872.206 814.875 886.846 808.227 806.62 784.271 783.846 764.107 762.694 737.486 722.403 714.812 710.426 695.174 694.508 685.378 1334.93 682.082 927.454 1236.67 677.88 673.406 665.977 655.773 652.265 646.921 627.075 626.956 625.363 625.237 624.611 618.362 606.163 602.459 599.739 598.748 589.681 569.452 568.5 548.557 547.513 546.413 604.858 537.214 529.156 528.813 519.371 518.281 513.479 508.115 498.248 489.512 545.68 488.88 622.598 472.593 518.619 471.355 471 460.462 457.66 453.802 448.546 447.68 784.841 589.095 487.527 1358.29 2962.45 1369.11 473.902 447.373 525.491 435.422 432.693 442.208 437.027 429.973 418.201 413.745
threshold=1.3216213023401016 0.32576379352812346 9.8717944032260636 0.040011435105774734 1.4676774517475548 0.063014685086042466 0.51785501459197014 3.883346114950458 0.096356162808523702 1.0000000180025095e-35 8.8358794293418814 0.052310143307246676 0.014562065081279062 0.01186526339151811 0.067242331288343574 42.500000000000007 1.5000000000000002 0.036311245721003936 1.0000000180025095e-35 22.445611888829731 0.017045545088725664 0.031448058896583746 1.0000000180025095e-35 0.11215773106761434 0.048040678060612831 0.023495207902885774 3449.5000000000005 28.500000000000004 0.12294618983195997 1.9447223099069839 42.500000000000007 84.027302325581402 0.037060995412595596 0.09360594067554294 0.19779407501884169 4153.5000000000009 0.052765155592741718 39.552931979225654 3383.5000000000005 1.0000000180025095e-35 138.50000000000003 0.064403268913789932 1.5457092136233983 3.5000000000000004 5.5000000000000009 0.56572431657503508 4.5000000000000009 79.500000000000014 6.8656408596380301 0.57852776937170458 3.5000000000000004 2.5000000000000004 10.490218182320747 2.6136564282984813 6.5000000000000009 0.96458971329362697 4104.5000000000009 0.059240166606931481 138.50000000000003 0.13311560801174066 0.25881904510252057 0.67678099669348279 0.10102616414449164 -1.0000000180025095e-35 127.50000000000001 139.50000000000003 0.082682851751971057 2.5000000000000004 1.0000000180025095e-35 16.500000000000004 137.50000000000003 1.1240604527534923 3381.5000000000005 15.28784573230965 4.5000000000000009 61.500000000000007 2.5000000000000004 0.16103285251108321 1.0197170584779125 5.423409150348343 0.0553852558519543 0.029382584257603459 1.0000000180025095e-35 0.075715537636944566 1.0000000180025095e-35 1.0000000180025095e-35 1.0000000180025095e-35 0.021529953072532772 0.047691955024797512 149.00000000000003 10.704625215838254 0.097381106612567284 12.500000000000002 3376.5000000000005 0.046866856100132186 0.020360270301191152 0.30742682852225317 0.030108967304056978 0.029382584257603459 0.0080217689457467538 0.022595411587304565 1.5000000000000002 0.040011435105774734 4.0087131622564351 0.99136430489243821 219.00000000000003 0.24512402110014134 0.24532361399425368 0.019917040144941358 0.010371837600152969 2.102991367849492 0.040011435105774734 136.50000000000003 0.0014827189222141278 140.50000000000003 0.6066773050709382 1.0000000180025095e-35 72.500000000000014 5.5000000000000009 7.5000000000000009 12.500000000000002 73.500000000000014 0.078519407622857432 0.027874385876238052 43.500000000000007 39.500000000000007
decision_type=2 2 2 2 2 2 2 2 2 2 2 2 2 2 2 2 2 2 2 2 2 2 2 2 2 2 2 2 2 2 2 2 2 2 2 2 2 2 2 2 2 2 2 2 2 2 2 2 2 2 2 2 2 2 2 2 2 2 2 2 2 2 2 2 2 2 2 2 2 2 2 2 2 2 2 2 2 2 2 2 2 2 2 2 2 2 2 2 2 2 2 2 2 2 2 2 2 2 2 2 2 2 2 2 2 2 2 2 2 2 2 2 2 2 2 2 2 2 2 2 2 2 2 2 2 2
left_child=1 5 4 12 8 23 18 21 9 15 45 -7 86 43 25 61 27 87 63 20 -4 -6 29 109 49 -15 66 97 37 125 54 44 -18 -10 57 77 59 90 46 40 41 50 69 70 107 -11 78 48 95 52 -38 81 -25 71 76 119 -40 -19 83 101 -39 62 -2 64 -5 -66 120 -27 108 -41 -8 -35 85 -22 105 -49 96 -28 -16 -59 -43 -50 -63 -24 -72 89 -3 -9 -89 -29 117 -60 -51 -26 -42 -17 -12 -14 -99 -32 -101 -23 -103 -64 -80 -55 -105 -30 -65 -1 112 -112 -111 114 116 -116 -114 -21 -119 -34 -13 122 -122 -31 -85 -20
right_child=2 3 19 6 7 11 13 17 33 10 30 26 16 14 38 47 32 34 22 28 73 36 58 24 93 67 35 72 31 123 99 -33 55 53 -36 -37 39 60 56 42 94 80 -44 -45 -46 -47 -48 75 51 92 -52 -53 -54 74 -56 -57 -58 79 91 -61 -62 82 103 68 65 -67 -68 -69 -70 -71 84 -73 -74 -75 -76 -77 -78 -79 104 -81 -82 -83 -84 124 -86 -87 -88 88 -90 -91 -92 -93 -94 -95 -96 -97 -98 98 -100 100 -102 102 -104 106 -106 -107 -108 -109 -110 110 111 -113 113 -115 115 -117 -118 118 -120 -121 121 -123 -124 -125 -126 -127
leaf_value=-0.026668143673381491 -0.024512715838196742 -0.014571987778554564 0.022109180765750594 0.016701775351057317 -0.0092741190152588089 -0.024417464608742803 -0.019152044693617035 0.097484742098704572 0.010245435971981871 -0.011230271986786507 0.029424698690784123 -0.02019649583173496 -0.013672132877804461 -0.017333297863419039 0.015504230167535311 -0.013756505579600214 -0.017873498462692091 0.01418900699673217 -0.0092694592686610264 0.025561385797219841 0.054599265139128481 0.023062376221919048 -0.011669400521763842 -0.024678704762772445 -0.0074836552886859229 0.013840342841799224 0.0056699332865029397 0.0060646041728800544 0.073318388508207474 0.013877083420158602 0.026378830185214291 0.095737869777685197 -0.0023975759403393371 0.0090102133700573159 0.040120239509664875 -0.015137937253816649 -0.016414693370723193 0.246704843044281 0.025599946628877553 0.031508138479175725 -0.014649470812183315 0.013433668920906578 0.042107157623204695 0.028631591694806349 0.056779678509987642 0.012048504690166491 0.0085816424452808508 -0.0078469349169824499 0.050854437463834931 -0.023554705275306217 0.023677399086277532 -0.0063410154366215993 -0.010695625034560254 0.03425270427020654 -0.0090995590992876008 -0.015338868562673179 0.0074791678603192127 0.037589373054655609 0.0066811276202177784 0.025363054799860049 0.084213959430826116 -0.020926473594453904 -0.0057761084440649951 -0.025142634944915771 -0.021455395586251088 0.024366034059091046 0.0018039884867603487 0.0020792357265455265 0.0094749023276147256 0.018748332368623024 -0.02950972860822311 0.025221463241765742 0.018310240995325962 0.068962389102697613 0.021073401701142865 0.019143731690112905 0.017441025483839159 0.019686395154327668 0.025698274184120944 0.049234708880966538 0.035454901025585621 0.006422824536461428 0.0087351523222687043 0.0082499816813901648 0.057500282251155437 -0.008049109557717567 -0.021879846599225643 0.051644959960893917 0.086014358313979619 -0.016459869201137133 0.067776079175515341 0.038111800052902912 -0.014131134567045801 0.017386147442694282 0.037707691910218964 0.019223144750911445 0.054564095515215669 0.014403858467850876 -0.0067911615087189684 0.073991047479824615 0.042874610270247991 -0.013747913348717684 0.012113777913404428 0.0025810189353073949 0.0085462409421295099 0.054450866062671709 0.02966601707741125 0.065200215680076029 -0.0026918591405032375 -0.025478802620528949 -0.024606512413155045 -0.011945837021316932 -0.023896045563726508 -0.026464564681172881 -0.0083572270039489645 0.052145532078112816 0.030388311866103419 0.053181692961660511 0.025274172075863542 -0.010487898916588793 -0.011209463723622739 -0.02237724059707456 0.000642991418536533 -0.011963201822050344 -0.0052887322623595386 -0.020027838554104626
leaf_weight=181571 1953 13621 1912 7411 1557 12440 3753 662 4505 4850 1037 2677 8517 3145 22535 671 25076 588 4233 797 43427 2117 4102 46572 1725 8604 7016 13389 9066 1910 309 1242 12761 2404 70674 1692 1708 40 22835 17955 177 2255 8110 519 9023 2167 10259 2035 1535 7557 614 344 3911 7708 296 11846 2168 4668 1784 8658 58 6134 1808 1000 1483 825 7421 8928 3807 4542 104 28246 2308 2919 3001 1245 826 4751 11663 27865 2198 332 669 4451 193 4038 28602 1116 785 1026 1273 660 17345 1340 3545 1126 2247 1305 6737 2251 779 955 2592 1249 1644 1170 1020 19584 4023 210573 6002 7368 3490 9584 541 891 151 4762 696 11279 5261 1474 5985 832 3812 13407
leaf_count=181571 1953 13621 1912 7411 1557 12440 3753 662 4505 4850 1037 2677 8517 3145 22535 671 25076 588 4233 797 43427 2117 4102 46572 1725 8604 7016 13389 9066 1910 309 1242 12761 2404 70674 1692 1708 40 22835 17955 177 2255 8110 519 9023 2167 10259 2035 1535 7557 614 344 3911 7708 296 11846 2168 4668 1784 8658 58 6134 1808 1000 1483 825 7421 8928 3807 4542 104 28246 2308 2919 3001 1245 826 4751 11663 27865 2198 332 669 4451 193 4038 28602 1116 785 1026 1273 660 17345 1340 3545 1126 2247 1305 6737 2251 779 955 2592 1249 1644 1170 1020 19584 4023 210573 6002 7368 3490 9584 541 891 151 4762 696 11279 5261 1474 5985 832 3812 13407
internal_value=-3.45725e-06 -0.0156597 0.0385751 -0.00158144 0.0307351 -0.0231342 0.00808085 0.0371695 0.0179048 0.0084717 0.0233422 -0.00666797 -0.0119029 0.0143864 0.0156363 -0.00243825 -0.00862946 0.0430704 -0.00322431 0.0588584 0.0541808 0.0261556 -0.00811099 -0.0247431 -0.0204447 0.00402053 -0.000581372 -0.00185776 0.0637086 -0.0142871 0.0481518 0.0661137 -0.012775 0.0249009 0.0423064 0.00800185 0.0271509 0.0514354 0.0190142 0.0296365 0.0215114 0.0139815 0.0324231 -0.0107221 0.0651371 -0.00404129 0.0162946 0.0134869 0.0225617 -0.0214137 -0.00581325 0.0352839 -0.0235954 0.0264534 0.0374107 -0.0092123 0.0240287 0.0469713 0.000389294 0.0200172 0.150537 -0.0114823 -0.00411833 0.00604666 0.01153 -0.00507642 -0.00564411 0.00785111 1.12083e-05 0.028932 -0.0157652 0.02395 0.00356769 0.0555039 0.0329126 0.002398 0.0407604 0.0113292 0.0185022 0.0475638 0.0243033 0.0429534 -0.0180096 -0.00253197 0.0270321 0.00172378 -0.0195224 0.0740117 0.0658375 0.00446141 0.0501452 0.015169 -0.0169909 0.00338928 0.0352178 0.00690854 0.0466257 -0.00865998 -0.00335178 0.0623253 0.0659911 0.0118455 0.00515073 0.00565117 0.0235792 0.0369145 0.0147567 0.0677691 -0.00716145 -0.0255456 -0.0246914 -0.0176294 -0.0251106 -0.0198202 -0.00726753 0.029288 -0.0216448 0.0465571 0.0496229 -0.00619336 -0.00923393 -0.00692679 -0.00490171 0.00603641 0.00200412 -0.0174462
internal_weight=1.17799e+06 837933 340057 290595 245258 547338 150090 163341 81917 34883 14762 48717 140505 96350 91781 20121 98282 106358 53740 94799 48258 56983 35191 498621 78450 20677 36277 37320 46541 20382 7745 38915 60962 47034 103795 13459 55426 7626 71104 41104 10497 6775 30607 4569 37673 7017 46101 7288 4008 75385 2322 2211 50483 42529 4406 35886 25003 33121 14809 14322 98 12833 6030 18549 9719 2308 22818 17532 8830 22497 4050 30650 20761 46346 11879 3280 4110 11767 35842 32533 4453 1867 6803 12365 297 18453 42223 2563 1901 14415 7528 2444 24902 3065 3722 1797 3284 16559 8042 3339 3030 5664 3547 4077 13307 8878 2269 28650 5023 420171 238600 13370 225230 14657 5073 1432 3641 6255 5458 24040 15397 12720 11246 2742 8263 17640
internal_count=1177990 837933 340057 290595 245258 547338 150090 163341 81917 34883 14762 48717 140505 96350 91781 20121 98282 106358 53740 94799 48258 56983 35191 498621 78450 20677 36277 37320 46541 20382 7745 38915 60962 47034 103795 13459 55426 7626 71104 41104 10497 6775 30607 4569 37673 7017 46101 7288 4008 75385 2322 2211 50483 42529 4406 35886 25003 33121 14809 14322 98 12833 6030 18549 9719 2308 22818 17532 8830 22497 4050 30650 20761 46346 11879 3280 4110 11767 35842 32533 4453 1867 6803 12365 297 18453 42223 2563 1901 14415 7528 2444 24902 3065 3722 1797 3284 16559 8042 3339 3030 5664 3547 4077 13307 8878 2269 28650 5023 420171 238600 13370 225230 14657 5073 1432 3641 6255 5458 24040 15397 12720 11246 2742 8263 17640
is_linear=0
shrinkage=0.03


Tree=8
num_leaves=127
num_cat=0
split_feature=28 28 28 33 28 34 33 36 13 27 28 28 33 31 33 9 27 27 33 3 37 28 14 36 27 13 28 7 27 31 5 9 3 7 3 28 26 27 5 5 37 3 3 28 34 3 0 3 27 17 28 13 3 7 33 9 3 0 0 7 0 13 27 27 27 14 37 34 14 14 27 14 30 34 17 27 3 27 7 5 24 36 3 3 3 36 9 37 36 3 5 0 3 3 3 37 10 27 28 17 28 0 6 5 3 3 5 6 28 28 37 33 3 27 3 37 17 4 33 24 34 7 0 27 3 5
split_gain=744151 75473.9 67935.8 28184.7 26653.9 13355.7 9799.27 9642.51 8100.15 7097.29 6899.85 4276.11 3987.63 5782.29 2883.89 2794.54 2676.77 2647.24 3344.53 2431.69 2330.45 2248.47 2188.37 2155.33 2094.34 1925.81 1845.17 1797.73 1436.26 1432.4 1379.09 1378.88 1282.74 1221.47 1218.51 1177.07 1113.63 1110.22 1054.52 1033.71 1019.3 968.808 1278.41 962.272 1120.18 957.63 952.007 950.32 939.239 881.302 820.677 1258.56 1946.23 1960.5 983.34 839.736 807.887 793.022 790.386 788.57 783.423 779.783 970.661 776.453 758.049 751.164 708.979 690.269 661.305 646.269 628.038 627.948 624.156 617.853 613.432 601.263 598.95 582.006 581.425 580.169 571.609 596.446 563.573 552.825 551.224 550.091 532.932 527.607 1270.25 526.038 519.902 510.401 505.01 989.745 926.167 497.883 493.758 479.763 476.131 464.526 464.072 457.08 452.509 449.274 575.046 433.425 422.767 422.576 421.785 421.222 738.457 554.28 458.714 1278.02 2787.37 1289.06 445.894 420.933 406.883 405.618 403.547 402.264 707.917 398.431 396.506 393.302
threshold=1.1219645237111375 2.8540401012035619 0.19213007371465898 0.040011435105774734 9.8717944032260636 1.4676774517475548 0.015090980603225208 0.063014685086042466 1.0000000180025095e-35 0.099375729063849991 0.51785501459197014 0.052310143307246676 0.064279935275080927 1.1240604527534923 0.014562065081279062 59.500000000000007 0.033161635488878433 0.01186526339151811 0.052765155592741718 42.500000000000007 1.9084419402385009 22.445611888829731 0.96458971329362697 0.0083081244598098552 0.014973846545325393 1.0000000180025095e-35 0.32576379352812346 5.5000000000000009 0.12294618983195997 1.5457092136233983 3387.5000000000005 62.500000000000007 42.500000000000007 3.5000000000000004 27.500000000000004 84.027302325581402 1.0000000180025095e-35 0.096356162808523702 3358.5000000000005 2384.5000000000005 39.552931979225654 138.50000000000003 79.500000000000014 0.11215773106761434 0.59052502632849191 83.500000000000014 63.500000000000007 27.500000000000004 0.037060995412595596 5.5000000000000009 1.7840888116925042 1.0000000180025095e-35 138.50000000000003 13.500000000000002 0.11144335091509766 9.5000000000000018 42.500000000000007 1.5000000000000002 39.500000000000007 14.500000000000002 85.500000000000014 1.0000000180025095e-35 0.023241858248080338 0.037060995412595596 0.23157279784537391 0.87503003363767429 0.09950595727325684 0.16004877840218271 0.019253938832252088 0.56823632691469117 0.1773126634015427 0.85352528736329614 0.067274736675500726 0.23311672308941855 7.5000000000000009 0.040917708905622172 115.50000000000001 0.049751265945630792 6.5000000000000009 3992.0000000000005 -0.70710678118654735 0.019598507700368119 26.500000000000004 156.50000000000003 137.50000000000003 0.086461460944238414 7.5000000000000009 0.73453215596083743 0.007146734532059904 12.500000000000002 4104.5000000000009 10.500000000000002 127.50000000000001 139.50000000000003 126.50000000000001 10.704625215838254 3.2500000000000004 0.0921235037110303 0.46627712095732904 2.5000000000000004 0.37716298715792879 146.50000000000003 1821.5000000000002 2185.5000000000005 42.500000000000007 26.500000000000004 3449.5000000000005 108.50000000000001 8.8358794293418814 0.010371837600152969 2.102991367849492 0.040011435105774734 136.50000000000003 0.0014827189222141278 140.50000000000003 0.54422960451398228 1.0000000180025095e-35 72.500000000000014 0.022876744660515015 0.37940952255126054 2.2141289354179166 6.5000000000000009 189.50000000000003 0.012508254383720841 27.500000000000004 3225.5000000000005
decision_type=2 2 2 2 2 2 2 2 2 2 2 2 2 2 2 2 2 2 2 2 2 2 2 2 2 2 2 2 2 2 2 2 2 2 2 2 2 2 2 2 2 2 2 2 2 2 2 2 2 2 2 2 2 2 2 2 2 2 2 2 2 2 2 2 2 2 2 2 2 2 2 2 2 2 2 2 2 2 2 2 2 2 2 2 2 2 2 2 2 2 2 2 2 2 2 2 2 2 2 2 2 2 2 2 2 2 2 2 2 2 2 2 2 2 2 2 2 2 2 2 2 2 2 2 2 2
left_child=2 6 7 14 5 8 37 43 9 19 15 -9 13 20 -4 30 58 49 31 87 65 23 26 -6 -14 34 -16 32 40 39 36 120 66 64 -17 46 92 -2 -20 -13 95 42 47 109 -45 80 -30 -38 60 84 97 52 53 54 -52 -53 -41 -15 71 -43 99 62 67 -63 -18 75 -10 -28 -31 -22 -25 -7 -39 -59 91 -8 78 106 -27 -32 -21 -82 -69 -62 103 -86 98 88 -3 -46 -40 -68 94 -94 -5 117 -60 -26 -65 -34 -64 -90 -11 -12 -105 -33 -75 -77 -29 -1 112 -112 -111 114 116 -116 -114 -23 -102 -42 -19 122 -72 -78 -35 -48
right_child=1 4 3 10 21 16 12 11 27 102 17 29 24 57 22 25 33 18 38 45 69 28 -24 70 50 76 61 108 35 68 79 105 48 124 -36 -37 41 72 90 56 119 59 -44 44 89 -47 125 -49 -50 -51 51 55 -54 -55 -56 -57 -58 73 96 -61 83 63 100 86 -66 -67 74 82 -70 -71 121 -73 -74 77 -76 107 123 -79 -80 -81 81 -83 -84 -85 85 -87 -88 -89 101 -91 -92 -93 93 -95 -96 -97 -98 -99 -100 -101 118 -103 -104 104 -106 -107 -108 -109 -110 110 111 -113 113 -115 115 -117 -118 -119 -120 -121 -122 -123 -124 -125 -126 -127
leaf_value=-0.025868098066546771 -0.013934279261788338 -0.024723957732469593 -0.019931327776370421 0.0036492314125233607 0.013944190632384314 -0.0125735329962396 -0.025000048771787381 -0.023684940801454269 0.0058318975388491389 0.031819040535300797 -0.024627350376392933 -0.011084591750990754 -0.0089322495189928953 0.034390169021758475 -0.021989497889100217 -0.0032371515218870767 0.048622338717657969 -0.0080480929082493019 0.013223478499688192 -0.0020205144526550126 0.019962872014085944 0.024794543752846409 -0.017863727777742831 0.058811713713604212 0.025486352477199759 0.0020769490016846995 -0.015097324455962046 0.0049383463962485944 0.070152887330035982 0.0014898126292287278 0.015680957024218834 -0.02457838684969299 0.017329592229091292 0.032856397471097851 -0.021248961549126404 0.092865732416582566 -0.010392359658119745 -0.004268225053009311 0.023420348353876817 -0.0083822901979209979 0.2022593740697177 0.0026063169646857085 -0.019940494819401119 -0.023536530150924863 -0.022775300210755644 -0.011026298045049274 0.058856830934582716 0.0064418371004971928 0.034427042655893345 0.041968191520256153 0.031056426405862422 0.040867470700578938 0.039771777380975558 -0.018453600248401102 -0.012548070342119397 0.028265846670946143 0.0057451006447773647 0.010639896321422386 0.084290968944189859 0.0391860975063867 0.067672842471183672 -0.014312871335513485 -0.016737194240192124 -0.01103680162774869 0.039970564600618222 -0.009011328493796494 -0.0057957525453428286 -0.0051720315410177208 0.050126145664342481 0.0068592024765847604 0.050950768797475128 0.13745397603511808 0.037486037309605008 -0.0016080517898580671 -0.018420970798696128 0.0018041891204754145 0.041841292352619346 0.023270094805336275 -0.023960386181831619 -0.003411472983114997 0.053780851768850627 0.0095823765089925444 0.012621029713993728 0.015644175991189058 0.054635367171088259 -0.023661288725005256 -0.010474325805926001 -0.020465318299025939 0.026158599898110903 -0.010933915700517223 0.0059028994700020777 0.036103370594241638 -0.019263201939099427 0.019096315481457654 0.024864207164223849 0.065742798554129428 0.052678932757997829 0.017369063640822406 0.0026195009044921178 0.057107533221648209 -0.014325429541854125 -0.0051765759488349022 0.0537015112024802 -0.014176024410327275 0.029854942276648113 -0.0054641271616030461 0.025431291566407693 0.015495269875983216 0.069629209545097853 -0.024714437756309653 -0.023868316720975006 -0.011587462152903506 -0.023179164299138296 -0.025670627260927375 -0.0092854245969882371 0.049901994494231126 0.029476662339358931 0.048134258799132038 -0.00089407549136797889 0.079783962329228714 0.0093801660835723388 0.042491937416853851 0.066509724965124764 -0.010263483693844146 0.039331659805799113 0.072896167072388426
leaf_weight=181571 9313 1592 47901 5125 1267 154 638 12440 1047 2179 2486 10803 1553 4351 7592 4806 22439 1436 32222 362 8738 797 28985 14409 22441 7169 1321 2008 12013 407 8543 1998 619 9933 11395 1242 5946 672 18476 5544 53 2071 4958 34765 4636 673 23717 6129 3226 272 2357 9184 2725 1646 580 9878 10625 4663 1787 713 2743 15035 3428 3149 15349 6944 274 2132 659 5532 25558 30 619 1514 206 8924 512 33147 865 1721 919 392 6446 197 201 135 10156 5838 964 12427 1662 5812 1527 1003 2900 1273 592 9256 8500 461 2670 741 1395 1125 350 2293 793 2626 95 210573 6002 7368 3490 9584 520 912 151 5458 8467 45 7146 4090 2934 178 59448 1943
leaf_count=181571 9313 1592 47901 5125 1267 154 638 12440 1047 2179 2486 10803 1553 4351 7592 4806 22439 1436 32222 362 8738 797 28985 14409 22441 7169 1321 2008 12013 407 8543 1998 619 9933 11395 1242 5946 672 18476 5544 53 2071 4958 34765 4636 673 23717 6129 3226 272 2357 9184 2725 1646 580 9878 10625 4663 1787 713 2743 15035 3428 3149 15349 6944 274 2132 659 5532 25558 30 619 1514 206 8924 512 33147 865 1721 919 392 6446 197 201 135 10156 5838 964 12427 1662 5812 1527 1003 2900 1273 592 9256 8500 461 2670 741 1395 1125 350 2293 793 2626 95 210573 6002 7368 3490 9584 520 912 151 5458 8467 45 7146 4090 2934 178 59448 1943
internal_value=-3.35303e-06 0.0342588 -0.0165972 -0.00474675 0.0447834 0.0365353 0.0174674 -0.0230984 0.0193974 0.00344205 0.0051107 -0.00904634 0.0196106 0.0151401 -0.0138997 -0.0018781 0.0414929 0.0116749 0.013221 -0.00805045 0.00570766 0.0570926 -0.0109479 0.0525554 0.0254495 -0.00978656 -0.00803841 0.0337914 0.0617973 -0.00255143 0.00297273 -0.000478774 0.0375303 0.0407683 -0.0159058 0.0641303 -0.000240068 -0.0103201 0.0165892 -0.00389947 0.0498923 -0.00443248 -0.00711419 -0.0243035 -0.0204467 0.0191938 0.063183 -0.0018477 0.0464841 -0.0104004 0.026369 0.0302792 0.0196943 0.00775638 0.0224454 0.0343373 0.000901124 0.0222252 0.0717913 0.0119746 0.0561597 -0.00631068 -0.00215865 -0.00906787 0.0451081 -0.00113598 0.02869 0.00508989 0.0315567 0.014883 0.0535964 0.0118875 0.0157518 0.0209059 0.0324936 0.00335093 0.00157723 0.0222561 -0.000726424 0.0124797 0.0313505 0.0405651 0.00819869 0.0641866 -0.0137154 0.0231769 -0.00545134 -0.0150472 -0.00545329 -0.0141512 0.0219746 0.034217 0.00763119 -0.00405585 0.0113157 0.0486409 0.0764245 0.023116 -0.00107212 0.0343089 -0.00708508 0.0125402 0.0403602 -0.0168448 -0.003728 -0.0143642 0.00768636 0.00491698 0.00786066 -0.0247792 -0.0239506 -0.0171005 -0.0243572 -0.0192256 -0.0070495 0.0284094 -0.0209954 0.0451604 -0.00411413 0.146021 0.00646395 0.05129 0.052553 0.0283998 0.0384046 0.0599199
internal_weight=1.17799e+06 384368 793622 281145 236274 141475 148094 512477 31743 15055 135363 40478 137490 77870 145782 65561 109732 69802 65233 11481 33402 94799 97881 48258 59620 24925 68896 16688 46541 28038 40636 12873 14585 107169 16201 38915 30372 10604 52360 26972 7626 19817 17033 471999 51828 2346 37673 12075 7246 4569 58067 26370 7308 4583 2937 19062 16169 44468 2563 2784 4020 61304 24464 36840 37788 19132 7339 9899 1066 14270 46991 184 1291 40117 6292 12188 8724 35454 8034 10264 1673 1311 8578 2940 4297 336 21805 9135 3297 17063 20138 6086 10555 2530 8025 7528 2379 31697 11649 1080 14565 1705 3574 3961 1475 4291 2307 11550 2103 420171 238600 13370 225230 14657 5073 1432 3641 6255 11137 98 8582 32582 28492 690 69381 25660
internal_count=1177990 384368 793622 281145 236274 141475 148094 512477 31743 15055 135363 40478 137490 77870 145782 65561 109732 69802 65233 11481 33402 94799 97881 48258 59620 24925 68896 16688 46541 28038 40636 12873 14585 107169 16201 38915 30372 10604 52360 26972 7626 19817 17033 471999 51828 2346 37673 12075 7246 4569 58067 26370 7308 4583 2937 19062 16169 44468 2563 2784 4020 61304 24464 36840 37788 19132 7339 9899 1066 14270 46991 184 1291 40117 6292 12188 8724 35454 8034 10264 1673 1311 8578 2940 4297 336 21805 9135 3297 17063 20138 6086 10555 2530 8025 7528 2379 31697 11649 1080 14565 1705 3574 3961 1475 4291 2307 11550 2103 420171 238600 13370 225230 14657 5073 1432 3641 6255 11137 98 8582 32582 28492 690 69381 25660
is_linear=0
shrinkage=0.03


Tree=9
num_leaves=127
num_cat=0
split_feature=27 27 27 37 36 29 37 31 27 6 8 27 17 7 36 8 27 33 32 32 1 33 33 27 3 37 36 32 27 30 17 27 27 27 7 30 18 16 8 34 36 3 3 3 3 3 33 3 8 33 27 27 3 27 27 18 16 33 3 8 3 27 8 27 8 7 31 27 0 0 0 13 27 3 17 33 27 37 7 34 27 18 8 8 33 33 33 27 3 3 3 34 33 3 27 7 36 16 13 27 17 37 16 8 33 34 27 3 27 16 35 30 7 3 8 13 3 27 4 36 37 34 17 7 4 27
split_gain=621010 102008 31001.6 28477.5 15845.1 12692.6 10050.2 8282.35 7889 6376.25 6091.67 7433.31 5966.12 7260.79 5889.85 5602.3 5097.48 4695.36 3891.99 3862.05 3272 3162.76 3101.35 2773.41 3067.14 2626.1 2623.84 2426.94 2372.11 2322.02 2316.11 3102.11 2250.95 2222.24 2344.78 2195.18 1812.57 1725.65 1665.22 1597.63 1562.56 1715.74 2748.96 1507.65 1479.93 1439.11 5340.73 1268.41 1257.8 1891.07 1210.14 1197.99 1194.74 1183.87 1685.13 1181.41 1171.48 1156.79 1130.33 1083.93 1075.9 1035.2 1006.16 1067.85 993.339 987.726 972.003 962.52 953.541 942.769 1068.49 929.181 1038.63 1488.53 923.054 922.096 888.309 872.56 840.769 838.618 835.47 829.483 812.746 878.846 797.352 766.211 740.2 733.33 721.706 705.667 702.42 682.82 670.034 660.551 636.883 1186.75 635.024 600.331 596.723 621.429 581.092 579.764 575.978 687.364 565.366 561.407 689.091 559.717 559.071 652.985 556.254 553.23 547.219 540.174 534.19 532.843 506.005 499.261 496.302 493.055 809.657 698.023 487.266 475.794 472.491 477.969
threshold=0.06482172060267373 0.017394576347428647 0.17892931007053087 1.653324433043269 0.063014685086042466 1.0000000180025095e-35 0.34890983914268764 3.940172035382139 0.023065816766852546 3.5000000000000004 40.500000000000007 0.11621467663383581 1.0000000180025095e-35 5.5000000000000009 0.030729317670553497 44.500000000000007 0.089575085774610722 0.047691955024797512 1.5093702000281364e-05 1.0000000180025095e-35 1.0000000180025095e-35 0.025781629466387009 0.01962086276832176 0.0040397150012150594 42.500000000000007 1.7026858551990689 0.018161111948206101 1.5093702000281364e-05 0.12750818647605938 0.011109654942813371 1.0000000180025095e-35 0.031448058896583746 0.031448058896583746 0.19264507422402163 14.500000000000002 0.067274736675500726 2.5000000000000004 1.0000000180025095e-35 34.500000000000007 0.57852776937170458 0.065848700393555712 138.50000000000003 127.50000000000001 39.500000000000007 76.500000000000014 140.50000000000003 0.068150272568031925 34.500000000000007 43.500000000000007 0.039850090462651859 0.04456851498841867 0.04456851498841867 42.500000000000007 0.29490552214658577 0.25219298245614041 2.5000000000000004 1.0000000180025095e-35 0.064279935275080927 76.500000000000014 20.500000000000004 42.500000000000007 0.0043765384696261419 51.500000000000007 0.36223514050894201 33.500000000000007 3.5000000000000004 1.5457092136233983 0.043965352194770067 15.500000000000002 75.500000000000014 93.500000000000014 1.5000000000000002 0.13311560801174066 134.50000000000003 6.5000000000000009 0.11144335091509766 0.14236882163323786 39.552931979225654 1.5000000000000002 0.57105190082441804 0.0065611436846809154 1.0000000180025095e-35 25.500000000000004 17.500000000000004 0.047691955024797512 0.052765155592741718 0.019797201937088411 0.010013046234375276 42.500000000000007 75.500000000000014 138.50000000000003 2.3148474769376115 0.040011435105774734 42.500000000000007 0.31488174840163413 16.500000000000004 0.05192589875275129 1.5000000000000002 1.0000000180025095e-35 0.033161635488878433 1.5000000000000002 2.5538079045070057 4.5000000000000009 51.500000000000007 0.11144335091509766 0.57852776937170458 0.33038281723753454 145.50000000000003 0.009438130031101756 1.0000000180025095e-35 8.5325607956474741e-05 0.013002526235327968 16.500000000000004 42.500000000000007 28.500000000000004 1.5000000000000002 26.500000000000004 0.096356162808523702 190.50000000000003 0.022624811445732938 0.22283856918452852 0.50172218043487149 2.5000000000000004 6.5000000000000009 89.500000000000014 0.29174776574643851
decision_type=2 2 2 2 2 2 2 2 2 2 2 2 2 2 2 2 2 2 2 2 2 2 2 2 2 2 2 2 2 2 2 2 2 2 2 2 2 2 2 2 2 2 2 2 2 2 2 2 2 2 2 2 2 2 2 2 2 2 2 2 2 2 2 2 2 2 2 2 2 2 2 2 2 2 2 2 2 2 2 2 2 2 2 2 2 2 2 2 2 2 2 2 2 2 2 2 2 2 2 2 2 2 2 2 2 2 2 2 2 2 2 2 2 2 2 2 2 2 2 2 2 2 2 2 2 2
left_child=1 4 5 8 39 6 28 21 12 17 11 16 43 68 38 92 25 19 47 51 59 53 98 -6 101 -8 -21 50 64 57 52 74 -29 -16 62 -27 60 93 78 -1 41 42 -18 -3 119 48 -47 -11 49 108 82 116 91 54 -4 -52 104 -17 61 -13 -24 -26 63 96 -2 105 111 -58 122 -40 -71 72 73 -31 -32 94 -74 90 -9 -73 -51 -53 83 -19 115 -82 -62 -63 -70 97 102 -28 -12 -20 95 -67 -35 -88 113 -100 -85 -25 103 -7 -34 -23 -107 -54 -41 -110 -39 -48 -89 -10 -43 -49 -5 -81 -84 120 -45 -122 -14 -22 125 -97
right_child=2 3 7 9 23 77 10 14 22 18 15 20 13 -15 33 29 40 27 37 26 123 65 36 24 58 35 30 32 -30 71 31 -33 56 34 -36 -37 -38 110 69 45 -42 114 -44 44 -46 46 66 84 -50 80 55 81 107 -55 -56 -57 67 -59 -60 -61 86 87 -64 -65 -66 75 -68 -69 88 70 -72 79 76 -75 -76 -77 -78 -79 -80 117 85 -83 118 100 -86 -87 89 112 -90 -91 -92 -93 -94 -95 -96 124 -98 -99 99 -101 -102 -103 -104 -105 -106 106 -108 -109 109 -111 -112 -113 -114 -115 -116 -117 -118 -119 -120 -121 121 -123 -124 -125 -126 -127
leaf_value=-0.024434648497931265 -0.012957077599306198 -0.011559312963765727 0.019602131243158401 -0.019668589730444819 -0.022385007553834251 0.069052235025310549 0.0029141478766458338 -0.021546354093602439 -0.017226761765248566 -0.002123206559425635 0.0323029514461338 0.025569311024647483 -0.014873750927029075 -0.014077918287136356 0.070888922071425151 0.0064254939944814295 0.0052134850935407068 0.011354999246441993 -0.0056371345084532381 0.085077451081450928 0.058292434071015593 0.023760990813587572 -0.0087492618497127372 -0.013822227119518698 0.047380820042281238 0.023159306421624542 -0.020644548704723514 0.081248189692460615 0.012394590357222285 -0.0073348058977405935 0.071036118778221788 0.0055145387968484338 0.017512219106485396 0.0060950385167436527 0.061895068279798425 0.045058630287408453 -0.015211956585950065 0.004437846076714675 0.060127625468477386 -0.022816742391444066 0.015714231429653943 0.0092790358003540067 -0.021465883928521362 -0.00040222182869911191 -0.012546869579445978 -0.023122585947815289 -0.025131594939569454 0.016944036552957314 -0.024160892985024662 -0.020199628311708059 0.025640271364875317 0.016461589517209947 0.035427728086920303 0.034557450117583231 -0.024519897095041765 0.012442681390135589 0.045204261666093259 0.064584337962651436 -0.019287983172394163 0.040435611194666918 0.022901559135824531 0.0022574017311545076 0.050873475248024665 0.065760652501833494 0.014616143550728175 0.035118032902218696 0.00074210348966959364 0.022866357520580992 0.037822565741264545 0.011086025886111227 0.049401211091512888 0.011518201531260564 0.078244231992749255 0.0272659511440148 -0.016793166681610301 0.050720956327137884 0.024031159174187949 0.14343702778373796 0.0321531131118536 0.0085444702498196773 -0.0089090051901398494 -0.0037314449068743543 0.01735187698387114 -0.013161385558341041 0.01924707432719323 0.011090636479732413 0.0074986773353129758 0.016648261402535371 0.059002279100906094 -0.010680515980833237 0.022269957039782722 0.012098887194408709 0.052326140829060806 -0.019119940505775271 0.037743157483751441 0.028488137679471948 0.038846045210296561 -0.0039143066663406842 -0.022504587464477175 -0.015327255692771982 0.016554143192378551 -0.0020231978608570679 0.042866321386408057 0.051982117084698957 -0.018467940390700162 0.047064719328244908 0.037424783043796907 -0.018849419545436251 -0.0050661051560583654 -0.019575769370864429 -0.018265792540742367 0.04344409983924457 -0.025546907303662134 -0.0068663533357738457 0.032454209575642032 -0.0048638195478623459 -0.0057482277642093007 0.031311376978682359 -0.0033305845559813809 0.0041282618364977619 0.074084519211335062 0.028368123499434232 0.038146538917834941 0.023548919293711813 -0.0082536998753935907 0.004234190965024095
leaf_weight=328601 7917 10026 2308 3476 7257 3416 4059 1031 8812 5275 1712 24037 364 2912 6007 363 14599 8876 5210 545 4256 1295 19770 14740 567 14586 1800 781 9607 2706 1504 1564 1773 565 14886 5741 16999 9263 773 46929 12258 1703 4562 476 1604 7276 113 1681 81181 4654 17580 3355 983 1821 1176 9352 3565 2024 1535 5407 1288 13249 29975 1314 1381 14844 888 3384 3553 2100 952 2414 297 1908 116 3989 3234 97 352 909 8939 4030 18688 2659 10895 2136 9261 5994 2444 4779 631 841 12385 8784 46707 2358 9356 7513 18794 25708 762 5026 2799 5609 505 20522 9890 207 3593 12513 1085 1680 290 9319 1887 2520 7256 18711 1106 761 479 807 273 387 583 1060
leaf_count=328601 7917 10026 2308 3476 7257 3416 4059 1031 8812 5275 1712 24037 364 2912 6007 363 14599 8876 5210 545 4256 1295 19770 14740 567 14586 1800 781 9607 2706 1504 1564 1773 565 14886 5741 16999 9263 773 46929 12258 1703 4562 476 1604 7276 113 1681 81181 4654 17580 3355 983 1821 1176 9352 3565 2024 1535 5407 1288 13249 29975 1314 1381 14844 888 3384 3553 2100 952 2414 297 1908 116 3989 3234 97 352 909 8939 4030 18688 2659 10895 2136 9261 5994 2444 4779 631 841 12385 8784 46707 2358 9356 7513 18794 25708 762 5026 2799 5609 505 20522 9890 207 3593 12513 1085 1680 290 9319 1887 2520 7256 18711 1106 761 479 807 273 387 583 1060
internal_value=-3.25271e-06 -0.0140348 0.0338107 0.000506408 -0.0216185 0.0247647 0.0224727 0.0427389 -0.00875651 0.0102026 0.0252424 0.0208234 0.00708473 0.0254128 0.0509771 0.0340952 0.0144148 0.0146108 0.000865373 0.00365832 0.0319902 0.0375347 -0.0118276 -0.00527784 -0.0022792 0.0249451 0.0216694 0.0186847 0.00194015 0.0272561 0.0167432 0.0356517 0.0323452 0.053547 0.0516899 0.0293444 -0.00692952 -0.00723152 0.0203327 -0.0232134 0.00707968 0.00242748 -0.00113855 -0.00527727 0.00998414 -0.0208515 -0.00978555 0.0105406 -0.0215404 -0.0188395 0.0163684 -0.0038575 0.00102809 0.0149548 0.00470905 0.0210575 0.0282059 0.0557399 0.00552564 0.0282993 -0.00362537 0.00742061 0.0480036 0.0403468 -0.00886172 0.0387178 0.02641 0.0343262 0.0427472 0.0305331 0.0230376 0.0250031 0.0163451 0.00697344 0.0647471 0.036717 0.0285911 0.0538081 -0.00787881 0.0282036 -0.0095338 0.00544224 0.0124332 0.00637595 0.0149658 -0.00505174 0.000809601 0.00626066 0.0464541 -0.000510607 0.05311 -0.0102177 0.0498944 -0.0141003 0.0358649 0.0312095 0.0369809 0.00238685 -0.0164893 -0.0183584 -0.00654249 -0.010822 0.0547558 0.0584432 0.00953593 0.0431061 0.0439298 0.0259862 -0.0211616 -0.0163389 0.00205734 0.0391223 0.014701 -0.0119017 0.0214605 0.00386244 -0.0102569 0.0302566 0.0161962 0.0243082 0.0330239 0.0453962 0.00784923 0.0553965 0.0167087 0.0209664
internal_weight=1.17799e+06 832524 345466 285363 547161 171602 159050 173864 145942 139421 140145 93482 23699 9546 67311 46663 59395 94708 44713 25677 34087 106553 122243 48658 41401 24386 7560 69031 18905 32566 7015 3184 10008 62103 56096 20327 59610 24342 5208 498503 35009 22751 19161 14153 4127 169902 9957 20371 159945 78764 59023 18117 3831 5305 3484 26932 9227 2387 21635 29444 42611 20100 41210 11235 9298 101248 2681 6949 6634 3825 3052 30179 8145 4614 1620 69541 3531 12552 1383 22034 15729 7385 32091 12297 15096 11075 22841 19533 5997 21553 12455 2641 14097 13994 65552 18845 9921 16774 62633 44502 3421 19766 11824 9025 2278 31707 30412 1190 63035 16106 10348 1793 6284 18131 3590 4201 10732 19620 19794 2523 1762 1286 637 4643 4001 3418
internal_count=1177990 832524 345466 285363 547161 171602 159050 173864 145942 139421 140145 93482 23699 9546 67311 46663 59395 94708 44713 25677 34087 106553 122243 48658 41401 24386 7560 69031 18905 32566 7015 3184 10008 62103 56096 20327 59610 24342 5208 498503 35009 22751 19161 14153 4127 169902 9957 20371 159945 78764 59023 18117 3831 5305 3484 26932 9227 2387 21635 29444 42611 20100 41210 11235 9298 101248 2681 6949 6634 3825 3052 30179 8145 4614 1620 69541 3531 12552 1383 22034 15729 7385 32091 12297 15096 11075 22841 19533 5997 21553 12455 2641 14097 13994 65552 18845 9921 16774 62633 44502 3421 19766 11824 9025 2278 31707 30412 1190 63035 16106 10348 1793 6284 18131 3590 4201 10732 19620 19794 2523 1762 1286 637 4643 4001 3418
is_linear=0
shrinkage=0.03


Tree=10
num_leaves=127
num_cat=0
split_feature=28 28 28 33 28 34 33 36 13 28 28 28 33 31 33 9 36 14 28 36 18 32 28 28 5 14 5 9 28 31 34 34 29 28 36 5 0 36 34 0 33 5 17 34 17 16 36 28 28 34 16 26 0 4 32 32 25 28 16 9 33 14 0 14 5 34 34 0 31 36 31 31 10 31 0 5 17 33 5 34 9 28 5 5 24 4 15 17 0 18 12 5 32 9 7 34 7 0 0 16 5 28 18 36 16 28 34 33 9 5 28 28 0 5 5 33 36 24 26 34 18 36 17 15 33 28
split_gain=662479 67207.6 59275.2 24410.1 23332.6 11901.5 9114.04 8383.93 7244.58 5992.18 5934.84 3862.66 3718.84 5264.49 2544.58 2479.1 2396.74 2026.66 1979.41 1965.43 1768.22 1741.57 1662.35 1598.6 1540.14 1515.95 1469.34 1460.08 1398.09 1362.74 1329.21 1276.57 1273.83 1164.17 1132.57 1104.21 1053.14 2598.63 1163.62 1261.93 1161.85 954.385 932.983 905.629 904.207 902.544 900.204 869.055 861.033 1009.87 856.918 841.207 806.5 803.578 735.231 721.952 718.732 669.098 988.686 905.145 646.902 625.712 621.489 766.045 600.686 596.09 585.27 663.905 556.518 738.488 539.408 520.165 519.309 517.145 511.193 501.416 499.941 499.745 494.299 493.265 489.485 475.742 460.298 454.69 600.737 448.81 446.463 459.163 438.393 432.072 429.418 425.261 420.782 411.13 507.09 407.191 424.529 611.552 449.123 412.965 404.736 400.91 400.32 398.04 393.551 385.438 630.336 455.092 382.15 375.645 372.594 365.221 363.605 357.871 352.587 344.141 344.059 343.673 342.258 340.384 336.672 333.603 359.521 320.068 318.472 842.262
threshold=1.1219645237111375 3.3970942969526434 0.19213007371465898 0.040011435105774734 10.349768061437796 1.4676774517475548 0.015090980603225208 0.063014685086042466 1.0000000180025095e-35 8.8358794293418814 0.51785501459197014 0.052310143307246676 0.064279935275080927 1.1240604527534923 0.014562065081279062 59.500000000000007 0.049414510585311752 0.96458971329362697 22.445611888829731 0.0084708063553290188 1.0000000180025095e-35 1.5093702000281364e-05 5.5083136303799369 0.32576379352812346 3358.5000000000005 0.82929760787992512 1664.5000000000002 42.500000000000007 8.8358794293418814 1.5457092136233983 0.24512402110014134 1.9057618361605384 0.0006963784507029977 84.027302325581402 0.02544276580093929 3387.5000000000005 111.50000000000001 0.030490724865750832 0.33873941013063796 93.500000000000014 0.0069700888316244223 2384.5000000000005 6.5000000000000009 0.56572431657503508 1.0000000180025095e-35 3.5000000000000004 0.032597968522763407 0.80139390966197055 0.11215773106761434 0.80031288691257363 2.5000000000000004 1.0000000180025095e-35 1.5000000000000002 219.00000000000003 1.0000000180025095e-35 1.5093702000281364e-05 0.25881904510252057 1.7840888116925042 1.0000000180025095e-35 9.5000000000000018 0.094356926587388659 0.019253938832252088 39.500000000000007 0.85352528736329614 4104.5000000000009 0.23311672308941855 0.60801195970296396 159.50000000000003 0.76131021780083852 0.066865092153863798 0.22820309318772833 15.28784573230965 1.2500000000000002 11.595508557639237 60.500000000000007 4153.5000000000009 3.5000000000000004 0.027029414412778282 1640.5000000000002 3.7185717015247772 9.5000000000000018 0.667664440766223 3928.5000000000005 3199.5000000000005 0.91597561503675362 175.50000000000003 1.5000000000000002 4.5000000000000009 30.500000000000004 5.5000000000000009 0.666434863235976 3268.5000000000005 1.5093702000281364e-05 60.500000000000007 5.5000000000000009 0.55459749839321704 6.5000000000000009 189.50000000000003 63.500000000000007 17.500000000000004 3340.5000000000005 0.94489103413968012 10.500000000000002 0.082711815195891644 2.5000000000000004 0.010371837600152969 1.9447223099069839 0.040011435105774734 -1.0000000180025095e-35 3992.0000000000005 0.74600212803845423 8.2466795937622326 133.50000000000003 3469.5000000000005 2606.5000000000005 0.081078081123127962 0.010265086819694522 -1.0000000180025095e-35 1.0000000180025095e-35 0.11153207711307188 1.5000000000000002 0.017623393817259081 4.5000000000000009 6.5000000000000009 0.032707366722294566 8.8358794293418814
decision_type=2 2 2 2 2 2 2 2 2 2 2 2 2 2 2 2 2 2 2 2 2 2 2 2 2 2 2 2 2 2 2 2 2 2 2 2 2 2 2 2 2 2 2 2 2 2 2 2 2 2 2 2 2 2 2 2 2 2 2 2 2 2 2 2 2 2 2 2 2 2 2 2 2 2 2 2 2 2 2 2 2 2 2 2 2 2 2 2 2 2 2 2 2 2 2 2 2 2 2 2 2 2 2 2 2 2 2 2 2 2 2 2 2 2 2 2 2 2 2 2 2 2 2 2 2 2
left_child=2 6 7 14 5 8 93 48 9 77 15 -9 13 25 120 31 27 23 19 -6 56 70 -10 -16 47 46 54 -12 111 41 112 -5 33 45 42 51 37 38 119 -40 -38 115 44 -39 -32 91 -8 68 105 -50 53 -33 -15 66 -14 -47 -17 102 59 73 76 -31 63 -30 101 -54 -25 -68 69 72 -7 95 -18 79 -48 82 -53 -3 -56 -59 -60 -52 114 -42 -85 92 90 -88 113 100 -64 -20 -49 -2 -95 -21 97 98 -97 -98 103 -26 -28 -27 -19 -1 121 -108 -83 -37 -71 -23 116 -34 -43 -13 -24 -29 -22 -11 -4 -107 -123 -90 -36 -126
right_child=1 4 3 10 18 21 12 11 22 36 16 29 26 52 17 20 24 104 32 71 118 28 30 50 64 89 57 117 62 61 34 35 88 -35 124 109 40 43 39 -41 83 75 -44 -45 -46 55 74 85 49 -51 81 60 65 -55 78 -57 -58 58 80 -61 -62 -63 86 -65 -66 -67 67 -69 -70 110 -72 -73 -74 -75 -76 -77 -78 -79 -80 -81 -82 108 -84 84 -86 -87 87 -89 123 -91 -92 -93 -94 94 -96 96 99 -99 -100 -101 -102 -103 -104 -105 -106 106 107 -109 -110 -111 -112 -113 -114 -115 -116 -117 -118 -119 -120 -121 -122 122 -124 -125 125 -127
leaf_value=-0.024362690804133058 -0.011824901011082425 0.017699639693617611 -0.016842628810470456 -0.018349361825067568 0.013211248319346934 0.04066739447224204 0.0011949339461537524 -0.022549835266604104 0.00019875440956417694 -0.015360260641291026 0.0075414479072239892 -0.014019403467722182 0.019455673226508433 0.033297625693380017 -0.020577279648809715 -0.020254409502603075 -0.022598039328877804 -0.011467975258081986 0.061622088604194124 0.037776785050157635 0.0098165615235734985 0.035193659767021677 0.0013433632112570069 -0.0079380011549028909 0.018916816502022937 -0.0075655503316925761 0.025100268545405507 -0.019445831878175383 -0.012946891274891402 0.00048538141105812429 0.031813402972992781 0.0078833404257997834 0.009633426661867844 0.088654344825979073 0.018617165477644533 0.015239738444208197 0.061986170001536105 0.049149871837151672 0.10884316075411511 0.02262406953252279 -0.020521246135477834 0.013770384450299473 -0.0060683339560411 -0.023350427511076514 0.056226123924781053 0.048889374036675697 0.0046838261210432773 0.013666584450581288 -0.021932967224529386 -0.012749849049764863 -0.012503073946974417 -0.0067493803323859843 0.009720681273874255 0.0080082552977629503 0.018959446956426186 0.063886306961548275 -0.0078648923394012069 0.021262765405085416 0.040387305208511561 0.036108304909252091 0.012703178051333216 0.048203613307321549 0.07715782453240988 0.14272612810134888 0.0032231127256140512 0.021084160988149012 -0.0043012112014539465 0.012688640659948285 0.0092390250772452914 0.010881254446657097 0.035990333901313121 0.062610919059187878 0.014490359872935211 -0.016823973299574052 0.017403757628371149 -0.016173674130336088 0.01028276590565075 0.042887357603129915 -0.0082796933748422903 -0.013013368355048882 0.029587089939850045 0.0010665571510787859 0.010676912310644856 -0.010310430009153824 0.034882859383653472 -0.0017678193770209526 0.044059813404982946 0.1132134567975998 0.050232292214588518 -0.015752431297554603 0.1347326179061617 0.074516629571018511 0.026557224917808452 0.037280697286968499 -0.010939325053109055 0.053563132266303763 0.046124676361919803 0.061722362120248647 0.046155689005008528 0.022239519183276865 0.010508272838747454 0.029535788623871805 0.01256747142595282 0.010682628402634609 -0.019223931113513591 -0.023891933720119156 -0.022471608137905226 -0.01167380147518032 -0.010610780377687866 -0.00098273295897846049 -0.0047025408401494507 0.047577577130507795 0.029692172349257282 0.05563284168685121 -0.0030343507815214494 -0.0020270326952404765 0.025380824387310041 -0.0021177307560521887 -0.0028540160795680739 0.027299888567811636 -0.022032596705931193 -0.021820085167694195 -0.0089397232163075033 0.0039143892361299835 0.026713629804858658 0.075389505876826746
leaf_weight=181794 9800 958 29539 2447 1301 36311 7127 12378 1364 252 6268 7719 15660 4393 7561 9531 1797 8221 21493 2411 3267 2816 1238 17504 15089 5815 21138 3459 152 389 1883 10270 475 1274 1919 8238 179 171 328 286 5151 1284 283 1664 4968 9658 3820 12647 36526 15289 18907 14350 4701 5370 967 4122 7554 2229 7617 1919 2125 679 1561 35 1840 35746 6198 3108 12718 3525 57079 3032 419 536 11124 1414 1739 2727 1578 455 7491 5345 4380 2370 298 1397 636 100 6744 2108 126 2578 2780 355 439 16129 5733 4799 13560 735 2208 4061 2573 1320 20749 131309 6262 8002 4776 1522 2270 8972 1902 224 9000 2987 945 1467 4649 507 18168 91124 1993 137 1802 389
leaf_count=181794 9800 958 29539 2447 1301 36311 7127 12378 1364 252 6268 7719 15660 4393 7561 9531 1797 8221 21493 2411 3267 2816 1238 17504 15089 5815 21138 3459 152 389 1883 10270 475 1274 1919 8238 179 171 328 286 5151 1284 283 1664 4968 9658 3820 12647 36526 15289 18907 14350 4701 5370 967 4122 7554 2229 7617 1919 2125 679 1561 35 1840 35746 6198 3108 12718 3525 57079 3032 419 536 11124 1414 1739 2727 1578 455 7491 5345 4380 2370 298 1397 636 100 6744 2108 126 2578 2780 355 439 16129 5733 4799 13560 735 2208 4061 2573 1320 20749 131309 6262 8002 4776 1522 2270 8972 1902 224 9000 2987 945 1467 4649 507 18168 91124 1993 137 1802 389
internal_value=-1.45322e-05 0.0322819 -0.0156822 -0.0046054 0.0423609 0.0345606 0.01669 -0.0217524 0.0183654 0.00315297 0.00455986 -0.00860567 0.0187129 0.0143661 -0.0131394 -0.00191075 0.0106552 -0.0103672 0.0538767 0.0495782 -0.00934578 0.0393061 0.0319357 -0.00756332 0.0130871 0.00537293 0.0241923 -0.00206361 0.0490181 -0.00240859 0.0347597 0.00265741 0.0582667 0.0604474 0.0400844 0.0040015 -0.00776006 0.00676148 0.0379762 0.0686825 -0.0135847 -0.00373369 0.0473113 -0.0165943 0.0495163 0.059498 0.00996819 0.00944923 -0.0228723 -0.0192233 -0.00595571 0.00101756 0.0210894 -0.00258437 0.0170252 0.0533754 -0.0147765 0.0271605 0.0311658 0.0197991 -0.00285372 0.0308231 0.0688853 0.0161898 0.0195956 0.0197634 -0.00470606 0.00137303 0.00533776 -0.000855769 0.0378088 0.0505979 -0.0155854 0.0100795 0.0141523 0.000887381 -0.00490844 0.0363392 0.00207011 0.0154522 0.0350322 -0.00969312 0.00253252 -0.0153147 -0.0052626 0.014515 0.0729522 0.0534557 0.0470106 -0.0034841 0.081458 0.0630031 0.0159895 -0.0101427 0.01062 0.049758 0.0504633 0.051786 0.0501799 0.0434105 -0.00071608 0.0211687 0.0237403 -0.00418957 -0.017023 -0.0233219 -0.0225293 -0.0164141 -0.00444386 0.01271 0.00477682 0.0446192 0.0201034 0.0243743 -0.00093621 -0.0106735 0.011749 -0.0142854 0.00237524 0.013136 -0.0188191 -0.0229179 -0.0215444 0.0493101 0.0275403 0.0353558
internal_weight=1.1783e+06 384896 793404 280875 233777 139372 151119 512529 31584 14891 135429 40230 140525 78362 145446 65692 69737 97739 94405 47700 25001 107788 16693 68769 58543 33522 62163 11194 14398 27852 15329 40691 46705 39125 11244 38244 11206 3208 1373 614 7998 26784 7134 1835 6851 37851 22071 37553 472299 51815 61208 28484 44840 32180 18205 13780 17085 43958 20247 5139 18214 1068 2610 187 20990 40447 26810 9306 20729 8011 93390 46399 2216 3220 14944 16078 16089 3685 2545 2684 15108 29028 14664 7819 2668 16824 2423 736 7580 11451 1687 24071 15427 10594 794 43367 40956 34488 29689 6468 9343 19150 23711 7135 28970 420484 238690 14264 10121 9760 5795 11788 4085 699 10284 10706 2183 4926 7916 759 47707 224426 93117 6881 4110 2191
internal_count=1178300 384896 793404 280875 233777 139372 151119 512529 31584 14891 135429 40230 140525 78362 145446 65692 69737 97739 94405 47700 25001 107788 16693 68769 58543 33522 62163 11194 14398 27852 15329 40691 46705 39125 11244 38244 11206 3208 1373 614 7998 26784 7134 1835 6851 37851 22071 37553 472299 51815 61208 28484 44840 32180 18205 13780 17085 43958 20247 5139 18214 1068 2610 187 20990 40447 26810 9306 20729 8011 93390 46399 2216 3220 14944 16078 16089 3685 2545 2684 15108 29028 14664 7819 2668 16824 2423 736 7580 11451 1687 24071 15427 10594 794 43367 40956 34488 29689 6468 9343 19150 23711 7135 28970 420484 238690 14264 10121 9760 5795 11788 4085 699 10284 10706 2183 4926 7916 759 47707 224426 93117 6881 4110 2191
is_linear=0
shrinkage=0.03


Tree=11
num_leaves=127
num_cat=0
split_feature=27 27 27 37 36 9 32 36 31 27 17 31 6 27 37 5 32 37 37 32 31 34 36 27 3 27 5 27 31 3 3 9 14 36 32 36 17 9 31 16 31 37 9 27 3 3 3 27 27 27 27 9 31 3 9 3 27 37 36 16 9 0 3 5 34 27 9 37 36 36 13 27 31 27 34 36 3 27 31 9 36 9 3 3 27 37 3 36 9 9 3 27 32 9 18 36 34 27 27 1 27 34 0 27 3 27 2 27 18 36 13 9 36 5 35 3 24 4 3 37 5 13 3 3 37 5
split_gain=550646 90233.4 27699.4 25185.4 13776.8 11130.7 16544.6 8047.69 7389.11 7069.57 5719.09 6356.54 5712.53 5320.75 5117.68 4685.3 3533.26 3198.17 2866.2 2704.96 2649.64 2498.81 2443.37 2433.37 2704.13 2364.03 2077.08 2051.57 2363.79 1706.85 3349.93 1692.52 1690.33 1660.01 1667.05 1717.95 1773.51 1662.57 1565.95 1555.44 1499.78 1411.62 1363.17 1346.46 1279.75 1308.51 1211.32 1193.52 1158.33 1053.74 1051.16 1024.58 1117 989.98 980.887 944.229 923.094 915.954 1138.59 1038.35 960.397 906.209 812.53 765.865 763.007 755.239 1551.01 750.766 1071.55 737.566 715.047 712.054 865.087 701.644 695.94 681.249 680.367 1627.06 771.865 676.649 646.05 643.741 813.811 640.581 627.15 617.181 1728.87 4682.88 1295.52 660.898 584.641 572.758 1293.01 1226.48 789.125 562.458 550.865 611.185 537.595 536.159 534.526 529.914 520.974 571.995 617.117 794.685 520.668 518.508 594.191 504.48 500.966 497.11 486.902 486.427 483.2 481.742 474.416 471.443 467.43 466.772 465.24 461.29 451.84 451.318 449.403 446.57
threshold=0.06482172060267373 0.017394576347428647 0.17892931007053087 1.653324433043269 0.063014685086042466 32.500000000000007 1.0000000180025095e-35 0.10769100727912286 3.940172035382139 0.023065816766852546 1.0000000180025095e-35 10.490218182320747 3.5000000000000004 0.11621467663383581 0.40768053738648052 3383.5000000000005 1.5093702000281364e-05 1.465962812751614 1.1859797175906448 1.5093702000281364e-05 3.940172035382139 0.34524954937810376 0.020809122986465488 0.0040397150012150594 42.500000000000007 0.097381106612567284 4104.5000000000009 0.19264507422402163 11.735478263972789 127.50000000000001 138.50000000000003 46.000000000000007 0.96310228921887042 0.043153271848924028 1.5093702000281364e-05 0.018161111948206101 1.0000000180025095e-35 36.500000000000007 0.10850784213545829 1.0000000180025095e-35 11.236278326313732 2.102991367849492 19.500000000000004 0.13876496606421113 39.500000000000007 76.500000000000014 34.500000000000007 0.29490552214658577 0.037060995412595596 0.10859239848092457 0.0043765384696261419 69.500000000000014 0.10850784213545829 42.500000000000007 8.5000000000000018 76.500000000000014 0.25219298245614041 0.24158594618482945 0.028347963600663433 2.5000000000000004 58.500000000000007 15.500000000000002 42.500000000000007 4712.5000000000009 2.2141289354179166 0.24532361399425368 19.500000000000004 1.4021587639612183 0.0086639314808855568 0.019274753306614746 1.0000000180025095e-35 0.31488174840163413 0.1928811119553113 0.049436297465138446 1.9057618361605384 0.022624811445732938 134.50000000000003 0.12848822407021221 3.7498140564159965 3.5000000000000004 0.05192589875275129 36.500000000000007 42.500000000000007 42.500000000000007 0.010013046234375276 0.39423999325581277 140.50000000000003 0.053518821603927992 59.500000000000007 66.500000000000014 42.500000000000007 0.043965352194770067 1.0000000180025095e-35 36.500000000000007 2.5000000000000004 0.030729317670553497 0.57852776937170458 0.33038281723753454 0.033161635488878433 770.00000000000011 0.32997825212909832 0.058310496306930394 45.500000000000007 0.0024224466418869958 141.50000000000003 0.0043765384696261419 1.0000000180025095e-35 0.036638934614643119 1.0000000180025095e-35 0.0084708063553290188 4.5000000000000009 64.500000000000014 0.047554435614137115 3383.5000000000005 8.5325607956474741e-05 145.50000000000003 -0.5 219.00000000000003 126.50000000000001 11.425903358499502 3449.5000000000005 1.0000000180025095e-35 42.500000000000007 52.500000000000007 9.3213119426854423 3904.5000000000005
decision_type=2 2 2 2 2 2 2 2 2 2 2 2 2 2 2 2 2 2 2 2 2 2 2 2 2 2 2 2 2 2 2 2 2 2 2 2 2 2 2 2 2 2 2 2 2 2 2 2 2 2 2 2 2 2 2 2 2 2 2 2 2 2 2 2 2 2 2 2 2 2 2 2 2 2 2 2 2 2 2 2 2 2 2 2 2 2 2 2 2 2 2 2 2 2 2 2 2 2 2 2 2 2 2 2 2 2 2 2 2 2 2 2 2 2 2 2 2 2 2 2 2 2 2 2 2 2
left_child=1 4 5 9 41 7 18 13 21 10 44 -12 15 17 42 33 46 -2 49 26 38 47 70 -6 79 -19 112 -16 54 95 -31 115 57 34 73 -36 64 -38 -9 83 69 85 109 -22 -3 116 -14 56 63 -7 -26 52 96 -43 100 84 -4 -24 60 122 -59 -13 -63 81 -37 66 119 68 -8 -15 90 72 123 -5 -35 -34 77 110 -78 -25 -68 -21 -83 -18 125 -1 -87 -88 -89 -90 -11 92 -76 -94 -93 -27 -23 -98 -72 117 -29 -64 -55 -104 105 -105 -44 108 -48 -10 -71 -69 -17 -70 -41 -20 -46 -74 -97 -56 -107 -75 -60 -54 -40 -52
right_child=2 3 8 12 23 6 67 20 14 22 11 61 16 40 27 19 39 25 31 48 43 51 32 24 50 29 -28 28 -30 30 -32 -33 75 74 35 36 37 -39 124 114 -42 53 106 -45 45 -47 107 -49 -50 -51 55 -53 71 102 65 -57 -58 58 59 -61 -62 62 101 -65 -66 -67 80 111 113 76 98 -73 99 121 91 -77 78 -79 -80 -81 -82 82 -84 -85 -86 86 87 88 89 -91 -92 94 93 -95 -96 118 97 -99 -100 -101 -102 -103 103 104 -106 120 -108 -109 -110 -111 -112 -113 -114 -115 -116 -117 -118 -119 -120 -121 -122 -123 -124 -125 -126 -127
leaf_value=-0.023040549482431505 -0.0069928881549923627 -0.01129199393601288 0.014819229721525419 -0.011369821478941729 -0.021202657636845462 -0.0054578745272483411 0.059663479293836495 0.051236294952491365 0.011547429697942037 -0.015617682585090295 -0.012440969005206619 0.0066360758212292825 -0.0024815338101065688 0.0029368775646462816 0.06660791459594706 0.0091956377323421119 -0.0051953477765041929 0.021411140424936189 0.014453558992990334 0.043138374358025353 0.044033493473781986 0.022261879391214642 -0.016190287548107689 -0.017033600747285542 0.045040923973716528 -0.019135370446908554 -0.0046121055588641191 0.011053038663744777 0.059247756915687642 -0.022008486013243889 0.028302218946372415 0.030353764182147754 0.0064221108822391949 -0.0064786141043738062 0.078260787832669418 -0.017429879642467613 0.0029937799593730682 0.055690611698449292 0.024967399567744703 0.0041061827932304742 0.05523620258542962 -0.020071245442692159 -0.024777434698100727 0.07806508932326485 0.0030427472908899612 -0.01258589607180181 0.017870832750181347 0.034989510564364189 0.022778390577853132 0.013697301477712618 -0.0017028348947912633 0.053228818205838281 -0.01065289013258202 -0.022138757576754139 0.04980301427388141 -0.019325518613114972 -0.02320516292366202 0.013520599436377513 -0.0056391686669218571 -0.011316003173015376 -0.0093234409122380148 0.034998408261230726 -0.024691183826197748 0.00041804378301324977 0.014194131840336613 0.053960548662952801 0.008398715010928837 0.05547265088152873 0.022829320054923372 -0.021698292763696777 -0.020725449212068783 0.035461507699179592 0.031993415195201221 0.018812650095730146 0.0066240645365816106 -0.0160752352957995 0.032734189271445127 0.021529074917988805 0.0075144820396661014 -0.0057116578871231009 0.036256786714397714 0.041774703637246162 0.087357876523326036 -0.018420515642710675 0.013588132701246756 -0.021528179702077658 -0.022038438973629608 -0.00063297862830303945 0.046751559621958809 -0.023451890611011564 -0.0051905676128388275 0.020238810809715898 0.019215253192695986 0.071128220206341922 0.0077614760255196365 0.0087831625006533267 0.043995807089697143 0.035011132676443651 -0.014269228740679409 0.011236849765130187 0.036842200862370528 0.059614093258732653 -0.02356412590898263 0.052357337801921658 -0.021433024765729204 -0.008169563423517474 0.02133637754795915 0.01815104360901551 -0.0032508219617368751 0.03840491856293584 0.021142096511035595 0.047077769171697613 0.023097225195460942 0.047197985103752609 -0.017150349091279299 0.033792372463130854 0.030858454405743745 0.055048944275348996 0.021387680445867138 0.032506942942014172 0.0070492046084146016 -0.0034628705120893812 0.0054440456427361653 0.020021901689051564 0.0037322726799688738 0.010163938110050025
leaf_weight=313004 11515 9935 1298 7357 7173 3693 1511 2096 1163 9280 2912 638 5218 1890 6073 2557 5266 13041 11522 2902 2600 1467 4219 7974 577 577 3114 897 13519 4366 1638 20090 1312 1799 353 1811 1035 1124 5108 9194 1203 20996 871 1751 811 1613 2174 1183 2494 8612 9049 3079 492 2465 19710 1454 1031 6684 5585 11420 2202 3555 69 284 1106 9213 825 11757 2639 1080 20204 47435 14133 1332 20240 15798 7727 19891 1272 11753 8156 620 817 8812 6226 141946 6539 1109 1533 131 10114 14008 2421 493 6765 15488 20958 10097 27281 1062 3736 2440 1586 246 1547 4784 295 10158 2672 1372 318 13800 20031 1023 1075 1289 1727 846 3194 1512 2906 2250 8129 3521 1088 4169
leaf_count=313004 11515 9935 1298 7357 7173 3693 1511 2096 1163 9280 2912 638 5218 1890 6073 2557 5266 13041 11522 2902 2600 1467 4219 7974 577 577 3114 897 13519 4366 1638 20090 1312 1799 353 1811 1035 1124 5108 9194 1203 20996 871 1751 811 1613 2174 1183 2494 8612 9049 3079 492 2465 19710 1454 1031 6684 5585 11420 2202 3555 69 284 1106 9213 825 11757 2639 1080 20204 47435 14133 1332 20240 15798 7727 19891 1272 11753 8156 620 817 8812 6226 141946 6539 1109 1533 131 10114 14008 2421 493 6765 15488 20958 10097 27281 1062 3736 2440 1586 246 1547 4784 295 10158 2672 1372 318 13800 20031 1023 1075 1289 1727 846 3194 1512 2906 2250 8129 3521 1088 4169
internal_value=-1.40963e-05 -0.0132295 0.0318116 0.00044518 -0.0203624 0.0232666 0.0318459 0.0164692 0.0402502 -0.00826748 0.00672797 0.0245662 0.00956049 0.0130805 0.0480297 0.0137208 0.000700711 0.00687036 0.0203005 0.0228891 0.0387696 0.0353358 -0.0111751 -0.00507676 -0.00226934 0.0110379 0.018357 0.0500241 0.0482746 0.0056832 -0.00828281 0.0249202 -0.00651258 0.00887505 0.00067652 0.0142667 0.00981639 0.0304284 0.0288212 -0.00699736 0.0223486 -0.0218449 0.0137353 0.057729 -0.00544702 0.00854232 0.00996908 0.0104509 0.0392563 0.00794841 0.00509679 0.0361835 0.0356588 -0.0159929 0.0449069 0.00399392 -0.00201338 -0.00300568 -0.00137059 -0.00463392 0.00785972 0.0406458 0.044224 0.0481458 -0.00543942 0.0464417 0.0441482 0.04883 0.0384074 0.0211191 -0.0150338 0.0334579 0.0287186 -0.00606827 0.0118098 -0.0143501 0.0222537 0.0193304 0.0291694 -0.0102882 0.0336977 0.0512697 0.0676908 -0.0134735 0.00573772 -0.0222802 -0.0207067 -0.00818443 0.0244847 0.0412247 -0.0101799 0.0125588 0.00931405 0.0279981 0.0161754 0.0100371 0.040226 0.0410746 -0.0170162 0.0318352 0.0318491 0.0572956 -0.00966602 -0.00688842 -0.00409946 -0.000720552 -0.0131106 0.0142991 0.00622472 0.0260833 -0.0119535 0.0509397 0.0215235 0.0296368 0.00188096 0.0163994 0.0219701 0.0332956 0.0109381 0.0485707 -0.00241849 0.00482049 0.000930428 0.0162611 0.0212386 0.00203998
internal_weight=1.1783e+06 832577 345723 285410 547167 171779 75936 95843 173944 145928 23700 9614 139482 83200 67342 94913 44569 49819 45206 32819 12643 106602 122228 48375 41202 38304 25702 63641 57568 25263 6004 32901 55349 62094 16368 5429 5076 2159 8292 24347 33381 498792 3701 4351 14086 4151 20222 3512 7117 12305 21475 103090 100011 34530 44049 20898 2329 38239 34020 25134 8886 6702 6064 4623 2917 39416 30203 30730 5173 32178 66879 67489 20054 10939 45726 17110 30288 21289 8999 19727 8981 4339 1437 14078 19444 464262 151258 9312 2773 1664 19394 43927 23154 2914 20773 19259 32522 31055 47485 16041 4633 2509 13534 11069 9483 7936 1166 15004 4846 2535 1398 25557 22588 3662 10269 12811 2538 14979 18682 21222 7690 3582 13714 4013 6196 13218
internal_count=1178300 832577 345723 285410 547167 171779 75936 95843 173944 145928 23700 9614 139482 83200 67342 94913 44569 49819 45206 32819 12643 106602 122228 48375 41202 38304 25702 63641 57568 25263 6004 32901 55349 62094 16368 5429 5076 2159 8292 24347 33381 498792 3701 4351 14086 4151 20222 3512 7117 12305 21475 103090 100011 34530 44049 20898 2329 38239 34020 25134 8886 6702 6064 4623 2917 39416 30203 30730 5173 32178 66879 67489 20054 10939 45726 17110 30288 21289 8999 19727 8981 4339 1437 14078 19444 464262 151258 9312 2773 1664 19394 43927 23154 2914 20773 19259 32522 31055 47485 16041 4633 2509 13534 11069 9483 7936 1166 15004 4846 2535 1398 25557 22588 3662 10269 12811 2538 14979 18682 21222 7690 3582 13714 4013 6196 13218
is_linear=0
shrinkage=0.03


Tree=12
num_leaves=127
num_cat=0
split_feature=27 27 27 37 36 29 37 31 27 17 7 6 8 27 37 8 5 27 32 1 32 36 27 3 37 7 27 27 5 30 30 14 36 32 36 17 27 16 8 37 37 36 3 3 3 3 3 8 27 27 0 8 8 27 36 3 3 37 36 16 13 27 3 0 1 7 27 7 37 8 27 27 3 35 7 27 5 36 27 7 13 27 27 36 36 37 8 8 3 3 8 12 25 27 27 37 3 36 8 8 37 25 3 8 27 7 37 0 8 27 14 27 36 8 8 17 36 35 4 7 3 13 3 0 5 3
split_gain=518103 84900.6 26062.3 23697 12962.6 10748.7 8303.25 6952.41 6651.76 5381.1 5980.87 5374.92 5183.59 6235.15 4815.22 4634.33 4408.4 4331.08 3324.44 2556.26 2545.1 2298.97 2289.56 2544.31 2125.1 2067.52 2025.08 2016.1 1954.33 1894.12 1870.17 1590.43 1561.91 1568.52 1616.42 1668.7 1564.31 1463.51 1374.24 1328.19 1273.7 1257.47 1477.62 2413.24 1204.12 1231.18 1139.73 1091.78 1358.78 1089.87 1055.68 1021.76 992.752 989.034 976.876 931.472 888.425 861.821 1071.3 976.987 861.132 865.291 1288.16 852.652 836.469 821.32 815.86 802.49 777.917 774.607 961.445 770.496 764.51 757.719 745.518 724.415 720.602 717.913 714.863 696.936 672.788 660.176 652.48 640.987 630.945 617.183 611.487 605.696 765.715 602.723 597.007 685.388 593.623 590.086 586.736 580.826 1577.77 4476.61 822.874 624.577 568.54 567.682 550.089 511.461 505.823 502.702 499.278 490.184 646.825 487.864 493.906 483.401 472.205 471.888 465.664 461.159 458.126 454.643 446.351 437.854 437.698 434.028 432.788 432.7 420.178 414.812
threshold=0.06482172060267373 0.017394576347428647 0.17892931007053087 1.653324433043269 0.063014685086042466 1.0000000180025095e-35 0.34890983914268764 3.940172035382139 0.023065816766852546 1.0000000180025095e-35 5.5000000000000009 3.5000000000000004 40.500000000000007 0.11621467663383581 0.40768053738648052 44.500000000000007 3383.5000000000005 0.089575085774610722 1.5093702000281364e-05 1.0000000180025095e-35 1.5093702000281364e-05 0.020809122986465488 0.0040397150012150594 42.500000000000007 1.7026858551990689 14.500000000000002 0.19264507422402163 0.12750818647605938 4104.5000000000009 0.011109654942813371 0.067274736675500726 0.96310228921887042 0.043153271848924028 1.5093702000281364e-05 0.018161111948206101 1.0000000180025095e-35 0.031448058896583746 1.0000000180025095e-35 34.500000000000007 2.102991367849492 0.5232381454627465 0.065848700393555712 138.50000000000003 127.50000000000001 39.500000000000007 76.500000000000014 34.500000000000007 28.500000000000004 0.31488174840163413 0.037060995412595596 42.500000000000007 20.500000000000004 39.500000000000007 0.0043765384696261419 0.11339779563163634 42.500000000000007 76.500000000000014 0.24158594618482945 0.028347963600663433 2.5000000000000004 1.5000000000000002 0.14044471448912457 134.50000000000003 15.500000000000002 439.50000000000006 6.5000000000000009 0.059364923500912763 16.500000000000004 3.4669077723474611 51.500000000000007 0.36223514050894201 0.14236882163323786 42.500000000000007 1.0000000180025095e-35 11.500000000000002 0.04456851498841867 4712.5000000000009 0.020809122986465488 0.29490552214658577 13.500000000000002 1.0000000180025095e-35 0.049436297465138446 0.10577907657118542 0.022624811445732938 0.05192589875275129 39.552931979225654 52.500000000000007 49.500000000000007 42.500000000000007 42.500000000000007 51.500000000000007 0.0056603975094250969 0.25881904510252057 0.010013046234375276 0.26236929631303624 0.34890983914268764 140.50000000000003 0.053518821603927992 44.500000000000007 16.500000000000004 2.5538079045070057 -0.70710678118654757 42.500000000000007 42.500000000000007 0.033161635488878433 16.500000000000004 0.042708999842057609 45.500000000000007 49.500000000000007 0.036638934614643119 1.0000000180025095e-35 0.33038281723753454 0.0084708063553290188 25.500000000000004 28.500000000000004 1.5000000000000002 0.047554435614137115 8.5325607956474741e-05 81.500000000000014 6.5000000000000009 41.500000000000007 1.0000000180025095e-35 12.500000000000002 166.50000000000003 3904.5000000000005 52.500000000000007
decision_type=2 2 2 2 2 2 2 2 2 2 2 2 2 2 2 2 2 2 2 2 2 2 2 2 2 2 2 2 2 2 2 2 2 2 2 2 2 2 2 2 2 2 2 2 2 2 2 2 2 2 2 2 2 2 2 2 2 2 2 2 2 2 2 2 2 2 2 2 2 2 2 2 2 2 2 2 2 2 2 2 2 2 2 2 2 2 2 2 2 2 2 2 2 2 2 2 2 2 2 2 2 2 2 2 2 2 2 2 2 2 2 2 2 2 2 2 2 2 2 2 2 2 2 2 2 2
left_child=1 4 5 8 39 6 27 40 9 44 63 16 13 17 38 123 32 24 46 51 28 80 -6 100 -8 26 -16 52 116 54 -26 57 33 81 -35 77 -37 89 -9 95 50 42 43 -19 -3 101 -13 111 64 76 115 -15 -2 -25 -17 -41 93 -23 66 122 61 62 -31 -11 67 -34 -59 -49 -50 70 84 -63 -65 -71 -62 113 87 -36 94 -75 102 -5 -76 -33 118 90 -66 88 -22 -20 91 -7 -87 124 -52 -1 103 -98 99 -99 -24 -46 -10 -97 -82 -95 -74 -57 -109 110 -48 -42 -40 -67 -44 -4 -18 -39 -28 -21 -103 -83 -60 -14 -55 -69
right_child=2 3 7 11 22 85 12 14 21 10 -12 18 15 19 25 29 20 41 37 119 49 31 23 53 30 -27 69 -29 -30 60 -32 83 65 34 35 36 -38 117 112 55 47 -43 114 -45 45 -47 109 48 68 -51 78 -53 -54 56 -56 107 -58 58 59 -61 74 71 -64 72 86 75 -68 125 -70 73 -72 -73 106 79 82 -77 -78 -79 -80 -81 104 121 -84 -85 -86 92 -88 -89 -90 -91 -92 -93 -94 105 -96 96 97 98 -100 -101 -102 120 -104 -105 -106 -107 -108 108 -110 -111 -112 -113 -114 -115 -116 -117 -118 -119 -120 -121 -122 -123 -124 -125 -126 -127
leaf_value=-0.022415355423342987 -0.011024845034005994 -0.010953234152168074 0.037024680405374551 -0.011028726885482083 -0.020566578388637898 0.070137798970562423 0.0028553502625916125 -0.014624415552419945 -0.015149152360099833 0.0064369928593919559 -0.012067739751962637 -0.0024070878807406128 0.046943071140774659 0.023215448959482885 0.064499601376943771 0.057448704581785172 0.0089197685508772082 0.0047818764195434165 -0.0050394875352634165 0.052638483323272756 0.04052146243376116 -0.015704578917226431 -0.012970551762590658 0.043689696715702421 0.020992120628565696 0.057662009596682433 0.028790171617239645 0.011415548486522067 -0.004473742137444143 -0.0070893599642489835 0.041236103328340767 0.0062294477155210625 0.015334934741112432 0.075912964947669428 -0.016906982946632843 0.054019892952832459 0.0029039670707619127 0.0039829974698373013 0.011273758900241326 -0.019469107861209665 0.042177631728569462 0.014047410441509565 0.0083194151214794898 -0.020093498116598909 0.040518077572674623 -0.012208318918370637 0.01704535128900329 0.031213103629763976 0.034468835790716273 0.022095038242245641 0.010428881124168546 0.037692414279931787 0.025770682703885998 -0.0016517506264232891 -0.003857216595356908 -0.021474595112185808 -0.01874575322686068 0.012218233103334517 -0.013236618858193246 -0.010976523150878895 0.022417419817652773 0.07441293607778654 0.025013937005479856 0.033948456321839036 -0.023154177494810128 -0.0040474616795747485 -0.01036196218604241 -0.010333303253779687 0.049102252098104635 0.047800500185765225 0.060471032624255301 0.021734001573839052 -0.028497520819787056 0.040271543330103597 0.0090535077711973617 0.013638377602790814 0.00040550279680272219 0.013768307981182355 0.026616438389528204 0.010963594079064729 -0.02010368567548004 0.018248271272341545 0.038114898250782153 -0.015592978058771597 0.035732088004747753 0.21508656134972204 0.024730031726601188 0.041844224698949398 0.084737140179191109 -0.017867900164534947 0.043235152194348134 0.047582620839343254 0.06372483119882387 0.015108557786101769 -0.023425775338302958 -0.019124440700564568 -0.021253143444204727 0.046554917723140458 0.040613439538566727 -0.0022598268628752274 -0.0013074409260253827 0.15031680107116699 -0.0050348508307043243 -0.022529293444340806 -0.013841151921176411 -0.024509119680612396 0.057706948047908019 -0.0020317258865818343 -0.017991812288622521 0.01760651234907341 -0.0022953768787085686 0.034142985721541376 0.036986336392157898 0.0076312374795267021 0.030074205351889902 0.013787436181949461 0.0224043082641638 -0.016635838827300211 -0.015264611306483857 0.019225146971401069 0.0091102829972412973 -0.0033589843563844139 0.002911289365746186 0.027328127751240647 0.0098590209661297348 0.01915707931838825
leaf_weight=295048 8567 9935 3922 7357 7173 2017 4043 1109 9280 638 2912 5218 13090 23967 4485 2116 2557 14669 5266 4242 620 4219 14668 577 14650 16503 449 9605 3114 2747 5707 1312 23680 353 1811 1124 1035 9194 1180 20996 22572 12165 1667 4614 896 1613 2088 11467 45947 2494 1526 5371 715 9049 263 2465 1454 7078 1706 11420 15753 271 1905 3555 531 5445 1808 492 3520 26190 1347 3207 62 4068 793 9328 284 1106 1596 890 20204 1332 5644 15798 9325 39 438 2902 817 8812 7483 3040 58 5923 660 74905 7039 298 1343 1132 5059 20 10114 84497 27281 303 2447 7844 3225 10158 2758 9608 1412 7273 1889 956 20031 1075 384 385 1622 2250 12008 1097 4169 3367
leaf_count=295048 8567 9935 3922 7357 7173 2017 4043 1109 9280 638 2912 5218 13090 23967 4485 2116 2557 14669 5266 4242 620 4219 14668 577 14650 16503 449 9605 3114 2747 5707 1312 23680 353 1811 1124 1035 9194 1180 20996 22572 12165 1667 4614 896 1613 2088 11467 45947 2494 1526 5371 715 9049 263 2465 1454 7078 1706 11420 15753 271 1905 3555 531 5445 1808 492 3520 26190 1347 3207 62 4068 793 9328 284 1106 1596 890 20204 1332 5644 15798 9325 39 438 2902 817 8812 7483 3040 58 5923 660 74905 7039 298 1343 1132 5059 20 10114 84497 27281 303 2447 7844 3225 10158 2758 9608 1412 7273 1889 956 20031 1075 384 385 1622 2250 12008 1097 4169 3367
internal_value=-1.36734e-05 -0.0128326 0.0308572 0.000431825 -0.0197516 0.0225686 0.0204539 0.0390427 -0.00801946 0.00652613 0.0238292 0.00927368 0.0229685 0.0188816 0.0465888 0.0311073 0.0133092 0.0130195 0.00067969 0.0291342 0.0222025 -0.0108398 -0.00492446 -0.00220126 0.0227219 0.0485234 0.0453239 0.00178019 0.0178063 0.0248947 0.0266674 -0.00631721 0.0086088 0.000656225 0.0138387 0.0095219 0.0295155 -0.00678744 0.0133232 -0.0211896 0.0342757 0.00625641 0.0021066 -0.00117026 -0.00528361 0.00828605 0.00967 0.0352508 0.0330351 0.0380786 0.0232477 0.0258658 -0.00819046 0.00494388 0.0506713 -0.0155131 0.0038741 -0.00291551 -0.00132947 -0.0044949 0.0228722 0.0145195 0.00605698 0.0394264 0.0255217 0.0114555 0.00762393 0.0272308 0.0355101 0.0433076 0.0366555 0.0258387 0.0428972 0.0457647 0.0259325 0.0072885 0.0467014 -0.00527624 0.011352 0.0350105 -0.0145828 -0.00588622 0.0345347 -0.0139196 0.0334974 0.0491993 -0.00150992 0.0497316 0.0656601 -0.0130693 0.0486162 0.0565788 0.124582 0.00556559 0.000207439 -0.0216118 -0.0202106 -0.00853463 0.0237501 0.00791276 -0.00997954 0.021311 -0.00987453 -0.0209293 -0.0165057 0.0131805 0.0555767 -0.00937604 -0.00668176 0.0138701 0.00603798 0.0397787 0.0252808 0.0026312 0.0198759 0.0324706 0.0208778 0.00182454 0.0084816 0.0498583 0.0108302 0.00467587 0.000902515 0.0454264 0.00197878 0.0153972
internal_weight=1.1783e+06 832577 345723 285410 547167 171779 159142 173944 145928 23700 9614 139482 140255 93369 67342 46886 94913 59404 44569 33965 32819 122228 48375 41202 24400 63641 47138 18887 25702 32699 20357 55349 62094 16368 5429 5076 2159 24347 3701 498792 106602 35004 22839 19283 14086 4151 20222 97942 65762 7117 8660 29338 9282 21475 2379 34530 20898 38239 34020 25134 30320 8130 4652 6702 16295 45726 8886 15326 49467 42653 11505 3478 6064 31148 22190 22046 4623 2917 3782 4958 66879 10939 6437 17110 10158 12637 969 4339 1437 14078 12540 5057 97 19444 2186 464262 169214 9812 2773 1430 19727 2538 19394 159402 47485 6226 2509 13534 11069 15004 4846 32180 2592 12718 3556 4878 22588 10269 833 4627 1642 3582 13714 14187 13218 3859
internal_count=1178300 832577 345723 285410 547167 171779 159142 173944 145928 23700 9614 139482 140255 93369 67342 46886 94913 59404 44569 33965 32819 122228 48375 41202 24400 63641 47138 18887 25702 32699 20357 55349 62094 16368 5429 5076 2159 24347 3701 498792 106602 35004 22839 19283 14086 4151 20222 97942 65762 7117 8660 29338 9282 21475 2379 34530 20898 38239 34020 25134 30320 8130 4652 6702 16295 45726 8886 15326 49467 42653 11505 3478 6064 31148 22190 22046 4623 2917 3782 4958 66879 10939 6437 17110 10158 12637 969 4339 1437 14078 12540 5057 97 19444 2186 464262 169214 9812 2773 1430 19727 2538 19394 159402 47485 6226 2509 13534 11069 15004 4846 32180 2592 12718 3556 4878 22588 10269 833 4627 1642 3582 13714 14187 13218 3859
is_linear=0
shrinkage=0.03


Tree=13
num_leaves=127
num_cat=0
split_feature=28 28 28 33 28 34 33 36 13 28 28 28 33 28 33 33 9 3 16 28 36 13 32 28 8 8 5 28 16 28 34 9 34 29 28 3 9 36 0 5 3 17 5 0 3 3 3 16 28 17 28 0 5 3 37 9 28 34 32 32 9 3 7 28 32 3 3 0 17 5 25 3 37 36 36 0 34 17 5 6 25 3 25 16 3 33 3 9 8 9 24 30 3 7 33 10 9 37 0 34 37 0 33 5 33 7 0 37 34 33 9 5 37 33 16 33 3 28 37 3 7 36 30 5 16 0
split_gain=555023 55853.3 49120.9 21359.4 19638.4 9897.96 7665.29 6529.24 6073.11 5075.58 4852.47 3208.84 3204.9 4296.26 2223.22 2012.67 1918.54 1896.9 1792.77 1685.61 1658.5 1562.54 1477.72 1473.4 1448.03 1327.42 1316.65 1283.56 1245.55 1184.82 1183.88 1120.21 1093.13 1079.36 1085.51 1071.56 1033.53 1032.91 988.662 965.245 991.429 889.704 841.873 836.931 833.053 2224.34 856.639 802.288 786.924 782.285 781.429 751.723 749.519 708.119 662.455 661.138 630.182 837.353 620.362 616.318 601.893 642.968 1173.21 680.223 600.283 596.55 571.612 570.255 612.705 559.713 558.54 553.068 545.443 520.85 504.006 520.265 497.458 490.169 485.485 479.889 477.205 476.479 475.151 543.923 466.711 443.658 666.908 2532.16 628.41 471.18 441.938 440.762 437.8 491.499 426.991 421.251 409.484 409.33 1074.49 407.215 396.911 394.825 392.038 520.087 391.277 387.367 652.781 517.425 479.207 595.893 382.296 380.043 371.549 364.366 355.445 350.992 359.502 876.703 347.506 339.43 446.854 335.133 340.79 333.98 333.268 330.204
threshold=1.1219645237111375 3.3970942969526434 0.16624505300930573 0.040011435105774734 9.8717944032260636 1.4676774517475548 0.015090980603225208 0.063014685086042466 1.0000000180025095e-35 8.8358794293418814 0.51785501459197014 0.052310143307246676 0.064279935275080927 1.7504223575997926 0.014562065081279062 0.052765155592741718 59.500000000000007 42.500000000000007 2.5000000000000004 22.445611888829731 0.0084708063553290188 1.0000000180025095e-35 1.5093702000281364e-05 5.5083136303799369 10.500000000000002 51.500000000000007 1664.5000000000002 8.8358794293418814 1.5000000000000002 0.1650621005818729 0.24512402110014134 35.500000000000007 1.9057618361605384 0.0006963784507029977 84.027302325581402 27.500000000000004 -1.0000000180025095e-35 0.02544276580093929 179.50000000000003 3387.5000000000005 12.500000000000002 6.5000000000000009 3373.5000000000005 1.5000000000000002 127.50000000000001 138.50000000000003 126.50000000000001 3.5000000000000004 0.39383354519156666 1.5000000000000002 0.37716298715792879 150.50000000000003 2384.5000000000005 153.50000000000003 39.552931979225654 -1.0000000180025095e-35 0.070847127856879105 1.9447223099069839 1.5093702000281364e-05 1.0000000180025095e-35 2.5000000000000004 140.50000000000003 6.5000000000000009 2.4446370044508572 1.0000000180025095e-35 26.500000000000004 42.500000000000007 39.500000000000007 1.0000000180025095e-35 1671.5000000000002 0.25881904510252057 140.50000000000003 1.9084419402385009 0.012674507554025627 0.047227285945845424 101.50000000000001 0.56572431657503508 1.0000000180025095e-35 3982.5000000000005 1821.5000000000002 1.0000000180025095e-35 12.500000000000002 0.78656609248549303 1.0000000180025095e-35 42.500000000000007 0.017109370082245962 139.50000000000003 64.500000000000014 44.500000000000007 58.500000000000007 -1.0000000180025095e-35 0.028041739051188914 115.50000000000001 6.5000000000000009 0.0069700888316244223 2.2500000000000004 9.5000000000000018 0.73453215596083743 107.50000000000001 1.510534454572019 10.704625215838254 119.50000000000001 0.047391380513516074 3383.5000000000005 0.026768086106563359 6.5000000000000009 189.50000000000003 2.560828714432454 3.5688244252331072 0.040011435105774734 64.500000000000014 3268.5000000000005 0.35472288189951701 0.020014698588784692 1.0000000180025095e-35 0.040011435105774734 91.500000000000014 0.1650621005818729 1.2630174323853105 42.500000000000007 5.5000000000000009 0.019274753306614746 0.028041739051188914 3992.0000000000005 18.500000000000004 49.500000000000007
decision_type=2 2 2 2 2 2 2 2 2 2 2 2 2 2 2 2 2 2 2 2 2 2 2 2 2 2 2 2 2 2 2 2 2 2 2 2 2 2 2 2 2 2 2 2 2 2 2 2 2 2 2 2 2 2 2 2 2 2 2 2 2 2 2 2 2 2 2 2 2 2 2 2 2 2 2 2 2 2 2 2 2 2 2 2 2 2 2 2 2 2 2 2 2 2 2 2 2 2 2 2 2 2 2 2 2 2 2 2 2 2 2 2 2 2 2 2 2 2 2 2 2 2 2 2 2 2
left_child=2 6 7 14 5 8 25 56 9 79 16 -9 13 28 -4 31 32 97 36 20 -6 35 91 -10 51 118 64 -24 -8 52 -25 -12 -5 34 47 80 38 41 73 40 -34 49 -26 -15 46 -46 -42 111 -20 -32 -38 -17 -13 74 100 -50 -1 85 -49 112 61 62 114 -63 -14 -66 -59 68 -29 71 -56 -53 96 -16 75 -19 -30 -31 -44 -3 -18 -54 83 -64 -71 -58 89 -88 -89 99 -33 -7 93 -23 -55 -69 -62 98 113 -87 102 -100 103 -35 -78 106 107 -22 -109 -110 -94 -21 -45 -11 -28 -68 117 -117 -2 120 -75 -52 -123 -41 -107 -116
right_child=1 4 3 10 19 22 12 11 23 17 15 29 26 43 18 24 21 53 48 33 105 92 27 30 42 -27 60 67 76 77 37 90 39 54 -36 -37 50 -39 -40 123 44 -43 78 59 45 -47 -48 58 55 -51 121 69 81 94 70 -57 57 66 -60 -61 72 63 82 -65 65 -67 115 95 -70 84 -72 -73 -74 119 -76 -77 104 -79 -80 -81 -82 -83 -84 -85 -86 86 87 88 -90 -91 -92 -93 110 -95 -96 -97 -98 -99 101 -101 -102 -103 -104 -105 -106 124 -108 108 109 -111 -112 -113 -114 -115 125 116 -118 -119 -120 -121 -122 122 -124 -125 -126 -127
leaf_value=-0.022071464229183765 -0.012949527645485891 0.024889172996625443 -0.017467051959213345 -0.016977367909579513 0.011942761807582495 0.036854354734262192 0.011001215633178114 -0.0208472415978301 -0.00065226639824089131 0.012543572283032312 0.0082538506177696098 -0.0099493020959016999 0.017687661667659494 0.030405133013225942 0.022363195248826621 0.019731409912720821 -0.014275936344330978 0.055303736258830338 -0.016581781201977955 0.056398944517398492 0.040289130867816644 0.0020577335740842939 0.040611527253436586 0.01805804902004075 0.011197038034378116 0.032958295830658506 0.032335931411901157 -0.025320936902876821 -0.010190038240079019 0.0039231588172778074 0.037029467143591288 -0.014915628379104963 -0.015358378796780169 0.020426116770187498 0.082553918037908597 -0.018546997955130137 -0.017392924621435473 0.024831142501873328 0.014394685509179949 0.01422212962832238 0.0034111818530453615 -0.0083167308047677087 0.021469266871404543 0.0067981733256153257 -0.01831610334236505 0.01273493902937823 0.020613591183386883 0.044468800645297298 -0.002961889006370988 0.057471314438068265 -0.016605485099584857 -0.016956637721031637 -0.01397456243566444 0.10257173091173172 0.2086339598435622 -0.012928915040346193 -0.021645811811493321 -0.018332807589799192 0.058370600472132536 0.019711313680710118 0.042869547073487876 -0.0034421160164513163 -0.016608010716646981 0.038763716285432105 0.035864518286306643 -0.00424714222500144 -0.016761383056222968 0.076458445153697027 0.089570248410815276 -0.0072655713305315433 0.061813087340058949 0.03141823315678479 0.025287270652811718 -0.01097350139752044 -0.026814644160405011 0.019014937495793648 -0.012837637601246487 0.045333561641427704 0.006697699116953542 0.0471880696170675 0.0051124068408160269 0.0024218100404294405 0.020259799934251026 0.0091844619417798378 0.012080597264426712 -0.018197213497161548 -0.019285256799466979 -0.012044845951504485 0.045591580492323647 -0.021735335480953775 0.0012157260440229837 0.032685358908109349 0.037825690983695162 -0.021631649498605604 -0.017607305301684084 0.049773769969804371 0.028545760849049483 -0.018143076356268519 -0.026000374206135757 -0.0068994995506892554 0.057133659849324017 -0.00049735332317039612 0.045355909780148945 0.048202914794978922 0.003966155731362637 0.04198980558661073 0.056473624444626468 0.051290978077533439 0.019872593945639706 0.045268336100063603 -0.011134163239905282 0.068588694968294964 0.015486037530046527 0.057825679538341668 0.033574312185862237 -0.002864628310978343 -0.022157371846206031 0.056214445505182113 0.01926918196872212 0.00066707097308974525 0.010017512431940252 0.0050907173035304905 -0.0063470123528551105 -0.001074240956377145 0.020871371596286825 0.016886900080989458
leaf_weight=232528 9653 2283 49355 2450 1304 40369 9853 12378 1364 692 6179 10264 15660 4419 687 1611 1787 560 29968 21493 10673 8206 11788 4079 30399 630 3020 124 5249 432 3855 4469 3016 1738 1274 11597 7408 4045 3519 8238 13868 283 14957 6256 4795 3662 3208 9658 9153 2993 2259 2686 1806 28 39 17331 115478 9726 4122 27970 3240 395 1251 2645 395 2150 2425 1633 63 1981 58 231 19297 7357 142 974 1479 636 2312 1402 3168 13660 1296 1787 2589 49019 3861 215 818 44662 2323 52513 515 872 535 790 4031 5784 1356 3050 1282 915 3531 932 7955 6157 6027 15610 947 6821 199 2578 15181 208 1314 4176 748 239 311 6746 1042 2873 12745 1522 755 5682
leaf_count=232528 9653 2283 49355 2450 1304 40369 9853 12378 1364 692 6179 10264 15660 4419 687 1611 1787 560 29968 21493 10673 8206 11788 4079 30399 630 3020 124 5249 432 3855 4469 3016 1738 1274 11597 7408 4045 3519 8238 13868 283 14957 6256 4795 3662 3208 9658 9153 2993 2259 2686 1806 28 39 17331 115478 9726 4122 27970 3240 395 1251 2645 395 2150 2425 1633 63 1981 58 231 19297 7357 142 974 1479 636 2312 1402 3168 13660 1296 1787 2589 49019 3861 215 818 44662 2323 52513 515 872 535 790 4031 5784 1356 3050 1282 915 3531 932 7955 6157 6027 15610 947 6821 199 2578 15181 208 1314 4176 748 239 311 6746 1042 2873 12745 1522 755 5682
internal_value=-1.32635e-05 0.0295481 -0.0143541 -0.00444622 0.0387363 0.0315423 0.0153341 -0.0199779 0.0167563 0.00283429 0.00413087 -0.00821411 0.0171893 0.0131541 -0.0122478 0.00967247 -0.00162826 -0.00721888 -0.00969952 0.0492457 0.0453158 -0.00793794 0.0358836 0.0292206 0.0121087 -0.00927368 0.022276 0.0448263 0.00274989 -0.00237886 0.0318917 -0.000989382 0.00244991 0.0533092 0.0553166 -0.0135575 -0.00520658 0.0369406 1.16104e-05 0.00369235 0.000908033 0.0438096 0.014202 0.0178967 0.00282945 -0.00487057 0.00664293 0.0543998 -0.013252 0.0459638 -0.00920014 0.00114123 -0.00366404 0.0174788 0.0429478 -0.00948426 -0.0209649 -0.0198672 0.0486272 0.016778 0.0250857 0.0207467 0.0180917 0.0332797 0.0154916 0.00197844 -0.0135181 0.0638625 0.0133857 -0.00285887 0.120844 -0.0131258 0.0279258 -0.00318534 0.0272571 0.0322625 -0.00278714 0.0285833 0.0194916 0.033373 -0.00187992 0.000507168 0.00505139 -0.00143647 0.00369444 -0.0203736 -0.0189279 -0.00812344 0.0335956 -0.0194746 -0.00939838 0.0344973 0.00156122 -0.000217783 -0.0116304 0.0677581 0.0349285 -0.013394 -0.00473153 -0.0175354 0.0419381 -0.015725 0.0387966 0.030122 0.00133177 0.0462419 0.0473731 0.0457623 0.0482611 0.0421723 0.02418 0.0577045 0.0129506 0.0230088 0.0237343 -0.0073468 -0.00292488 0.000333537 -0.0119439 -0.00434425 -0.00836931 -0.00580516 -0.00424299 0.0118368 0.039683 0.0200212
internal_weight=1.1783e+06 384896 793404 287283 233777 138778 151119 506121 31498 14879 136840 39176 140525 78362 150443 69737 67103 11194 101088 94999 48294 26344 107280 16619 56766 10594 62163 14398 24536 26798 15255 12971 40759 46705 39125 16552 44636 11176 19351 38309 28549 7131 47668 53826 25533 8457 17076 37851 56452 6848 25285 9098 25730 2239 7580 26484 466945 234417 13780 49407 43958 17390 14350 3040 18205 2545 17314 2610 187 7487 97 2917 26568 15832 1676 1534 14683 1068 17269 3685 4955 15466 4334 3038 4570 217103 101625 4894 1033 96731 6792 92882 9792 9078 563 2423 7271 8955 3171 52069 7483 2271 6201 2670 9434 46990 40078 34051 23378 7768 714 24071 21437 900 10016 7588 5163 4415 9964 15145 8399 17877 15618 9760 6912 6996
internal_count=1178300 384896 793404 287283 233777 138778 151119 506121 31498 14879 136840 39176 140525 78362 150443 69737 67103 11194 101088 94999 48294 26344 107280 16619 56766 10594 62163 14398 24536 26798 15255 12971 40759 46705 39125 16552 44636 11176 19351 38309 28549 7131 47668 53826 25533 8457 17076 37851 56452 6848 25285 9098 25730 2239 7580 26484 466945 234417 13780 49407 43958 17390 14350 3040 18205 2545 17314 2610 187 7487 97 2917 26568 15832 1676 1534 14683 1068 17269 3685 4955 15466 4334 3038 4570 217103 101625 4894 1033 96731 6792 92882 9792 9078 563 2423 7271 8955 3171 52069 7483 2271 6201 2670 9434 46990 40078 34051 23378 7768 714 24071 21437 900 10016 7588 5163 4415 9964 15145 8399 17877 15618 9760 6912 6996
is_linear=0
shrinkage=0.03


Tree=14
num_leaves=127
num_cat=0
split_feature=28 28 28 33 28 34 33 36 13 28 28 28 33 31 33 36 9 3 14 37 37 13 28 32 8 8 9 28 9 28 28 37 36 34 0 3 16 3 3 3 31 8 28 14 0 32 3 0 18 3 36 4 37 33 9 16 28 34 14 18 4 6 0 36 14 3 0 14 18 4 25 36 24 34 6 25 8 33 3 9 8 9 37 8 3 30 14 28 11 33 1 28 3 18 8 34 8 18 37 32 0 9 3 37 28 13 9 8 33 37 34 36 0 34 18 37 9 37 34 13 0 28 3 9 12 34
split_gain=522221 52552.4 46217.8 20097 18482 9344.79 7212.27 6143.36 5718.37 4768.98 4565.69 3019.2 3015.49 4141.19 2091.83 1897.73 1805.16 1800.29 1793.34 1575.75 1518.53 1470.19 1391.05 1379.82 1308.55 1248.97 1246.81 1207.7 1167.25 1165.11 1114.8 1086.45 1181.08 1028.52 1013.85 1008.23 852.249 851.233 2048.81 1241.26 810.464 790.542 784.621 779.766 794.518 704.152 668.288 661.534 646.836 634.998 664.091 621.12 614.547 656.679 597.911 612.569 592.938 787.865 575.631 567.91 561.215 560.026 554.228 543.412 538.745 537.83 536.553 670.324 531.688 491.819 490.263 489.135 503.865 487.3 451.527 449.002 430.876 417.437 627.494 2382.51 591.271 443.333 417.345 416.505 412.219 407.785 407.751 403.072 410.972 401.755 393.872 402.314 391.702 397.692 468.204 390.188 390.014 389.389 432.167 1162.35 888.051 874.261 583.964 1080.03 977.683 609.042 432.356 394.433 389.236 385.533 1021.99 561.607 446.448 383.149 425.011 381.275 377.116 370.716 425.09 369.901 367.47 366.761 364.686 363.632 358.029 379.699
threshold=1.1219645237111375 3.3970942969526434 0.16624505300930573 0.040011435105774734 10.349768061437796 1.4676774517475548 0.015090980603225208 0.063014685086042466 1.0000000180025095e-35 8.8358794293418814 0.51785501459197014 0.052310143307246676 0.064279935275080927 1.1240604527534923 0.014562065081279062 0.049414510585311752 59.500000000000007 42.500000000000007 0.96458971329362697 0.8941782614145507 1.9084419402385009 1.0000000180025095e-35 6.1356744592253847 1.5093702000281364e-05 10.500000000000002 51.500000000000007 42.500000000000007 8.8358794293418814 -1.0000000180025095e-35 17.645100458664441 0.1650621005818729 0.23821805405295035 0.0091432307296578936 1.9057618361605384 179.50000000000003 27.500000000000004 7.5000000000000009 127.50000000000001 138.50000000000003 12.500000000000002 3.940172035382139 13.500000000000002 0.37716298715792879 0.10156934106830125 139.50000000000003 1.5093702000281364e-05 153.50000000000003 1.5000000000000002 1.0000000180025095e-35 30.500000000000004 0.022595411587304565 180.00000000000003 10.895242786555082 0.040011435105774734 33.500000000000007 4.5000000000000009 0.070847127856879105 1.9447223099069839 0.99639375002362851 1.0000000180025095e-35 61.500000000000007 3327.0000000000005 186.50000000000003 0.016777584690451895 0.019253938832252088 42.500000000000007 39.500000000000007 0.85352528736329614 1.5000000000000002 192.50000000000003 0.78656609248549303 0.047227285945845424 -0.70710678118654735 0.23311672308941855 1821.5000000000002 1.0000000180025095e-35 36.500000000000007 0.017109370082245962 139.50000000000003 64.500000000000014 44.500000000000007 58.500000000000007 0.3441713326327826 51.500000000000007 91.500000000000014 0.016699666722132522 0.98695528702574487 0.43328167009667956 1.7596153846153848 0.0069700888316244223 372.50000000000006 0.46627712095732904 12.500000000000002 1.0000000180025095e-35 -1.0000000180025095e-35 0.57105190082441804 33.500000000000007 16.500000000000004 1.9084419402385009 1.5093702000281364e-05 92.500000000000014 2.5000000000000004 140.50000000000003 2.113763312817158 2.5557908564165062 1.5000000000000002 20.500000000000004 41.500000000000007 0.047391380513516074 0.73453215596083743 0.24512402110014134 0.01384857714641711 42.500000000000007 1.510534454572019 1.0000000180025095e-35 11.425903358499502 4.5000000000000009 2.9667617155512134 19.773558089106707 1.5000000000000002 63.500000000000007 1.395567352106527 42.500000000000007 64.500000000000014 0.013712060166532368 0.1362768408773313
decision_type=2 2 2 2 2 2 2 2 2 2 2 2 2 2 2 2 2 2 2 2 2 2 2 2 2 2 2 2 2 2 2 2 2 2 2 2 2 2 2 2 2 2 2 2 2 2 2 2 2 2 2 2 2 2 2 2 2 2 2 2 2 2 2 2 2 2 2 2 2 2 2 2 2 2 2 2 2 2 2 2 2 2 2 2 2 2 2 2 2 2 2 2 2 2 2 2 2 2 2 2 2 2 2 2 2 2 2 2 2 2 2 2 2 2 2 2 2 2 2 2 2 2 2 2 2 2
left_child=2 6 7 14 5 8 25 56 9 74 16 -9 13 20 -4 26 33 109 28 54 48 35 95 76 43 124 -12 -25 34 115 51 -24 41 -5 90 75 52 39 87 -35 -40 -33 -30 44 -17 69 71 -15 -8 -34 -51 60 83 61 63 82 -1 77 70 -44 -13 -54 -36 -6 -32 -59 67 -29 -22 85 -41 72 -19 -49 -3 -18 -7 -58 81 -80 -81 113 -56 108 -23 -26 121 -39 -89 -48 91 -16 -62 -94 -95 -10 -47 98 101 102 -101 119 103 105 116 -100 -103 -102 -31 110 112 -112 -11 -79 -115 120 -104 -68 -119 -14 -21 -50 -121 -86 125 -2
right_child=1 4 3 10 19 23 12 11 22 17 15 30 97 47 18 24 21 46 -20 29 68 84 31 27 45 -27 -28 66 42 36 64 32 49 37 62 -37 -38 38 40 58 -42 -43 59 -45 -46 96 89 73 86 50 -52 -53 53 -55 55 -57 57 65 -60 -61 92 -63 -64 -65 -66 -67 117 -69 -70 -71 -72 -73 -74 -75 -76 -77 -78 78 79 80 -82 -83 -84 -85 123 -87 -88 88 -90 -91 -92 -93 93 94 -96 -97 -98 -99 99 100 107 106 104 -105 -106 -107 -108 -109 -110 -111 111 -113 -114 114 -116 -117 -118 118 -120 122 -122 -123 -124 -125 -126 -127
leaf_value=-0.02140932014175153 -0.022370275601464595 0.024142497543964313 -0.01694304012645062 -0.016468046809656887 0.013154995754665258 0.036028063421425921 0.0060627505991913168 -0.020221824234972697 -0.00096667881725507991 0.020282970739949134 0.0069406786738512201 -0.01569696448081034 0.028432054853473596 0.029779172645150471 -0.012892998177340473 0.025328818884701731 -0.013847658412294409 -0.0016368725267025309 -0.015517289924375514 0.049395927271137868 0.016523778631073606 -0.00023263812380776782 0.018358857390669083 0.039393181911624484 0.017295874107499786 0.031969547578266685 -0.013229193620045694 -0.014271409260599237 -0.016548293882486114 0.050541728439229869 -0.00042478153936967137 0.0024859201778536259 0.024993548342426088 -0.0081126812620674667 0.01464244836035011 -0.01799058790945144 0.043001075314311077 0.010379474909361183 0.0028544695960885996 0.0073674980190221321 0.033407282415500499 0.073762941557678582 -0.0027662210739050072 0.010983412441241441 -0.011088526765966731 0.017081168429787092 0.099494577220508015 0.0084413641658484181 -0.0075676843663352172 0.053205065290619448 0.030712959285429765 -0.015523684176538302 0.08332552187965081 0.05561217641752017 0.032100117652347451 0.012954938806750456 -0.020996436912078569 -0.017782823133949112 -0.0040115880655111113 -0.011295799225000645 -0.011977588945825849 0.19675106388766592 -0.0088694426177729213 0.035077661273448489 0.043853286104688256 -0.0071263940546599748 0.048646089565799959 0.13135113215446473 0.0044528786990126719 -0.0032308332981906903 0.017114626203241751 -0.026213280865778055 0.04031570430302326 0.018715697092770028 0.045772427895283074 0.0049590345726800008 0.031858960580349933 -0.017651297051829891 -0.018706698970390314 -0.011683500374818957 0.044223833324565275 -0.021083274681827933 0.060785977832258559 0.049874730870173876 0.036477153448331107 0.010331087923114084 -0.013522626573797956 -0.021626478125950366 0.051652501600129262 -0.017079086239092819 -0.00091516100867093729 -0.0022855029718543904 0.006712214862644241 0.010566046651264855 -0.0055101843197793241 0.024681379149671452 0.030522939721969043 0.011227942341293077 -0.00086264356901112041 0.023706240447782766 0.027867402776633157 0.040174765086905172 -0.0013743061637210901 0.023398367655806895 0.034267024624679981 0.017955653883932242 0.02579684555708487 -0.0084183231127666468 0.059479062120541749 -0.017605041784877498 0.078361223078543138 0.013242160972467689 -0.01818276118905577 0.0081968166836653197 -0.015115534388828348 0.0305265115225727 0.021881858323102368 0.080911813858899256 0.041161727889109462 0.00034729497983122657 0.043187570767865772 0.0053056432254443443 0.019162327411101465 -0.010567927949754429 -0.015880376040880474 0.0011000542250585877
leaf_weight=232528 795 2283 49355 2450 1519 36854 7638 12378 1642 310 6268 2323 2642 4393 7668 613 1787 327 30291 14019 9159 9062 3875 11788 10659 630 4926 152 12055 7092 389 161 4373 4728 4163 11597 8001 418 2680 15512 1103 1076 12904 4012 4477 8251 28 4701 4150 2145 2630 3388 881 1368 650 427 115478 9726 2862 15421 2228 41 1152 3083 679 7588 777 35 5120 1918 6629 145 1215 35746 1402 3168 56536 49019 3861 215 818 44662 1533 20603 524 26072 3625 4307 70 535 11889 5545 7349 2022 8420 791 2541 3091 3208 1597 303 4182 663 13195 7667 2991 3423 2447 11493 5785 155 516 2190 1102 1948 1577 11733 1351 295 1227 22118 3830 3794 206 6345 2824
leaf_count=232528 795 2283 49355 2450 1519 36854 7638 12378 1642 310 6268 2323 2642 4393 7668 613 1787 327 30291 14019 9159 9062 3875 11788 10659 630 4926 152 12055 7092 389 161 4373 4728 4163 11597 8001 418 2680 15512 1103 1076 12904 4012 4477 8251 28 4701 4150 2145 2630 3388 881 1368 650 427 115478 9726 2862 15421 2228 41 1152 3083 679 7588 777 35 5120 1918 6629 145 1215 35746 1402 3168 56536 49019 3861 215 818 44662 1533 20603 524 26072 3625 4307 70 535 11889 5545 7349 2022 8420 791 2541 3091 3208 1597 303 4182 663 13195 7667 2991 3423 2447 11493 5785 155 516 2190 1102 1948 1577 11733 1351 295 1227 22118 3830 3794 206 6345 2824
internal_value=-1.28654e-05 0.0286617 -0.0139234 -0.00431283 0.0375743 0.0306319 0.0148741 -0.0193786 0.0162813 0.00276593 0.00400694 -0.00796769 0.0166736 0.0127595 -0.0118803 0.0093823 -0.00157941 -0.00696973 -0.00940853 0.0478233 0.0047832 -0.0076998 0.0283378 0.0348369 0.0115463 -0.00899547 -0.00193522 0.0434816 -0.00679486 0.048938 -0.0023075 0.0319149 0.0369731 0.00237641 -0.00235651 -0.0131508 0.0519657 0.00358158 -0.00474385 0.00598364 0.0117627 0.064486 -0.0101381 0.00109302 -0.0067027 0.0134708 0.0170204 0.0187224 -0.000717014 0.0332528 0.0408167 -0.00355412 0.0536949 0.0688009 0.0343467 0.0458168 -0.0203359 -0.0192712 0.00864921 -0.00740999 -0.00173902 0.0883694 0.00954636 0.0278416 0.0277258 -0.0131126 0.0619466 0.0129841 0.0121955 0.0115789 0.0102858 0.0264656 0.0314191 0.0175216 0.0323718 -0.00182352 0.0335042 -0.0197624 -0.0183601 -0.00787973 0.0325877 -0.0188903 0.0522446 0.0528122 0.00151439 0.0123522 -0.00517922 -0.0177666 -0.0204546 -0.0112815 -0.00487678 -0.00844143 -0.000119347 0.00136568 -0.00239717 0.00737184 0.0202461 0.0216077 0.0221509 0.0206359 0.00591283 0.0264972 0.022258 0.0185459 0.0258463 0.00821713 0.0337033 -0.0044203 0.0560686 -0.0129967 -0.00458959 0.0282846 -0.013413 -0.0170094 -0.00669251 0.0449659 0.020638 0.0657254 0.0737877 0.0193456 0.045596 -0.00138913 0.0145644 0.0232014 -0.0115856 -0.00405577
internal_weight=1.1783e+06 384896 793404 287283 233777 139372 151119 506121 31584 14891 136840 39176 140525 78362 150443 69737 67103 11206 101088 94405 33522 26344 16693 107788 58543 10594 11194 14398 70797 87193 26798 14260 10385 40759 30417 16552 49479 38309 8578 29731 3783 1237 40380 9102 5090 49441 2250 44840 19243 9148 4775 25730 41478 2290 7212 2610 466945 234417 25003 28325 22342 922 5315 4602 1068 17314 2610 187 14279 38649 22141 1687 1542 40447 3685 4955 93390 217103 101625 4894 1033 96731 2183 39188 9792 36731 11605 4795 4377 563 25102 13213 20019 17791 10442 2433 10792 62163 59072 43804 4347 15268 39457 19394 20063 6199 7605 2750 18585 8956 3171 671 2500 52069 3050 37714 12396 2423 1646 7663 36137 7980 5021 730 9964 3619
internal_count=1178300 384896 793404 287283 233777 139372 151119 506121 31584 14891 136840 39176 140525 78362 150443 69737 67103 11206 101088 94405 33522 26344 16693 107788 58543 10594 11194 14398 70797 87193 26798 14260 10385 40759 30417 16552 49479 38309 8578 29731 3783 1237 40380 9102 5090 49441 2250 44840 19243 9148 4775 25730 41478 2290 7212 2610 466945 234417 25003 28325 22342 922 5315 4602 1068 17314 2610 187 14279 38649 22141 1687 1542 40447 3685 4955 93390 217103 101625 4894 1033 96731 2183 39188 9792 36731 11605 4795 4377 563 25102 13213 20019 17791 10442 2433 10792 62163 59072 43804 4347 15268 39457 19394 20063 6199 7605 2750 18585 8956 3171 671 2500 52069 3050 37714 12396 2423 1646 7663 36137 7980 5021 730 9964 3619
is_linear=0
shrinkage=0.03


Tree=15
num_leaves=127
num_cat=0
split_feature=28 28 28 33 36 34 28 28 27 17 28 28 36 27 27 16 37 34 33 33 27 26 27 9 33 8 28 34 37 37 5 28 36 37 17 37 37 36 5 33 15 37 16 27 34 27 9 28 27 5 26 8 6 16 7 27 11 37 28 36 5 5 5 28 37 33 28 37 29 33 14 9 33 6 36 37 5 14 14 8 28 16 5 5 36 37 5 5 8 5 5 37 36 33 16 17 5 26 36 31 14 17 33 1 11 27 17 28 28 28 7 37 16 16 5 36 16 36 33 16 5 27 5 16 33 34
split_gain=489494 58868.7 37552.1 15668.5 14697.7 13734.2 7260.38 5692.91 3986.47 4191.29 6773.77 3680.46 2749.78 2080.76 1974.97 1745.4 1726.72 1717.09 1586.91 1565 1360.46 1356.1 1346.54 1254.23 1226.7 1184.74 1168.22 1051.93 1023.21 2071.08 1009.47 953.816 951.352 950.476 946.276 996.81 1083.35 956.799 924.811 922.684 911.133 870.732 836.702 807.255 781.332 756.19 746.351 711.102 699.388 694.47 650.754 860.585 648.766 627.521 622.731 614.822 589.279 588.506 570.285 774.47 811.683 1099.53 631.862 566.257 565.557 562.268 555.043 549.087 642.681 596.716 535.061 711.688 525.734 516.881 511.95 509.261 503.66 477.124 466.372 484.633 459.938 508.013 455.323 550.094 446.809 527.615 445.785 445.14 437.128 426.404 642.866 418.531 415.839 459.699 443.719 419.821 408.552 407.743 430.298 407.34 406.385 401.686 401.462 401.161 395.757 395.754 384.566 381.636 380.387 375.482 374.562 373.884 397.771 371.001 370.86 369.895 368.605 363.46 351.482 339.671 334.516 333.276 332.897 331.385 328.707 328.482
threshold=1.3216213023401016 0.40621709224718944 9.8717944032260636 0.040011435105774734 0.063014685086042466 1.510534454572019 3.883346114950458 0.16624505300930573 0.096356162808523702 1.0000000180025095e-35 8.8358794293418814 0.052310143307246676 0.065848700393555712 0.036311245721003936 0.023495207902885774 1.0000000180025095e-35 0.8941782614145507 0.57852776937170458 0.082682851751971057 0.052765155592741718 0.01186526339151811 1.0000000180025095e-35 0.031448058896583746 35.500000000000007 0.017471603833322344 29.500000000000004 16.4758353209752 0.5849006463807539 0.098781481803810925 0.73453215596083743 3387.5000000000005 2.636016201345448 0.12942044372277478 0.24158594618482945 6.5000000000000009 0.27530424784088542 0.34890983914268764 0.029382584257603459 3309.5000000000005 0.010002733087774133 6.5000000000000009 0.09360594067554294 1.0000000180025095e-35 0.19779407501884169 0.56572431657503508 0.047187047539250425 -1.0000000180025095e-35 1.0749542004379322 0.049436297465138446 2222.5000000000005 1.0000000180025095e-35 39.500000000000007 3327.0000000000005 19.500000000000004 1.5000000000000002 0.051654107958206123 1.3229166666666667 1.5025613544596921 0.052310143307246676 0.017348284266447907 3358.5000000000005 3992.0000000000005 3891.5000000000005 2.3270276604878855 4.0077787970050576 0.018597210857404737 53.46613350612899 10.895242786555082 0.0006963784507029977 0.040011435105774734 0.11908493805045529 21.500000000000004 0.11144335091509766 3327.0000000000005 0.050511825043815864 0.19274713383365835 4104.5000000000009 0.99503972966243948 0.59539778493579854 10.500000000000002 2.6136564282984813 4.5000000000000009 3303.5000000000005 4104.5000000000009 0.010372832185666923 0.31839064892995811 4104.5000000000009 3449.5000000000005 44.500000000000007 3992.0000000000005 3904.5000000000005 1.5025613544596921 0.021529953072532772 0.047691955024797512 8.5000000000000018 1.5000000000000002 2502.5000000000005 2.5000000000000004 0.0091432307296578936 1.1240604527534923 0.9921902723562811 5.5000000000000009 0.0082937579318871097 886.50000000000011 0.19709079283887471 0.12294618983195997 10.500000000000002 1.2512556495593821 0.91667256235770611 0.94489103413968012 11.500000000000002 5.1228334417600037 5.5000000000000009 4.5000000000000009 2278.5000000000005 0.030284768131292845 1.0000000180025095e-35 0.0069287667712864568 0.028800942012315072 3.5000000000000004 3543.5000000000005 0.029168569635792441 1671.5000000000002 2.5000000000000004 0.022573769889391106 3.6128901595777854
decision_type=2 2 2 2 2 2 2 2 2 2 2 2 2 2 2 2 2 2 2 2 2 2 2 2 2 2 2 2 2 2 2 2 2 2 2 2 2 2 2 2 2 2 2 2 2 2 2 2 2 2 2 2 2 2 2 2 2 2 2 2 2 2 2 2 2 2 2 2 2 2 2 2 2 2 2 2 2 2 2 2 2 2 2 2 2 2 2 2 2 2 2 2 2 2 2 2 2 2 2 2 2 2 2 2 2 2 2 2 2 2 2 2 2 2 2 2 2 2 2 2 2 2 2 2 2 2
left_child=1 4 5 17 7 8 22 58 9 28 44 -6 14 92 42 23 54 32 21 82 101 -13 -7 24 -9 57 -18 -19 -2 31 63 65 46 75 35 113 -37 -38 53 -35 67 -10 -5 55 103 49 48 -29 -3 -23 -27 56 84 100 102 111 122 -16 -1 -60 106 62 -62 72 -25 -30 114 68 -28 73 71 -65 91 -69 97 -33 108 87 79 -49 99 124 -17 -84 -26 -86 -32 -20 118 90 -51 -24 -8 94 95 -94 -47 98 -31 -43 109 -14 -4 -11 -36 -42 -61 -81 -40 -22 -72 112 -15 -12 -56 -48 -50 -115 -57 -93 -104 -111 -52 -116 -82 -59
right_child=2 3 16 12 11 6 13 15 41 10 34 18 20 43 25 19 26 27 77 -21 38 45 30 64 52 50 40 47 29 74 86 33 -34 39 104 36 37 -39 76 -41 105 80 -44 -45 -46 96 115 78 116 89 51 -53 -54 -55 66 88 -58 125 59 60 61 -63 -64 70 -66 -67 -68 69 -70 -71 110 -73 -74 -75 -76 -77 -78 -79 -80 107 81 -83 83 -85 85 -87 -88 -89 -90 -91 -92 119 93 -95 -96 -97 -98 -99 -100 -101 -102 -103 120 -105 -106 -107 -108 -109 -110 121 -112 -113 -114 117 123 -117 -118 -119 -120 -121 -122 -123 -124 -125 -126 -127
leaf_value=-0.020771120216761613 -0.019147636617188209 -0.011582999243994998 0.012407684092429214 -0.019802665699258325 -0.01954653066951147 -0.0068588815363963794 0.080658155451045099 -0.011250102180671944 0.0073868649814753514 -0.010800677889641416 0.033048192416982987 0.0029094487784854369 -0.0089762505679694109 0.038906160048883538 -0.0041473614564876606 -0.017322176339393654 0.043277735382620183 0.016304337610177144 0.0052204873717733797 0.0061898870159767805 0.010516864583046204 -0.011244616133186759 -0.013462655942468921 -0.017331716987530318 0.031603447672398012 0.0082035716750725116 0.052099169836836601 -0.0091225292176311413 -0.011879631570654229 0.060262158635150956 0.031409114571495263 0.030617420393196079 0.021404739098177212 0.077409875711289849 0.046764611190127342 0.072968524915894145 0.048873501046968915 0.016205529297099393 0.016551977629958539 0.026808841047459279 -0.0050669651482556314 0.0073980906539247949 0.0062759338690266155 0.031308616041216986 0.011868871675951393 -0.0050985812483030175 -0.016996639342314709 -0.0072950129513815638 0.012052733748687807 -0.0027538398741063261 -0.014471423015825815 0.007780801153869722 0.015235952601574593 -0.00053017088941963099 0.039820856081803857 -0.014003285095095633 0.023394088954375475 0.016797140136444687 -0.020256318186497462 -0.01791810478890642 -0.008295317196745422 -0.01824924480982093 0.010471036460123239 0.010528290775495141 0.0075268213781538541 0.011433060221185854 -0.021242162726215413 0.079796556013815745 0.040502714637567931 0.053844305609782581 0.02249205331790383 0.031176373078031283 -0.0018734616823289749 0.19007016313076019 0.0088814112691137075 -0.0043620504905015995 0.0046614086244344006 -0.0043837468961039827 -0.0062254761714946767 0.012223843038186974 0.020829776734435177 0.015646202578017316 -0.0065372741535821262 -0.01729474386646326 -0.013368637200039835 0.0015412228942234835 0.012681048680039197 0.017169584508774881 0.029560633408557014 -0.014227370075098802 0.012114663459260832 0.02132748564134973 0.031827197002499641 0.070236386057978897 -0.020783507381517862 0.072573931600006525 -0.016845469483141487 -0.022797258927410701 -0.0084839441681792468 0.020214837986232914 0.0046297188904194089 0.033829599454085223 0.025447056992472118 0.046644026392272539 -0.022434555989074106 0.039670701840788067 0.027647045563437982 -0.022340566612485992 0.02395836543156837 -0.00093318360195641058 0.033418076171641178 -0.029972814624508223 -0.037799327222557806 0.033152592474559567 0.083019581451758889 -0.009932023134421774 -0.0036529600753096672 -0.0073453975860203529 0.039251052947159082 0.014057250533745288 0.046232639293380194 0.018667173291093554 -0.0013876100010911509 0.041200894813254937 0.033421659996569417 0.0068180437589518165
leaf_weight=229935 2821 11563 1399 4092 12347 1577 674 10188 4576 4733 1344 16257 2845 290 1768 47560 35336 2607 8397 3047 13697 8100 392 9955 374 8303 40236 11482 1595 83 9978 551 789 410 97 1154 2991 1105 14182 1552 185 2422 1518 70711 2266 3780 20489 1869 1820 8750 5376 4695 2787 3615 1708 112 499 11150 128098 94221 4685 7539 2464 5031 898 2237 111 877 4816 1489 6661 2142 1365 40 1300 1170 2142 2847 4581 5296 2642 3104 9051 8113 2722 9923 1292 4214 5222 1723 3734 11911 634 817 97 355 9031 2104 6439 28410 4845 212 2382 112 319 4676 167 304 11146 830 4902 180 77 318 412 9890 5152 535 27234 11243 985 13161 2595 291 6351 4046
leaf_count=229935 2821 11563 1399 4092 12347 1577 674 10188 4576 4733 1344 16257 2845 290 1768 47560 35336 2607 8397 3047 13697 8100 392 9955 374 8303 40236 11482 1595 83 9978 551 789 410 97 1154 2991 1105 14182 1552 185 2422 1518 70711 2266 3780 20489 1869 1820 8750 5376 4695 2787 3615 1708 112 499 11150 128098 94221 4685 7539 2464 5031 898 2237 111 877 4816 1489 6661 2142 1365 40 1300 1170 2142 2847 4581 5296 2642 3104 9051 8113 2722 9923 1292 4214 5222 1723 3734 11911 634 817 97 355 9031 2104 6439 28410 4845 212 2382 112 319 4676 167 304 11146 830 4902 180 77 318 412 9890 5152 535 27234 11243 985 13161 2595 291 6351 4046
internal_value=-2.17147e-05 -0.0123539 0.0303023 0.00250309 -0.0166121 0.0241092 0.0291649 -0.0182898 0.0141558 0.00650982 0.0185456 -0.00449852 0.00969881 0.0337798 0.00388164 -0.0119642 0.0463254 -0.00800149 -0.00171849 -0.0148214 0.0135413 -0.00425421 0.0204728 -0.00670903 -0.00313263 0.00630883 0.0474919 -0.00177692 -0.00238484 0.000326458 0.0212577 0.0122075 -0.011275 0.0231094 0.037734 0.0401938 0.047294 0.0400605 0.0144807 0.037383 0.0503382 0.019827 -0.0127461 0.0331189 -0.002672 -0.00757045 -0.0118021 -0.00378005 -0.00705791 -0.00423433 0.00162659 -0.00252144 0.00209961 0.0113275 0.0322945 0.0369844 -0.00823206 0.0122342 -0.0197065 -0.0186744 -0.0168166 -0.0102563 -0.00182724 0.0191909 -0.0152749 0.00172958 0.0443496 0.0516052 0.0508595 0.0655688 0.023131 0.0166942 0.0162275 0.0846067 -0.00866874 0.00683707 0.01863 0.00670905 0.00131059 0.00593273 0.0211531 0.0261105 -0.0158106 -0.0116221 -0.000712511 -0.00166832 0.0292621 0.00921331 0.0375141 -0.000237468 0.00169337 0.0172768 0.0604086 0.0532366 0.0404477 0.0464532 -0.0133794 -0.0113137 -0.00760907 0.019208 0.0126451 -0.00600771 0.0259153 -0.00947275 -0.00629917 0.0379681 -0.0178375 0.0103475 0.0198113 0.0140477 0.027124 0.00544265 0.0228126 0.0232269 0.0473694 -0.0146967 0.00044692 0.00775233 0.0390329 0.0177972 0.0315278 0.0175044 -0.0102119 0.0657091 0.0297224 0.0141402
internal_weight=1.17805e+06 837466 340581 186559 650907 245638 162897 571727 82741 35236 14974 79180 110717 106403 44042 104618 94943 75842 66833 67771 66675 51375 56494 36847 25994 38432 87655 26139 20262 17441 54917 7515 49703 3683 7863 7447 5250 4096 63618 1962 52319 47505 5610 103826 7111 35118 48914 23532 18535 22307 21468 13165 15806 36148 7288 33115 8470 16964 467109 237174 109076 14688 7149 43647 10853 3832 2522 47458 45052 2406 18736 7173 24911 917 9926 1721 27470 15458 12050 7469 42929 12097 64724 17164 13019 12645 11270 12611 32568 14207 12484 23546 2577 1903 1086 989 12811 8626 6522 30832 32533 3057 4766 4845 416 4861 94388 5600 25328 27688 11563 547 367 2197 2411 30379 6972 853 27346 23154 3367 13991 7971 703 8993 15196
internal_count=1178047 837466 340581 186559 650907 245638 162897 571727 82741 35236 14974 79180 110717 106403 44042 104618 94943 75842 66833 67771 66675 51375 56494 36847 25994 38432 87655 26139 20262 17441 54917 7515 49703 3683 7863 7447 5250 4096 63618 1962 52319 47505 5610 103826 7111 35118 48914 23532 18535 22307 21468 13165 15806 36148 7288 33115 8470 16964 467109 237174 109076 14688 7149 43647 10853 3832 2522 47458 45052 2406 18736 7173 24911 917 9926 1721 27470 15458 12050 7469 42929 12097 64724 17164 13019 12645 11270 12611 32568 14207 12484 23546 2577 1903 1086 989 12811 8626 6522 30832 32533 3057 4766 4845 416 4861 94388 5600 25328 27688 11563 547 367 2197 2411 30379 6972 853 27346 23154 3367 13991 7971 703 8993 15196
is_linear=0
shrinkage=0.03


Tree=16
num_leaves=127
num_cat=0
split_feature=28 28 28 36 34 36 28 28 27 34 13 28 28 27 9 27 3 37 3 13 27 18 3 34 28 28 15 9 8 18 37 3 3 3 27 28 34 34 18 34 27 3 3 37 36 0 0 27 3 8 13 28 3 18 28 27 32 4 0 28 27 0 9 37 8 8 37 29 36 4 36 3 3 18 28 36 18 31 14 37 36 28 4 37 37 36 8 36 3 3 13 36 3 14 8 27 3 37 37 27 0 26 3 18 8 37 25 36 28 37 15 28 11 12 11 34 3 25 18 27 0 27 27 28 0 27
split_gain=460565 55433.7 35332.8 21103.7 12922.5 7032.84 6902.02 6831.29 3750.87 3492.79 3363.94 6481.17 3087.24 2200.41 1983.89 1957.79 1728.66 1624.67 1490.68 1272.91 1266.96 1253.06 1170.61 1136.83 1099.18 1021.05 961.166 1084.14 957.533 955.708 819.271 815.469 1681.3 931.637 878.434 796.867 859.405 794.851 779.596 776.952 759.547 740.503 714.912 676.309 688.256 649.403 645.783 1174.12 716.109 1469.37 1392.7 726.438 639.773 607.444 608.769 676.77 791.647 788.4 584.181 578.566 578.486 552.086 548.083 542.713 527.826 525.357 523.238 651.392 554.898 519.073 512.584 496.166 493.493 485.122 592.475 477.089 458.518 457.097 456.513 454.097 849.489 739.514 452.356 447.074 440.671 439.761 438.825 431.412 424.683 1143.16 448.942 416.414 413.926 413.767 411.294 409.244 455.907 403.414 880.154 396.779 395.715 395.534 386.504 386.796 484.666 385.104 383.154 381.703 372.729 537.725 413.009 370.451 372.937 369.187 365.911 361.979 360.218 356.494 346.95 694.625 344.994 343.573 341.133 351.046 340.893 339.695
threshold=1.3216213023401016 0.24525839955506953 9.8717944032260636 0.047554435614137115 1.510534454572019 0.063014685086042466 0.51785501459197014 3.883346114950458 0.096356162808523702 0.57852776937170458 1.0000000180025095e-35 8.8358794293418814 0.052310143307246676 0.01186526339151811 55.500000000000007 0.036311245721003936 42.500000000000007 0.8941782614145507 42.500000000000007 1.0000000180025095e-35 0.031448058896583746 1.0000000180025095e-35 12.500000000000002 1.9057618361605384 16.4758353209752 0.16103285251108321 1.0000000180025095e-35 64.500000000000014 43.500000000000007 3.5000000000000004 0.09360594067554294 127.50000000000001 138.50000000000003 27.500000000000004 0.097381106612567284 0.11215773106761434 0.57852776937170458 0.5849006463807539 3.5000000000000004 0.35993384217161734 0.19779407501884169 42.500000000000007 27.500000000000004 0.09950595727325684 0.0080016569810327908 39.500000000000007 187.50000000000003 0.036311245721003936 138.50000000000003 51.500000000000007 3.5000000000000004 2.5137395678027419 156.50000000000003 15.500000000000002 0.80139390966197055 0.062674004983137091 1.5093702000281364e-05 192.50000000000003 85.500000000000014 0.39383354519156666 0.051654107958206123 85.500000000000014 33.500000000000007 0.3441713326327826 48.500000000000007 1.0000000180025095e-35 10.895242786555082 0.0006963784507029977 0.038277474009009847 180.00000000000003 0.01160529220167434 137.50000000000003 12.500000000000002 1.5000000000000002 3.3970942969526434 0.021529953072532772 1.5000000000000002 10.490218182320747 0.85352528736329614 0.11168089970119073 0.0086639314808855568 8.8358794293418814 61.500000000000007 0.09360594067554294 2.9667617155512134 0.029382584257603459 45.500000000000007 0.0076496820672448283 120.50000000000001 81.500000000000014 1.0000000180025095e-35 0.080804619446044848 153.50000000000003 0.75573495133501356 44.500000000000007 0.01186526339151811 12.500000000000002 0.67678099669348279 0.11447732376760685 0.097381106612567284 2.5000000000000004 1.0000000180025095e-35 12.500000000000002 1.0000000180025095e-35 7.5000000000000009 0.24158594618482945 0.1294095225512602 0.12310606060606062 1.9081623173208262 2.8366137474098863 1.5000000000000002 0.43328167009667956 1.7596153846153848 0.15279996450124247 9.7500000000000018 0.53740049633641906 42.500000000000007 -0.12940952255126037 2.5000000000000004 0.0074937699731432855 88.500000000000014 0.090389262019821462 0.20833333333333337 84.027302325581402 17.500000000000004 0.045412757030706179
decision_type=2 2 2 2 2 2 2 2 2 2 2 2 2 2 2 2 2 2 2 2 2 2 2 2 2 2 2 2 2 2 2 2 2 2 2 2 2 2 2 2 2 2 2 2 2 2 2 2 2 2 2 2 2 2 2 2 2 2 2 2 2 2 2 2 2 2 2 2 2 2 2 2 2 2 2 2 2 2 2 2 2 2 2 2 2 2 2 2 2 2 2 2 2 2 2 2 2 2 2 2 2 2 2 2 2 2 2 2 2 2 2 2 2 2 2 2 2 2 2 2 2 2 2 2 2 2
left_child=1 5 4 9 8 35 14 20 10 19 16 39 -7 38 31 45 97 62 43 41 -6 42 -11 107 -19 69 27 -24 -21 66 -10 33 111 99 -34 -1 -37 -28 71 -12 60 105 106 -13 58 78 75 -48 49 -49 -51 -50 61 54 -25 57 -57 -56 -45 -39 114 -20 70 76 -29 83 67 122 -68 82 -4 -8 -38 74 100 -22 -64 -61 -9 -18 81 -81 -14 -43 -47 -63 -30 -83 89 90 -35 -73 124 -46 -62 96 -27 98 -2 -5 -32 -23 -84 -104 -105 -3 -16 115 109 -77 -110 -33 -113 -65 -17 -15 -42 -100 -74 -120 -71 -31 -26 -124 -82 -111
right_child=2 3 17 6 7 12 13 15 30 22 11 18 25 23 21 40 79 24 52 28 46 101 26 53 29 95 37 64 86 121 73 32 34 88 -36 36 72 59 -40 -41 116 65 -44 44 93 84 47 48 51 50 -52 -53 -54 -55 55 56 -58 -59 -60 77 94 85 63 113 -66 -67 68 -69 -70 120 -72 91 118 -75 -76 108 -78 -79 -80 80 92 87 102 -85 -86 -87 -88 -89 -90 -91 -92 -93 -94 -95 -96 -97 -98 -99 117 -101 -102 -103 103 104 -106 -107 -108 -109 110 125 -112 112 -114 -115 -116 -117 -118 -119 119 -121 -122 -123 123 -125 -126 -127
leaf_value=-0.019446850996092037 -0.019274362871197919 -0.01685893538947477 0.010110317292796859 -0.0037317649166771247 -0.0066531159313479478 -0.018960134965308253 -0.015953454985919373 -0.017448429703712461 0.0071652598640920351 -0.012312905010008215 -0.012871113268798142 -0.0030143091012449822 -0.014550849984123744 -0.010352371997320847 -0.013286341711878777 -0.00052625560162150261 -0.017859142335288437 0.041979403333923304 0.029700980104874295 -0.016481257632829972 -0.031403516580382089 0.0095462122028134137 0.006742565760616397 0.010830113524762187 0.055061355271450063 -0.015511721079846573 0.01362894133695792 -0.017070769770607647 0.0052476732226119415 -0.045052560730413957 0.030306464332358108 0.0062077100140574782 0.0012234358502953859 0.020024595160342159 0.033397449299308664 -0.018483448208656397 -0.018680200323262754 -0.012173041966306659 0.025788178772275003 0.0037982864227270306 0.025669905500795804 -0.012179832117302768 -0.016796489360583311 0.0052142516599185222 0.027140122034607618 0.044156698027149853 0.042934623344754189 0.022350617752678846 0.017475656341024177 -0.01915876196614473 0.029054340295833984 0.03245384045040034 -0.0024429592915943686 0.0031996327707245068 0.020948635644340824 0.010002824615507246 0.029463677635510839 -0.00042481450005889986 0.06254434127191251 -0.0066360642392890197 0.03786195337865856 0.056796440795890912 0.032632841404813984 0.06096314497994753 0.014403882438006501 -0.00727678127569404 0.047646385715850954 0.039068187640259967 0.077070130371149514 0.00058240762820276559 0.031723570832297862 0.051690577976804042 -0.0054344812986205308 0.015768615401450102 0.03033737076202728 0.021807421741889342 -0.025768392166575869 0.0031715018307263911 0.1145087986758777 -0.0099748915787470551 -0.022641812611246506 0.049388986860450942 -0.012491148780680512 0.0085404194155205247 0.071614615295703218 -0.032108211552395544 -0.010014850555245966 0.12080876475244057 0.019492725229167576 -0.010569281782760604 0.0073228455525667551 -0.019914109215140342 -0.015532608669451168 0.0067280421735136054 0.028673814498786952 0.0034863843417564486 0.025124605794928263 -0.016892742593964023 0.022690365513420935 0.03427980992373298 0.018740067189959783 -0.004136990320015947 0.0062200049000857537 0.0063919330479742242 -0.007567889956631383 -0.0074575705845092936 0.004278898637271886 0.019410462516841274 0.024712928035519308 -0.0042362895904768201 0.015416275206481924 -0.020947673088919379 0.044842523864552945 0.031917913431879996 0.10897994004446884 0.0045372136135804165 0.031344962293181067 -0.0025497797803958476 0.052013895389807482 -0.016405919002125662 -0.020812257032662072 0.039042954160257819 0.048611689147900927 0.079987582321808887 0.017269077626427071 0.011912496027181491
leaf_weight=420667 1876 7473 1416 8028 1577 12347 3785 150 4576 11403 3762 850 2323 2496 1890 518 428 35336 1052 59150 178 3313 16244 26496 12347 283 1930 2863 1937 44 3081 560 2938 3747 1032 38624 5726 9793 527 7601 12156 1171 11911 207 2841 779 2665 8201 4677 1708 788 7732 238 4599 25032 16706 2120 1656 704 12117 27346 2757 663 1214 576 8472 1024 4652 1321 947 3264 187 11145 13339 6928 4471 148 6610 28 118 209 190 2166 4694 1620 51 13595 127 3230 2588 7552 120 503 1304 5222 3082 2037 5939 946 255 19581 4462 7270 3374 6650 8251 2735 894 9781 1486 7676 4211 79 583 29 3573 58555 1077 137 5296 2391 6960 25646 325 2456 5554
leaf_count=420667 1876 7473 1416 8028 1577 12347 3785 150 4576 11403 3762 850 2323 2496 1890 518 428 35336 1052 59150 178 3313 16244 26496 12347 283 1930 2863 1937 44 3081 560 2938 3747 1032 38624 5726 9793 527 7601 12156 1171 11911 207 2841 779 2665 8201 4677 1708 788 7732 238 4599 25032 16706 2120 1656 704 12117 27346 2757 663 1214 576 8472 1024 4652 1321 947 3264 187 11145 13339 6928 4471 148 6610 28 118 209 190 2166 4694 1620 51 13595 127 3230 2588 7552 120 503 1304 5222 3082 2037 5939 946 255 19581 4462 7270 3374 6650 8251 2735 894 9781 1486 7676 4211 79 583 29 3573 58555 1077 137 5296 2391 6960 25646 325 2456 5554
internal_value=-2.10633e-05 -0.0119833 0.0293933 -0.00199227 0.0233859 -0.0179459 0.00630049 0.0282899 0.0137311 -0.00930967 0.00631453 0.0137825 -0.0063022 0.0116013 -0.00168646 0.0327664 -0.00519086 0.0449356 0.0313916 -0.0126423 0.0198587 -0.00823923 -0.00363701 0.0127154 0.0460672 -0.00118188 -0.00166364 0.00350299 -0.0147405 0.0488281 0.0192322 0.00296885 -0.00489015 0.00569784 0.00958706 -0.0189824 -0.0157759 -0.00500336 -0.00855532 -0.00172053 0.0321253 -0.00742963 -0.0129095 0.0217452 0.0259076 0.0585963 0.02062 0.0240796 0.021905 0.0162166 -0.00393764 0.0268085 0.0452939 0.0137702 0.0144453 0.0165499 0.0121943 0.0196224 0.0495176 -0.00626424 0.0358748 0.0482372 0.0313256 0.0423463 -0.0117991 -0.00249862 0.0504221 0.0496691 0.0642216 -0.00372631 0.0251842 -0.0129783 -0.0110872 0.0205185 0.0226597 0.0175609 0.0219752 -0.00317432 0.00330889 0.0113554 0.0148258 0.054137 -0.0020382 0.00440343 0.0626985 0.0551817 -0.00811146 0.078002 0.0096946 0.00741564 0.011535 0.0237018 0.00942797 0.0207186 0.0363887 0.0106505 0.0201677 -0.0119705 -0.00447287 -0.00256154 0.0203126 0.00169355 -0.000544526 0.000951738 -0.00286912 -0.0119257 -0.00289911 0.00110942 0.0178618 0.0136711 0.0206251 -0.0167406 -0.0197362 0.05154 0.00527937 -0.00158643 0.0303694 0.00925308 -0.00846466 -0.0146806 -0.0147425 0.0385147 0.050956 0.0490043 0.0141391 0.00850382
internal_weight=1.17805e+06 837466 340581 313001 245638 524465 146722 162897 82741 166279 35236 21367 42870 88191 58531 106403 13869 94943 10004 104743 56494 24311 61536 83572 87655 30523 50133 19683 74682 52319 47505 34220 8820 25400 3970 481595 60928 30450 4619 11363 103826 30061 16536 5906 5056 2577 54917 25771 23106 10697 2496 12409 4098 76609 72010 45514 18826 26688 911 28520 33115 3860 7288 2608 3439 14337 45315 42970 2345 25121 4680 4092 22304 42929 29590 29146 811 18727 178 4031 3603 435 21783 5865 2399 2808 15532 317 17117 13887 11299 307 3168 4145 32568 5402 2320 9838 3899 8283 22662 7775 19460 17294 10024 15724 4625 6963 28968 11511 17457 4850 4290 1797 547 6069 70711 2023 16578 5433 3338 7004 38318 25971 2665 7040
internal_count=1178047 837466 340581 313001 245638 524465 146722 162897 82741 166279 35236 21367 42870 88191 58531 106403 13869 94943 10004 104743 56494 24311 61536 83572 87655 30523 50133 19683 74682 52319 47505 34220 8820 25400 3970 481595 60928 30450 4619 11363 103826 30061 16536 5906 5056 2577 54917 25771 23106 10697 2496 12409 4098 76609 72010 45514 18826 26688 911 28520 33115 3860 7288 2608 3439 14337 45315 42970 2345 25121 4680 4092 22304 42929 29590 29146 811 18727 178 4031 3603 435 21783 5865 2399 2808 15532 317 17117 13887 11299 307 3168 4145 32568 5402 2320 9838 3899 8283 22662 7775 19460 17294 10024 15724 4625 6963 28968 11511 17457 4850 4290 1797 547 6069 70711 2023 16578 5433 3338 7004 38318 25971 2665 7040
is_linear=0
shrinkage=0.03


Tree=17
num_leaves=127
num_cat=0
split_feature=27 27 27 37 36 29 37 31 27 9 17 7 37 9 37 5 13 27 7 33 33 30 37 27 27 3 8 27 31 37 27 18 32 27 5 7 33 8 37 31 33 8 33 5 3 3 1 3 9 9 3 8 36 27 27 27 0 36 36 26 3 5 30 9 27 33 18 8 8 33 37 17 3 27 33 25 27 7 8 30 3 4 27 27 5 8 3 17 27 17 37 17 3 9 3 13 8 9 13 9 18 13 37 37 25 37 3 36 9 9 8 30 3 36 7 12 7 3 36 37 37 3 33 4 37 37
split_gain=381936 62410.4 18668.2 17418.6 9679.83 7804.58 6283.03 5077.72 4655.09 4291.81 4034.97 4268.85 3930.47 3708.81 3658.31 3446.59 2693.27 2570.43 2399.79 2130.71 1986.99 1950.02 1937.51 1815.58 1648.21 2132.78 1643.32 1614.72 1680.15 1516.2 1510.17 1479.65 1270.92 1501.91 1246.44 1245.11 1166.75 1120.17 1053.13 1043.09 975.55 961.289 949.812 907.813 904.651 924.461 876.046 848.138 829.47 787.51 1021.76 759.392 756.131 839.593 750.382 976.496 749.145 742.901 720.997 711.253 699.019 920.015 681.074 827.149 671.655 667.95 668.916 801.77 734.261 662.882 1042.87 660.123 624.534 615.722 610.589 590.654 588.319 588.036 564.785 557.092 644.343 553.922 553.195 547.057 544.569 577.035 527.43 510.658 510.329 504.25 504.093 490.626 614.94 473.703 468.991 453.226 483.304 450.723 446.44 442.698 429.506 428.832 428.203 425.511 490.992 423.565 1061.93 3230.69 964.014 585.172 436.689 422.45 415.862 408.747 405.947 459.216 395.467 394.99 392.73 443.044 390.776 386.636 385.038 377.318 374.196 372.078
threshold=0.06482172060267373 0.017394576347428647 0.17892931007053087 1.653324433043269 0.063014685086042466 1.0000000180025095e-35 0.34890983914268764 3.940172035382139 0.023065816766852546 46.000000000000007 1.0000000180025095e-35 5.5000000000000009 0.40768053738648052 64.500000000000014 2.8366137474098863 3383.5000000000005 1.0000000180025095e-35 0.11621467663383581 4.5000000000000009 0.025781629466387009 0.01962086276832176 0.089924833967084825 2.8822132042119177 0.14044471448912457 0.0040397150012150594 42.500000000000007 41.500000000000007 0.19264507422402163 11.735478263972789 7.5241748518134637 0.12750818647605938 2.5000000000000004 1.5093702000281364e-05 0.037060995412595596 1671.5000000000002 -1.0000000180025095e-35 0.074326667264520377 51.500000000000007 2.102991367849492 11.236278326313732 0.048040678060612831 34.500000000000007 0.019797201937088411 4104.5000000000009 39.500000000000007 76.500000000000014 -1.0000000180025095e-35 76.500000000000014 71.500000000000014 5.5000000000000009 138.50000000000003 39.500000000000007 0.012674507554025627 0.023065816766852546 0.29490552214658577 0.25219298245614041 19.500000000000004 0.022592641705887144 0.047554435614137115 1.0000000180025095e-35 42.500000000000007 3309.5000000000005 0.016699666722132522 69.500000000000014 0.0043765384696261419 0.024010936787969537 2.5000000000000004 16.500000000000004 49.500000000000007 0.040011435105774734 1.6051280437932214 2.5000000000000004 42.500000000000007 0.31488174840163413 0.048040678060612831 -0.70710678118654757 0.068749217791794964 16.500000000000004 51.500000000000007 0.24929641911788478 134.50000000000003 219.00000000000003 0.14381756917570734 0.10975387182562446 3982.5000000000005 49.500000000000007 42.500000000000007 6.5000000000000009 0.010013046234375276 2.5000000000000004 10.895242786555082 7.5000000000000009 115.50000000000001 3.5000000000000004 117.50000000000001 1.0000000180025095e-35 43.500000000000007 63.500000000000007 5.5000000000000009 29.500000000000004 3.5000000000000004 1.0000000180025095e-35 0.042708999842057609 39.552931979225654 0.25881904510252057 0.34890983914268764 140.50000000000003 0.050111981897161241 59.500000000000007 69.500000000000014 42.500000000000007 0.067274736675500726 42.500000000000007 0.054188358942970818 3.5000000000000004 0.0056603975094250969 16.500000000000004 41.500000000000007 0.022624811445732938 0.11168089970119073 0.3441713326327826 126.50000000000001 0.047691955024797512 219.00000000000003 0.74353512997385762 2.9667617155512134
decision_type=2 2 2 2 2 2 2 2 2 2 2 2 2 2 2 2 2 2 2 2 2 2 2 2 2 2 2 2 2 2 2 2 2 2 2 2 2 2 2 2 2 2 2 2 2 2 2 2 2 2 2 2 2 2 2 2 2 2 2 2 2 2 2 2 2 2 2 2 2 2 2 2 2 2 2 2 2 2 2 2 2 2 2 2 2 2 2 2 2 2 2 2 2 2 2 2 2 2 2 2 2 2 2 2 2 2 2 2 2 2 2 2 2 2 2 2 2 2 2 2 2 2 2 2 2 2
left_child=1 4 5 8 38 6 30 19 10 14 44 56 41 15 17 29 36 34 111 54 95 22 26 90 -6 93 -16 -14 37 52 51 42 43 84 49 83 48 97 91 79 112 -9 -22 101 -3 75 74 64 59 -8 -51 -2 53 -5 55 -4 89 -36 -20 -15 -44 81 -21 73 -27 71 67 -67 -68 70 -39 -54 -58 77 -18 118 -59 123 -42 80 -19 -62 -37 -24 85 86 -34 -73 -66 -12 -23 105 -93 -26 100 -10 -97 -29 125 -63 103 -17 -74 114 -105 -1 110 -108 -109 -110 -107 -11 -40 -30 -7 -116 -90 -77 119 -46 -43 -32 -31 -64 -119 -86
right_child=2 3 7 13 24 94 9 12 20 18 11 -13 27 16 21 32 46 39 58 62 31 23 35 -25 25 47 -28 28 113 122 121 -33 33 -35 57 82 -38 69 40 -41 78 120 60 -45 45 -47 -48 -49 -50 50 -52 -53 65 -55 -56 -57 72 76 -60 -61 61 99 63 -65 88 66 68 -69 -70 -71 -72 87 102 -75 -76 117 -78 -79 -80 -81 -82 -83 -84 -85 98 -87 -88 -89 116 -91 -92 92 -94 -95 -96 96 -98 -99 -100 -101 -102 -103 -104 104 -106 106 107 108 109 -111 -112 -113 -114 -115 115 -117 -118 124 -120 -121 -122 -123 -124 -125 -126 -127
leaf_value=-0.019306050823037251 -0.0096893751315680794 -0.0098427321648210733 0.013910565818522753 0.089796615997465648 -0.017500880088352565 0.039929841348717854 0.015673286640758257 -0.01333228553254274 -0.0089979389062548008 0.052137703033086943 -0.018858560725165518 -0.010232889655879013 0.056384989142221578 -0.00068030246060585915 0.01006548856968183 0.025344629237118763 -0.00030596367700379696 0.015914197010447766 0.012068557133347587 0.033670363042021305 0.019566047385790132 0.014720958036938962 0.017862157526339382 0.066207706922904466 -0.014645933559484842 0.038533460755456002 0.045863470411054541 0.027252416379948595 0.062237495741564307 -0.004974849406725693 0.011719796090992182 -0.012795049876674585 0.035082781572754566 0.015591069262817512 -0.011159945806991397 0.011341713446338797 0.015735715340459745 0.047357510192553083 -0.01765722739749578 0.049236031866469868 0.0074723925796911263 0.03215681386851045 -0.0074127907969262054 0.00032540147113470136 -0.03083610791909067 -0.011152532945272116 0.00049823955545240221 -0.016954492444803158 0.010418563047973737 -0.0040891836228064103 0.011583238950792519 0.022371013904463156 -0.0057767411492635834 -0.0269448553261004 0.026393865998650252 -0.019774187181512685 0.028613073510696758 0.032608754112595867 0.025574312777677875 -0.015076509446476118 -0.0066829393718242517 0.016000013053165261 0.024444568659958855 0.043568132018781049 0.0020090088682510679 0.019061766394129417 0.0030533724855443443 0.0090513310113186831 0.025681596978570181 0.04125900715497885 0.013502880354368158 0.045315509512047492 -0.028408483900129795 0.029505588150780332 0.01623019471128349 0.13988566446304321 0.013187810921878649 0.012724435409762954 -0.017336281467150976 -0.0027739940404140212 0.026212958264383628 0.0073824522058630092 0.021743027017734732 0.04321759405374527 -0.013313943210566578 0.03905697504050052 0.083172069113329056 -0.034846368627301574 0.014083210655193076 0.03325223675563474 0.038468305443660353 -0.017596245578458892 0.029491391028775724 -0.0051829300156796829 0.020329711613972689 -0.016525942713956306 -0.0094376673177623393 0.059978647446874436 0.044924434122304582 7.5170231513432028e-05 0.0224072441534151 0.015333423220787455 0.050204083830601827 0.21896192497677272 0.058436681057544466 -0.016333807626433661 -0.01813165035742386 0.00010722351552390341 0.044090932907497542 -0.020492616246853553 -0.019485224488203726 0.03695497284464707 -0.010347381771071015 0.047234278495779568 0.062384850601955408 0.043149774954883771 -0.021387244270305441 0.014127147318322804 0.0037310224382773689 0.056604759725233073 0.0089605464281522339 -0.0084615809275299589 0.014672938116459314 0.044053395857278944 -0.018785021678149272 0.034796651309499368
leaf_weight=295036 8549 9979 2311 205 7123 6348 3778 1117 18060 1953 389 2894 6034 4071 1546 5014 2508 13468 4339 35370 1708 1369 1161 1783 7981 564 4553 9790 1904 9819 8734 17120 312 4098 1060 13114 1795 1381 19244 1083 2970 1237 19318 3112 57 1588 8529 1524 1694 12520 5341 721 4198 76 1821 1165 3552 1512 19750 12800 11762 4020 11170 3128 13324 10887 15011 21268 1412 30563 2012 402 64 46751 10114 20 19623 3995 1144 1001 9204 3207 7090 2250 379 2652 600 87 5955 293 1951 595 430 11800 822 32483 11803 394 430 2579 790 16600 2434 27 47 74724 6998 1072 1287 140 84126 10609 11013 11537 2009 2516 297 1222 230 613 1386 947 988 959 417 234
leaf_count=295036 8549 9979 2311 205 7123 6348 3778 1117 18060 1953 389 2894 6034 4071 1546 5014 2508 13468 4339 35370 1708 1369 1161 1783 7981 564 4553 9790 1904 9819 8734 17120 312 4098 1060 13114 1795 1381 19244 1083 2970 1237 19318 3112 57 1588 8529 1524 1694 12520 5341 721 4198 76 1821 1165 3552 1512 19750 12800 11762 4020 11170 3128 13324 10887 15011 21268 1412 30563 2012 402 64 46751 10114 20 19623 3995 1144 1001 9204 3207 7090 2250 379 2652 600 87 5955 293 1951 595 430 11800 822 32483 11803 394 430 2579 790 16600 2434 27 47 74724 6998 1072 1287 140 84126 10609 11013 11537 2009 2516 297 1222 230 613 1386 947 988 959 417 234
internal_value=-2.04314e-05 -0.0110266 0.026491 0.000354796 -0.0169551 0.0194687 0.0176705 0.0334141 -0.00689281 0.0198641 0.00525856 0.0202374 0.039863 0.00794149 0.0167376 0.011131 0.000428324 0.0127174 0.0286851 0.0293421 -0.00925738 0.0246575 0.0217153 0.0417897 -0.00417005 -0.00187892 0.0367892 0.0416202 0.040073 0.00707146 0.00145864 -0.00534628 0.0189453 0.0288035 0.00835293 0.0178222 -0.00736022 0.0372451 -0.0182 0.0204452 -0.0131329 0.00997463 -0.00235237 0.0154746 -0.0049486 0.00682824 0.0079256 0.00462407 -0.00959331 0.0032295 0.000597363 -0.00719579 0.00914019 0.0582224 0.0107936 0.00262094 0.0333362 0.013348 0.0231416 -0.0116027 -0.003268 0.000444395 0.0303113 0.0285112 0.00625692 0.00888126 0.00992478 0.0124407 0.00499888 0.0398624 0.0272822 -0.00193419 0.0366962 0.0277621 0.0129444 0.0179863 0.0145772 0.022707 0.000573724 0.0191281 0.0200951 -0.00366953 0.0149917 0.0345874 0.0405561 0.0461358 0.0667205 0.0310536 0.00532701 0.00352922 0.0286761 -0.0185751 0.00215759 -0.00900095 0.042236 -0.0130034 -0.0146368 0.0285185 0.0214899 0.00977632 0.0437702 0.0176558 0.04819 0.0453119 0.117007 -0.0186209 -0.0174202 -0.00767551 0.021605 0.0377548 -0.0180028 0.0393154 -0.0149966 0.0493596 0.0448239 0.0516897 0.0123982 0.00737054 0.0375547 0.0491658 0.0198998 0.00974564 -0.0031786 0.025995 0.00575352 0.00505128
internal_weight=1.17805e+06 832454 345593 285107 547347 171568 159009 174025 145812 140058 23752 9626 67355 139295 103407 97784 41511 68590 36651 106670 122060 34817 29714 5103 48568 41445 6099 63615 57581 64353 18951 59714 33431 8705 43834 23615 20360 44140 498779 24756 34371 3740 42594 24726 14126 4147 21151 21664 18565 21639 17861 9270 53546 281 5297 3476 6732 22195 24089 16871 40886 21568 101373 66003 20140 53265 48578 32155 16423 33956 3393 4687 6050 62875 12622 2559 21135 16124 4114 23673 22672 14969 20204 3411 4607 3564 912 489 19576 682 3320 464408 1025 19781 12559 62346 44286 10184 1043 6599 11737 21614 2498 10947 74 463383 168347 9497 2499 1427 158850 12562 30257 13441 10873 4525 6252 1659 900 670 2623 9681 10807 12129 1639 613
internal_count=1178047 832454 345593 285107 547347 171568 159009 174025 145812 140058 23752 9626 67355 139295 103407 97784 41511 68590 36651 106670 122060 34817 29714 5103 48568 41445 6099 63615 57581 64353 18951 59714 33431 8705 43834 23615 20360 44140 498779 24756 34371 3740 42594 24726 14126 4147 21151 21664 18565 21639 17861 9270 53546 281 5297 3476 6732 22195 24089 16871 40886 21568 101373 66003 20140 53265 48578 32155 16423 33956 3393 4687 6050 62875 12622 2559 21135 16124 4114 23673 22672 14969 20204 3411 4607 3564 912 489 19576 682 3320 464408 1025 19781 12559 62346 44286 10184 1043 6599 11737 21614 2498 10947 74 463383 168347 9497 2499 1427 158850 12562 30257 13441 10873 4525 6252 1659 900 670 2623 9681 10807 12129 1639 613
is_linear=0
shrinkage=0.03


Tree=18
num_leaves=127
num_cat=0
split_feature=28 28 28 33 28 34 33 36 13 27 28 33 31 28 27 33 3 14 26 27 37 9 3 27 28 3 27 37 9 3 28 0 33 37 36 31 18 28 3 3 36 25 27 18 27 24 3 0 28 4 3 27 15 36 3 28 36 27 3 27 4 33 27 0 28 14 3 36 33 9 18 33 18 37 29 33 33 34 27 30 6 27 3 4 18 14 17 30 0 17 9 10 28 3 27 0 34 33 33 17 28 3 13 3 0 3 3 3 3 9 34 13 37 17 31 28 37 37 6 34 3 37 14 3 37 3
split_gain=409430 40945.7 35983.6 15879.6 14702 7616.17 5574.01 4778.38 4437.26 4225.7 3499.5 2404.3 3234.54 2342.69 1840.2 1668.52 1543.33 1520.78 1486.45 1543.21 1464.57 1370.26 1306.05 1295.63 1274.82 1236.14 1161.1 1132.97 1017.58 1017.29 974.226 927.592 916.589 898.067 919.682 992.244 869.055 863.401 823.268 784.065 745.642 716.423 668.177 651.589 650.794 632.451 626.159 602.733 577.353 543.045 536.706 597.191 529.713 528.994 513.677 510.259 679.149 506.697 506.181 2863.78 742.278 741.588 505.657 503.977 500.303 807.583 1096.19 1027.16 650.7 608.78 520.395 488.645 484.898 479.326 584.638 523.952 476.801 584.396 472.995 468.693 458.505 458.357 529.753 458.111 451.468 442.864 442.476 440.766 440.228 433.938 423.031 414.242 408.252 405.45 1166.51 399.943 896.875 610.106 548.988 399.113 385.907 380.235 387.708 375.393 374.532 471.631 371.151 700.175 497.205 368.442 366.615 462.878 359.352 354.348 347.008 371.501 344.38 344.132 337.661 336.213 335.999 334.445 330.971 318.358 317.06 337.993
threshold=1.1219645237111375 3.3970942969526434 0.16624505300930573 0.040011435105774734 9.8717944032260636 1.4676774517475548 0.015090980603225208 0.063014685086042466 1.0000000180025095e-35 0.099375729063849991 0.51785501459197014 0.064279935275080927 1.1240604527534923 0.052310143307246676 0.036311245721003936 0.014562065081279062 42.500000000000007 0.96458971329362697 1.0000000180025095e-35 0.059085600481039259 0.8941782614145507 64.500000000000014 42.500000000000007 0.010013046234375276 5.5636679508846436 139.50000000000003 0.014973846545325393 1.9084419402385009 -1.0000000180025095e-35 137.50000000000003 16.4758353209752 179.50000000000003 0.077160011493847283 0.23821805405295035 0.0091432307296578936 1.5457092136233983 3.5000000000000004 0.1650621005818729 147.50000000000003 42.500000000000007 0.073765398447026079 -0.70710678118654757 0.096356162808523702 1.0000000180025095e-35 0.19779407501884169 0.91597561503675362 30.500000000000004 39.500000000000007 0.37716298715792879 180.00000000000003 40.500000000000007 0.097381106612567284 9.5000000000000018 0.022595411587304565 -1.0000000180025095e-35 0.070847127856879105 0.017348284266447907 0.051654107958206123 139.50000000000003 0.0040397150012150594 15.500000000000002 0.048040678060612831 0.049751265945630792 1.5000000000000002 1.7840888116925042 0.086992218176625988 138.50000000000003 0.066865092153863798 0.10855957873436536 9.5000000000000018 15.500000000000002 0.052765155592741718 1.5000000000000002 10.895242786555082 0.0006963784507029977 0.040011435105774734 0.014562065081279062 1.2368425604181641 0.0921235037110303 0.067274736675500726 3327.0000000000005 0.010013046234375276 140.50000000000003 61.500000000000007 1.0000000180025095e-35 0.019253938832252088 7.5000000000000009 0.067274736675500726 186.50000000000003 1.0000000180025095e-35 9.5000000000000018 3.2500000000000004 1.9081623173208262 42.500000000000007 0.0045211414026380421 107.50000000000001 0.63152790712306195 0.0069700888316244223 0.025781629466387009 1.0000000180025095e-35 5.1196840788862845 42.500000000000007 4.5000000000000009 42.500000000000007 109.50000000000001 138.50000000000003 127.50000000000001 126.50000000000001 139.50000000000003 33.500000000000007 0.57852776937170458 1.0000000180025095e-35 19.816609261392877 2.5000000000000004 0.1928811119553113 0.74600212803845423 3.4669077723474611 5.1228334417600037 1821.5000000000002 1.4725583569209766 42.500000000000007 1.4021587639612183 0.98695528702574487 28.500000000000004 0.098781481803810925 142.50000000000003
decision_type=2 2 2 2 2 2 2 2 2 2 2 2 2 2 2 2 2 2 2 2 2 2 2 2 2 2 2 2 2 2 2 2 2 2 2 2 2 2 2 2 2 2 2 2 2 2 2 2 2 2 2 2 2 2 2 2 2 2 2 2 2 2 2 2 2 2 2 2 2 2 2 2 2 2 2 2 2 2 2 2 2 2 2 2 2 2 2 2 2 2 2 2 2 2 2 2 2 2 2 2 2 2 2 2 2 2 2 2 2 2 2 2 2 2 2 2 2 2 2 2 2 2 2 2 2 2
left_child=2 6 7 15 5 8 42 55 9 22 18 12 27 -9 47 -4 21 28 81 39 54 79 95 29 -10 50 -13 43 31 -18 -22 62 -23 113 35 -35 73 49 71 -20 104 76 -2 124 57 -43 86 89 -30 83 51 -21 112 -48 -6 -1 -57 117 60 -60 -58 93 101 -14 70 66 67 90 -69 -67 78 -25 123 74 -32 80 77 -24 -28 -12 -75 82 -5 -15 109 -39 -36 -44 -33 -7 -66 116 110 -62 -95 96 -3 -97 -98 -52 -59 -17 -103 -85 -41 -106 107 -83 -108 -56 -65 -112 -29 -26 -73 -116 -49 -16 -11 -81 -46 122 -45 -50 -8 -126
right_child=1 4 3 10 20 14 11 13 24 118 16 26 63 37 44 17 23 -19 19 25 30 32 41 38 33 -27 64 52 48 -31 36 88 -34 34 46 -37 -38 85 -40 40 -42 45 87 121 120 -47 53 91 72 -51 99 -53 -54 -55 84 56 58 100 59 -61 61 -63 -64 92 65 69 -68 68 -70 -71 -72 114 -74 75 -76 -77 -78 -79 -80 119 -82 106 -84 103 -86 -87 -88 -89 -90 -91 -92 -93 -94 94 -96 97 98 -99 -100 -101 -102 102 -104 -105 105 -107 108 -109 -110 -111 111 -113 -114 -115 115 -117 -118 -119 -120 -121 -122 -123 -124 -125 125 -127
leaf_value=-0.018991558725699392 -0.010634581871665298 0.021436211652225919 -0.015112910760872889 -0.017639336016966226 0.074444899136301687 -0.026267338963442067 -0.028618492992174914 -0.017929006427961098 -0.0015169065215249172 0.023362063710395443 0.0022231099808962631 -0.0062333404851443877 0.02624948891879015 -0.014110516244342336 0.021648251106531159 -0.0096095302679781117 -0.021714035980999646 -0.013985634066886738 -0.0065690509514561056 -0.0066933412723099456 0.039554375190373928 -0.013722122763556386 0.052390111434985606 0.0053705455504866328 0.010558118138711797 0.024278140669069158 0.020589709361554118 0.013233571664739591 -0.014631403893162117 0.036324984854156223 0.048020591878722499 0.014150091972906037 0.015992983266073482 -0.0013311102285392974 0.022512160055654318 0.067582005370974196 0.036167273100504493 -0.00050249289415443116 -0.011765347124038698 0.0054691866544511235 0.010048294197998365 -0.0080515973795932602 -0.0042995193024062441 0.00083390915683504688 0.02403491254166755 0.039737478711214094 0.047063652233111444 0.052160165313145386 -0.0085683696505944613 -0.014328070213894985 -0.018065678124889604 0.037929386574154102 -0.016574410293160417 0.027583777709727444 0.027509271623730978 -0.018498615808931553 -0.018972875665349418 0.026606158995970141 0.044342796747982853 -0.015916306025385584 -0.016233375471879613 0.0021697068173889104 0.0065850427974649128 0.0075388935542781985 -0.01387285995693993 0.032537897483958536 0.028713274873497969 0.024879755233272547 -0.0034299190271066464 0.021633553956111225 0.0017788686072226702 0.0041830506007669984 -0.011953359977451096 0.074289929126871046 0.036758315170319709 0.049729290019194058 0.015309884519609684 0.21546209812164308 0.012208824639055956 -0.026890253502957893 0.17824680250883101 0.0052147510343480098 0.039302043147295351 -0.0056635070914854181 0.019852731544503587 0.039417005523510296 -0.024135134976883833 0.030840429569340837 -0.007095174250314998 0.07860287766067349 0.014990920092202415 0.038468440738613482 0.018021387987860595 0.050592598402324843 -0.011917985038537259 0.048449380858377973 0.092566290199756623 -0.016680497966694501 -0.020302835154028896 -0.0038056640648948294 0.03548439907272307 0.0033857636965629097 -0.0084284345509717182 0.0029273978456923148 -0.013355601170586123 0.0081941068723360953 -0.015366839266270103 0.021342786451155119 0.010812583917644447 0.046661313485164425 0.0032608365211746755 0.020350464292604769 -0.005692898083627683 0.031600932265688747 0.012053527640806132 0.018176049766395586 0.078695665236558784 -0.02899346876144409 0.042342081372287163 0.014635237256216509 0.029510132077880967 -0.017767756677308625 -0.010770226614308038 -0.00044433241942550634 0.0043230265914055918 0.020756732574805474
leaf_weight=232427 9275 945 49182 1288 221 129 227 12347 1514 2089 7936 1576 4359 2337 367 11578 1687 30383 9755 4301 35336 6076 340 6628 3158 851 21243 12694 11917 324 38318 4140 1104 228 4376 1073 7004 402 1252 3147 8955 1255 675 6816 12181 311 2175 782 7365 3446 11121 288 615 2965 2294 126679 39168 5225 847 4382 38830 2537 3379 8485 1868 8183 3777 2953 971 10547 1845 2887 10273 841 4652 1464 438 21 8480 181 40 14615 166 7041 3281 662 191 613 1114 49 605 610 23934 272 21967 132 40 6689 1276 2100 28120 5844 4369 13085 3575 1228 1521 2904 1144 1492 1847 6264 972 933 18560 17172 1007 180 1415 5754 58689 1582 3275 10574 6070 1383
leaf_count=232427 9275 945 49182 1288 221 129 227 12347 1514 2089 7936 1576 4359 2337 367 11578 1687 30383 9755 4301 35336 6076 340 6628 3158 851 21243 12694 11917 324 38318 4140 1104 228 4376 1073 7004 402 1252 3147 8955 1255 675 6816 12181 311 2175 782 7365 3446 11121 288 615 2965 2294 126679 39168 5225 847 4382 38830 2537 3379 8485 1868 8183 3777 2953 971 10547 1845 2887 10273 841 4652 1464 438 21 8480 181 40 14615 166 7041 3281 662 191 613 1114 49 605 610 23934 272 21967 132 40 6689 1276 2100 28120 5844 4369 13085 3575 1228 1521 2904 1144 1492 1847 6264 972 933 18560 17172 1007 180 1415 5754 58689 1582 3275 10574 6070 1383
internal_value=-1.98184e-05 0.0253645 -0.0123422 -0.0038482 0.0332299 0.0270109 0.0131945 -0.0171498 0.0140566 0.00219965 0.00355625 0.0147738 0.0112862 -0.0071058 0.0308203 -0.0105819 0.00826871 -0.00837419 -0.00133934 -0.00442786 0.0423284 0.00148531 -0.00662448 0.0112124 0.0247273 -0.0110446 0.0191875 0.00425207 -0.00595768 -0.0123631 0.0434028 -0.00181989 -0.00915311 0.0273588 0.0318191 0.055505 0.046002 -0.00215143 0.012232 0.000203638 0.00411181 0.0132333 -0.00782285 -0.000477767 0.0302042 0.00143908 0.0286446 0.0558652 -0.00909476 -0.00323913 -0.0127324 -0.00389287 0.0106617 0.0358267 0.0294064 -0.0179952 -0.0170085 0.0336234 -0.0152606 -0.00615546 -0.0157239 -0.0137232 -0.00421318 0.0165566 0.01985 0.0227017 0.0158978 0.00833117 0.0178745 0.0263976 0.017239 0.012896 -0.00675604 0.0475221 0.0468013 0.0607298 0.0363493 0.0618763 0.0181986 0.00699204 0.0790099 0.0051296 -0.0111385 -0.001538 0.027998 0.0243346 0.0205613 0.0124247 0.00964548 0.00260143 -0.00681156 0.0598172 0.0155142 -0.0143835 -0.0111534 -0.0117955 -0.000860923 -0.0154201 -0.0168722 -0.0158006 0.0340932 -0.00588759 -0.00166821 -7.80956e-05 -0.00257514 -0.00784591 0.00630151 0.00788818 -0.00412884 0.0350568 0.0118984 0.0164589 0.0118874 0.0153572 0.0141876 0.0149959 0.0670966 0.0049837 0.0310267 0.0133688 0.0285691 -0.00494279 -0.00293217 -0.00377972 0.00630872 0.00737251
internal_weight=1.17805e+06 384980 793067 286638 233846 138903 151134 506429 31564 14951 136520 140571 78523 39320 107339 150118 69561 100936 66959 45321 94943 21051 11447 48510 16613 18661 62048 33634 70553 2011 87655 30424 7180 15099 11008 1301 52319 26973 46499 26660 16905 2365 10563 19353 104762 1566 9707 2577 40129 25909 17810 4589 14281 5140 7288 467109 234682 33892 108003 5229 102774 63606 25170 44889 60472 28904 10174 6397 3924 18730 31568 45247 28212 45315 42970 2345 799 361 29723 13871 881 21638 1454 22463 7067 1064 4567 1288 5254 178 2473 2399 40530 61069 22239 9082 2261 6821 1316 13221 33345 21791 10213 20126 7950 4803 20184 17519 2665 3786 16596 8111 13666 4091 38619 35732 1789 547 3504 5935 70870 11673 10091 17939 7680 7453
internal_count=1178047 384980 793067 286638 233846 138903 151134 506429 31564 14951 136520 140571 78523 39320 107339 150118 69561 100936 66959 45321 94943 21051 11447 48510 16613 18661 62048 33634 70553 2011 87655 30424 7180 15099 11008 1301 52319 26973 46499 26660 16905 2365 10563 19353 104762 1566 9707 2577 40129 25909 17810 4589 14281 5140 7288 467109 234682 33892 108003 5229 102774 63606 25170 44889 60472 28904 10174 6397 3924 18730 31568 45247 28212 45315 42970 2345 799 361 29723 13871 881 21638 1454 22463 7067 1064 4567 1288 5254 178 2473 2399 40530 61069 22239 9082 2261 6821 1316 13221 33345 21791 10213 20126 7950 4803 20184 17519 2665 3786 16596 8111 13666 4091 38619 35732 1789 547 3504 5935 70870 11673 10091 17939 7680 7453
is_linear=0
shrinkage=0.03


Tree=19
num_leaves=127
num_cat=0
split_feature=28 28 28 33 28 33 13 33 36 28 3 33 28 33 28 27 9 18 37 37 13 9 27 18 16 37 36 28 3 27 18 28 27 3 3 3 3 3 28 36 3 7 27 33 37 30 32 9 7 28 4 28 37 28 36 16 3 27 9 33 30 28 16 3 7 9 33 18 37 29 33 27 27 36 37 6 4 14 30 1 27 1 3 27 25 3 3 30 3 3 18 13 3 7 27 3 3 1 27 33 37 27 25 28 25 3 36 37 11 16 11 12 11 27 18 37 24 36 33 37 27 7 12 37 33 7
split_gain=385233 38525.8 33856.9 14967.9 13833.1 6751.08 5319.96 5244.58 4495.98 3731.93 2466.08 2262.2 2959.33 2260.16 2204.24 1880.19 1747.13 1610.11 1378.02 1332.54 1147.73 1141.74 1092.47 1083.4 1067.25 1007.66 1088.39 916.649 823.851 820.896 817.694 812.374 793.963 787.43 754.491 1671.33 822.473 745.053 715.368 825.102 698.52 644.634 628.688 627.931 568.905 546.573 543.96 525.81 514.919 511.215 510.951 501.316 490.829 480.103 639.011 477.568 476.266 2694.53 698.618 660.81 473.678 470.736 803.751 1393.3 1289.97 691.408 500.235 489.64 450.998 550.086 492.986 445.041 437.652 433.87 502.193 431.407 431.037 416.69 414.717 401.937 467.802 431.652 381.756 1097.79 380.897 376.624 374.609 439.483 487.548 373.493 407.143 372.931 356.585 391.296 356.23 353.282 353.207 343.788 341.748 520.034 560.23 506.023 379.213 341.512 339.893 339.553 339.333 337.207 329.642 328.78 328.378 328.042 326.807 323.233 320.818 320.719 317.843 428.688 316.908 316.236 315.571 313.967 309.918 307.025 363.36 313.346
threshold=1.1219645237111375 3.3970942969526434 0.16624505300930573 0.052765155592741718 9.8717944032260636 0.028680761121108376 1.0000000180025095e-35 0.015090980603225208 0.063014685086042466 0.51785501459197014 42.500000000000007 0.064279935275080927 1.7504223575997926 0.01962086276832176 0.052310143307246676 0.019670872007458779 59.500000000000007 2.5000000000000004 0.8941782614145507 3.1155044680194903 1.0000000180025095e-35 42.500000000000007 0.014973846545325393 3.5000000000000004 1.0000000180025095e-35 0.23821805405295035 0.02544276580093929 16.4758353209752 153.50000000000003 0.061094211581693224 3.5000000000000004 0.1650621005818729 0.12955135696662776 27.500000000000004 127.50000000000001 138.50000000000003 27.500000000000004 28.500000000000004 8.8358794293418814 0.0083081244598098552 30.500000000000004 14.500000000000002 0.096356162808523702 0.025781629466387009 5.7409711695492645 0.028041739051188914 1.5093702000281364e-05 34.500000000000007 1.5000000000000002 0.4145237518622063 180.00000000000003 53.46613350612899 0.11669521097364229 0.070847127856879105 0.017348284266447907 2.5000000000000004 139.50000000000003 0.0040397150012150594 64.500000000000014 0.048040678060612831 0.013002526235327968 1.7840888116925042 1.0000000180025095e-35 138.50000000000003 13.500000000000002 9.5000000000000018 0.11144335091509766 15.500000000000002 10.895242786555082 0.0006963784507029977 0.040011435105774734 0.0921235037110303 0.029753306623641031 0.022624811445732938 0.19507791719669246 3327.0000000000005 61.500000000000007 0.019253938832252088 0.067274736675500726 102.50000000000001 0.047187047539250425 103.50000000000001 42.500000000000007 0.0045211414026380421 1.0000000180025095e-35 26.500000000000004 26.500000000000004 0.028041739051188914 80.500000000000014 42.500000000000007 1.5000000000000002 1.0000000180025095e-35 91.500000000000014 6.5000000000000009 0.062000803074628581 74.500000000000014 42.500000000000007 829.00000000000011 0.036311245721003936 0.041277773734636335 2.9667617155512134 0.059240166606931481 -0.12940952255126037 0.80139390966197055 -0.5 26.500000000000004 0.098272594895127532 0.96765713673143161 1.3819444444444446 18.500000000000004 1.7596153846153848 0.44287703939514528 9.7500000000000018 0.015756479513430011 4.5000000000000009 0.35472288189951701 -0.78656609248549292 0.086461460944238414 0.0069700888316244223 0.13644120383827238 0.090389262019821462 14.500000000000002 0.066083964910944398 11.425903358499502 0.040011435105774734 13.500000000000002
decision_type=2 2 2 2 2 2 2 2 2 2 2 2 2 2 2 2 2 2 2 2 2 2 2 2 2 2 2 2 2 2 2 2 2 2 2 2 2 2 2 2 2 2 2 2 2 2 2 2 2 2 2 2 2 2 2 2 2 2 2 2 2 2 2 2 2 2 2 2 2 2 2 2 2 2 2 2 2 2 2 2 2 2 2 2 2 2 2 2 2 2 2 2 2 2 2 2 2 2 2 2 2 2 2 2 2 2 2 2 2 2 2 2 2 2 2 2 2 2 2 2 2 2 2 2 2 2
left_child=2 7 8 13 5 6 10 42 53 16 19 12 24 47 -10 23 34 21 48 60 33 37 -13 -11 -9 114 38 123 44 109 68 50 98 84 36 72 121 49 43 -40 -41 -37 -2 -27 73 -34 89 79 97 -15 76 122 -31 -1 -55 95 58 -58 59 82 -3 67 63 64 66 -64 -63 71 69 -29 75 -24 -36 74 -12 -70 -16 -33 -44 -4 81 -81 -56 -84 -18 -26 -23 88 91 90 -17 -88 93 104 103 -39 -78 108 99 102 -101 112 -7 -91 -22 119 -89 -103 -6 -14 -74 -102 -100 -94 -8 -51 117 -38 -30 -62 -32 -5 -50 125 -125 -20
right_child=1 4 3 9 18 32 25 11 14 15 28 22 29 17 31 46 20 -19 27 -21 92 86 61 -25 85 26 -28 30 118 52 120 77 45 -35 35 41 116 55 39 40 -42 -43 78 -45 -46 -47 -48 -49 51 115 -52 -53 -54 54 56 -57 57 -59 -60 -61 105 62 65 -65 -66 -67 -68 -69 70 -71 -72 -73 110 -75 -76 -77 96 -79 -80 80 -82 -83 83 -85 -86 -87 87 106 -90 94 -92 -93 113 -95 -96 -97 -98 -99 101 100 111 107 -104 -105 -106 -107 -108 -109 -110 -111 -112 -113 -114 -115 -116 -117 -118 -119 -120 -121 -122 -123 -124 124 -126 -127
leaf_value=-0.01842181146558659 -0.010315544358981306 0.029025541467703399 -0.014191951700865584 -0.0024586597105852519 0.028760682813519695 0.048049570610497722 0.015570021996809237 0.011732912178843794 -0.017391136317673986 -0.011334966560267359 0.006078503386782748 -0.00604634081538256 0.0058246197729481235 -0.0089299263032793924 -0.01368720064884631 0.011189664351950202 -0.012515786788460872 -0.012456333688303463 0.039694218337077092 0.055518093577145662 -0.010254182277395009 -0.015026229839725439 0.019972018165545037 0.025427954589759143 -0.011664919727206848 -0.00064625489663647109 0.011132652010828345 0.046579973990948632 0.068506034463644019 0.0063296490873563128 -0.045007154101675204 -0.00048741783724347163 0.031011952494353651 -0.015763191954088811 0.016285629886019434 0.0030998234283488315 -0.011333692946850949 0.0076433956613925951 0.064946478117640052 0.025582346473363767 0.048634498145798559 0.03146396346866738 -0.0041705335938268242 0.034360517489788495 0.09498105477360845 0.02639054032807794 0.017945675993097224 -0.017461174579552447 0.052661971786372837 -0.0069104356538241818 -0.013898228433732326 -0.022850113468798432 0.017067543995782843 -0.017943657440736092 -0.015752553417947689 -0.0032513480977395463 0.043012513153105447 -0.015438817102055687 -0.018415960247842211 0.0012676860256742371 -0.020573561833594656 0.021830409378282237 0.031077971083085052 0.029824090219563323 -0.017550152141533926 0.02016676322025697 -0.0065365835422741591 0.0017255027587260536 0.072061231730950998 0.035655564539013279 0.048237410713269632 0.011842559892921581 -0.019693083082588245 0.0055867696144698154 0.039081944320420642 0.17289940237998963 -0.0054936017037155432 0.038234496093847506 0.029915216824261629 0.011982858922548866 -0.00051615527273863118 -0.011927517641431322 0.049074821441489107 -0.011566181175236832 0.0049728744121764618 0.0002060094609931962 0.017035152663383912 -0.013867705905456393 -0.019261864694892262 0.011609612835997174 -0.0017555226458326513 -0.0016123818392812545 0.033810052818545461 -0.020613857684619572 0.0072055364582139514 -0.0046058916409702022 0.0028395759872596174 0.0091661999242266465 0.0016036139800656144 0.037489798860076598 0.069103834067680392 0.019778201551878823 0.016962203768336719 0.019962448426381115 0.0053041087891830697 -0.017735253246925285 0.0026528809033963055 0.036075892074866597 -0.039951642315136267 -0.023913728877818785 0.040918249429726015 0.12408114616988135 0.10483392144071645 -0.013687439448063205 -0.015024084109227096 0.0041978463083275942 0.011681332853224065 0.011086205426383659 -0.018957918682059302 -0.00092285580688812683 0.035588566939065487 0.031999981483026421 0.031130535854570037 0.013588093997779233 0.042915648230552952 0.027396535456541627
leaf_weight=232427 9275 255 28625 8299 3458 748 3645 7559 12347 5004 560 1576 5117 13497 2337 4463 1753 28193 31776 277 1589 7563 21243 843 2895 782 1997 38318 40 4195 44 402 39867 11355 351 2394 1381 12686 1072 2661 2130 1032 675 1124 103 54545 10683 20610 1257 3746 3446 111 44177 126679 38849 8583 847 4382 38987 2678 985 2374 9466 2991 1670 11671 732 1845 841 4652 1464 8480 4247 884 1602 40 7041 662 613 706 4774 18118 272 21988 3108 14222 1324 6969 1031 15024 4287 3562 534 747 10055 2544 13085 1244 572 510 490 1250 669 6233 6174 4874 1333 13296 64 358 82 122 29 170 337 6229 14764 1728 549 2928 6960 245 1154 941 638 1981
leaf_count=232427 9275 255 28625 8299 3458 748 3645 7559 12347 5004 560 1576 5117 13497 2337 4463 1753 28193 31776 277 1589 7563 21243 843 2895 782 1997 38318 40 4195 44 402 39867 11355 351 2394 1381 12686 1072 2661 2130 1032 675 1124 103 54545 10683 20610 1257 3746 3446 111 44177 126679 38849 8583 847 4382 38987 2678 985 2374 9466 2991 1670 11671 732 1845 841 4652 1464 8480 4247 884 1602 40 7041 662 613 706 4774 18118 272 21988 3108 14222 1324 6969 1031 15024 4287 3562 534 747 10055 2544 13085 1244 572 510 490 1250 669 6233 6174 4874 1333 13296 64 358 82 122 29 170 337 6229 14764 1728 549 2928 6960 245 1154 941 638 1981
internal_value=-1.92238e-05 0.0246036 -0.0119719 -0.00373276 0.032233 0.0262006 0.0126754 0.0127987 -0.0166353 0.00454915 -0.00103863 0.0143306 0.0109476 -0.00940739 -0.00689262 0.0100746 -0.000666555 -0.00641482 0.0410586 -0.00929592 -0.00663361 -0.00394868 0.0186119 -0.00603462 0.00234434 0.0257002 0.0308864 0.0421007 0.0195472 0.0148901 0.044622 -0.00208689 0.0294348 -0.0114378 0.00372884 -0.00427747 0.00618556 -0.00133076 0.035964 0.0411545 0.035831 0.0116438 -0.00758816 0.0199978 0.0256383 0.028342 0.0119308 -0.0134036 0.0285242 -0.00512378 -0.00314195 0.0394863 0.0161363 -0.0174554 -0.0164982 0.00240795 -0.0148028 -0.0059708 -0.0152522 -0.0133185 -0.0112815 0.0192545 0.0220207 0.013768 0.0037127 0.0250532 0.0151451 0.0167218 0.0460964 0.0453973 0.0589079 0.0176527 -0.0159327 0.0232935 0.0305334 0.0766396 -0.00149186 0.0236046 0.012052 -0.0118023 -0.00890359 -0.0110308 -0.0139577 -0.0108252 -0.00133398 -0.00180172 -0.00963175 -0.00676247 -0.000515083 0.0103268 0.00484726 0.0034407 0.00182145 0.000123986 0.0118581 0.00559729 -7.57526e-05 0.0227235 0.0352682 0.0454539 0.0607117 0.0335608 0.0333725 0.0140588 0.0021195 -0.0124512 -0.0112151 0.0346754 0.0275121 0.00388008 -0.018545 0.0800634 0.00658478 0.0223405 0.0129808 2.62549e-05 0.00984548 0.00112741 -0.0130181 -0.00586943 0.0350823 -0.00147055 0.0423562 0.0383677 0.025438 0.0389725
internal_weight=1.17805e+06 384980 793067 286638 233846 138903 26805 151134 506429 116545 13057 140571 78523 170093 39320 56592 59953 97260 94943 9319 25430 69067 62048 5847 24676 13748 9766 87655 3738 53847 52319 26973 112098 16216 34523 8106 26417 47285 7769 5863 4791 3426 10563 1906 3149 94412 50745 72833 7288 23472 25909 2522 48372 467109 234682 23813 108003 5229 102774 63787 9042 60472 28904 7767 4776 21137 3106 31568 45315 42970 2345 29723 4680 3046 2162 881 22463 1064 1288 52223 23598 18824 61109 22260 4861 17117 21782 14219 5917 40062 8750 4886 9214 8510 31312 15230 20126 4766 17686 2539 1122 15147 1417 21257 7763 8787 8302 14546 3522 5475 4329 612 601 704 3982 9975 17873 3109 589 3913 7004 8544 2411 35336 1579 33757
internal_count=1178047 384980 793067 286638 233846 138903 26805 151134 506429 116545 13057 140571 78523 170093 39320 56592 59953 97260 94943 9319 25430 69067 62048 5847 24676 13748 9766 87655 3738 53847 52319 26973 112098 16216 34523 8106 26417 47285 7769 5863 4791 3426 10563 1906 3149 94412 50745 72833 7288 23472 25909 2522 48372 467109 234682 23813 108003 5229 102774 63787 9042 60472 28904 7767 4776 21137 3106 31568 45315 42970 2345 29723 4680 3046 2162 881 22463 1064 1288 52223 23598 18824 61109 22260 4861 17117 21782 14219 5917 40062 8750 4886 9214 8510 31312 15230 20126 4766 17686 2539 1122 15147 1417 21257 7763 8787 8302 14546 3522 5475 4329 612 601 704 3982 9975 17873 3109 589 3913 7004 8544 2411 35336 1579 33757
is_linear=0
shrinkage=0.03


Tree=20
num_leaves=127
num_cat=0
split_feature=28 28 28 33 36 34 28 28 28 3 28 28 33 17 3 3 28 33 34 34 37 5 3 3 5 7 34 3 33 5 25 28 36 3 4 17 4 8 36 36 34 5 16 34 16 33 7 28 14 4 5 36 37 4 5 14 18 28 34 25 1 16 3 5 37 17 16 33 28 36 5 5 5 3 1 8 5 3 31 33 17 24 28 29 28 33 16 1 25 34 34 5 8 24 34 3 28 8 5 5 16 34 1 16 33 30 0 1 28 5 33 17 7 25 36 33 24 3 18 28 4 16 28 37 35 0
split_gain=362284 44559.6 26797 12036.9 10884.9 10174 5177.11 4098.18 2778.92 2170.95 2129.36 2035.33 1725.71 1806.16 1701.15 1540.77 1411.86 1363.37 1334.6 1247.32 1182.65 1063.37 1388.48 1546.35 1051.21 932.679 930.498 913.013 905.436 870.729 838.951 800.695 793.153 786.771 902.282 698.623 693.119 733.802 680.318 660.287 775.031 656.677 651.297 627.141 594.158 582.699 584.536 571.071 539.563 535.176 531.181 530.465 520.778 514.228 521.824 510.561 504.965 495.008 486.075 535.428 485.545 579.805 484.854 476.812 471.32 463.96 461.507 464.497 452.913 602.334 721.684 1004.1 593.518 591.914 1666.61 660.133 445.436 609.554 439.722 429.16 460.714 423.807 417.117 416.402 700.665 408.91 398.506 388.051 391.467 405.769 441.604 384.725 383.05 380.121 379.973 372.806 372.008 376.63 369.09 369.019 367.585 1224.76 461.411 372.205 365.124 353.333 346.583 346.178 345.282 365.144 415.497 338.368 331.215 396.012 320.828 319.82 318.326 317.828 315.462 312.758 312.234 301.958 373.309 300.641 365.569 310.465
threshold=1.395567352106527 0.40621709224718944 9.8717944032260636 0.040011435105774734 0.063014685086042466 1.4676774517475548 4.0087131622564351 0.16624505300930573 0.052310143307246676 30.500000000000004 7.903805866577069 0.91667256235770611 0.017930282663640006 1.0000000180025095e-35 156.50000000000003 42.500000000000007 8.2466795937622326 0.082682851751971057 0.57852776937170458 0.57105190082441804 0.8941782614145507 3199.5000000000005 140.50000000000003 127.50000000000001 1663.5000000000002 3.5000000000000004 0.5849006463807539 120.50000000000001 0.017471603833322344 3373.5000000000005 1.0000000180025095e-35 17.645100458664441 0.12942044372277478 75.500000000000014 78.000000000000014 6.5000000000000009 192.50000000000003 36.500000000000007 0.053518821603927992 0.022595411587304565 0.10102616414449164 4104.5000000000009 7.5000000000000009 3.9597026766033712 11.500000000000002 0.018382462470692553 5.5000000000000009 1.6932582413058437 0.97164209548437264 196.50000000000003 3383.5000000000005 0.017045545088725664 0.11168089970119073 230.50000000000003 1622.5000000000002 0.97436505908266724 1.5000000000000002 1.0749542004379322 40.449121484004422 0.25881904510252057 736.50000000000011 1.5000000000000002 1.0000000180025095e-35 3449.5000000000005 0.23821805405295035 2.5000000000000004 1.0000000180025095e-35 0.030108967304056978 0.052310143307246676 0.017348284266447907 3358.5000000000005 3992.0000000000005 3924.5000000000005 138.50000000000003 17.000000000000004 44.500000000000007 3387.5000000000005 138.50000000000003 11.595508557639237 0.032707366722294566 1.5000000000000002 -0.5 2.5557908564165062 0.0006963784507029977 84.027302325581402 0.0065097274203476706 2.5000000000000004 35.500000000000007 0.1294095225512602 0.10454762467725338 0.50172218043487149 3982.5000000000005 51.500000000000007 -0.60355339059327362 0.1362768408773313 152.50000000000003 25.431642488269933 53.500000000000007 3982.5000000000005 3935.5000000000005 1.0000000180025095e-35 0.6173946383002441 2.5000000000000004 12.500000000000002 0.0082937579318871097 0.016699666722132522 183.50000000000003 804.50000000000011 6.4577312259483692 3376.5000000000005 0.11144335091509766 6.5000000000000009 -1.0000000180025095e-35 0.60355339059327384 0.054188358942970818 0.087095390727280952 -1.0000000180025095e-35 27.500000000000004 6.5000000000000009 0.13970105364521065 219.00000000000003 1.0000000180025095e-35 0.341055491100828 11.425903358499502 5.6244064605254894e-05 63.500000000000007
decision_type=2 2 2 2 2 2 2 2 2 2 2 2 2 2 2 2 2 2 2 2 2 2 2 2 2 2 2 2 2 2 2 2 2 2 2 2 2 2 2 2 2 2 2 2 2 2 2 2 2 2 2 2 2 2 2 2 2 2 2 2 2 2 2 2 2 2 2 2 2 2 2 2 2 2 2 2 2 2 2 2 2 2 2 2 2 2 2 2 2 2 2 2 2 2 2 2 2 2 2 2 2 2 2 2 2 2 2 2 2 2 2 2 2 2 2 2 2 2 2 2 2 2 2 2 2 2
left_child=1 4 5 18 7 9 24 68 -6 12 19 21 13 87 39 66 92 30 32 45 62 22 23 27 -7 51 -20 33 -17 48 65 123 56 34 -5 52 37 50 -24 40 -12 99 58 111 57 46 -11 -14 53 93 55 -8 -18 54 -30 115 94 -28 83 -60 100 -62 -4 -19 -21 -10 67 -9 -1 -70 73 72 -72 119 -75 -76 77 78 -26 80 -41 -42 -79 84 -33 -16 96 88 89 -2 -91 -78 -15 -32 -3 121 -64 -98 -65 -23 101 -49 -103 -102 -88 -59 -83 -58 -53 110 -110 -25 -38 -114 -40 -13 -29 -27 -47 -71 -69 122 -31 125 -125 -22
right_child=2 3 20 11 8 6 25 15 17 10 14 36 47 16 85 28 35 63 26 64 31 41 38 43 76 117 44 116 29 95 49 42 -34 -35 -36 -37 112 -39 114 79 81 -43 -44 -45 -46 118 -48 60 -50 -51 -52 108 -54 -55 -56 -57 107 105 59 -61 61 -63 86 98 -66 -67 -68 120 69 70 71 -73 -74 74 75 -77 91 82 -80 -81 -82 106 -84 -85 -86 -87 104 -89 -90 90 -92 -93 -94 -95 -96 -97 97 -99 -100 -101 103 102 -104 -105 -106 -107 -108 -109 109 -111 -112 -113 113 -115 -116 -117 -118 -119 -120 -121 -122 -123 -124 124 -126 -127
leaf_value=-0.017886468159652256 -0.020406411830584208 -0.015592389064664832 0.070518764526798172 0.01327904734877846 -0.016911550541662334 0.011816290691702914 0.061422505330456331 -0.013548401475171954 -0.010134243771872711 0.0075895372617592327 0.0048800817989323236 0.01390551568933973 -0.0070193566246604874 -0.018310063131385754 0.078014750221501228 -0.012445296957655871 0.0022094580002895328 0.0025631909739897811 0.015514073705577102 -0.0011342819445875241 0.041428732032874539 0.0090582301139669735 -0.024651438436322958 -0.015654047874598398 0.015389377754448302 0.021980464939771734 -0.0064249775099562432 -0.019112495487928389 0.00084261060464370797 0.0214930059031576 -0.005518698644717936 0.045021356445999222 0.019750434263658651 -0.011825844410652772 -0.00078306739741743829 -0.029271314222304546 0.015298434206647577 0.0071532752387936825 0.018400668517105721 -0.0077967903978730501 0.030075738410852107 -0.0055819870877063431 0.035376307674568779 0.025369889906310443 -0.016119370929023474 0.014087700550975519 -0.011812253401784279 0.015923281346185793 -0.014960052586437934 -0.016471794893260342 0.022606291866125935 0.028682150695256713 0.037419087668126058 0.064637030937622506 -0.0091441960730559418 0.0035564962488935214 -0.015229351743738359 -0.0062163757593744354 0.20886900565203495 0.051869475945182465 0.039311345033347607 0.0062431310332498628 0.024154770294107772 0.017890723851920646 0.022826414973167328 0.0018563798830011514 -0.015729433088179558 -0.0068400669888740466 -0.017413698477876296 -0.016636158905062769 -0.0055724312663011652 -0.01579704128973923 0.013626478821704431 -0.016101750691961566 -0.0059372525539960752 0.039019967201606783 0.028312455892019511 0.017577933129984537 -0.0072118282861800154 0.036638695844179413 0.030889139859287585 0.056774856487414996 0.027727139179754893 0.037000847077710515 0.069300602790292182 -0.014000782356969303 0.003534839577466612 0.011963719456219204 -0.017357424461909996 0.015805918383387334 -0.0066609421607687902 0.014293127725438044 0.012071110778899807 0.0025534598512426039 -0.0060908146436078484 -0.020845488733695652 0.045896070564822304 -0.015740526217095395 -0.0012742359229991078 0.01716092548562544 0.01531342637741071 -0.01491242219697635 0.029495820392822399 -0.001519937235417621 0.025620429081578272 0.0061228837875618352 0.03031713528090349 -0.0036854572728728854 0.031343148012273413 0.039481159410354467 0.075067745203321629 0.025469064826900891 -0.013745137798686852 0.011345443422337436 0.0072037394667519555 0.023224058511829605 0.019907845650131914 0.027868467244024354 -0.0065731931016906643 -0.011716637041100058 0.0094507762399566077 0.0016318393735515013 -0.00078622353008478624 0.012863001119542267 0.042272368593358839 0.035773355056436223
leaf_weight=229753 1125 4522 234 5771 12415 17375 575 11783 18475 5324 438 13002 1368 1059 46 15727 457 10154 2623 788 14289 14507 428 6768 12485 9680 9804 200 8620 1895 7025 34483 804 3677 14239 183 1016 8865 5861 608 1026 2122 8022 373 2868 12990 1895 3995 5454 1776 10059 14316 2189 97 10378 3389 18556 2831 34 46 1274 763 2025 4117 11847 3446 37056 5523 127902 75976 5065 7551 2030 3372 445 866 9290 6999 826 1036 509 2618 7604 5640 1104 789 986 765 3926 1130 2597 2174 577 20783 23335 501 1756 94 1159 7767 15324 2280 232 1281 2127 7964 537 2675 16105 8715 198 185 1628 868 3794 4449 3179 55885 701 13733 1310 5490 1053 951 634 22482
leaf_count=229753 1125 4522 234 5771 12415 17375 575 11783 18475 5324 438 13002 1368 1059 46 15727 457 10154 2623 788 14289 14507 428 6768 12485 9680 9804 200 8620 1895 7025 34483 804 3677 14239 183 1016 8865 5861 608 1026 2122 8022 373 2868 12990 1895 3995 5454 1776 10059 14316 2189 97 10378 3389 18556 2831 34 46 1274 763 2025 4117 11847 3446 37056 5523 127902 75976 5065 7551 2030 3372 445 866 9290 6999 826 1036 509 2618 7604 5640 1104 789 986 765 3926 1130 2597 2174 577 20783 23335 501 1756 94 1159 7767 15324 2280 232 1281 2127 7964 537 2675 16105 8715 198 185 1628 868 3794 4449 3179 55885 701 13733 1310 5490 1053 951 634 22482
internal_value=1.56288e-06 -0.010571 0.0261843 0.00228883 -0.0142877 0.0209214 0.0252689 -0.0157331 -0.00387572 0.0122863 0.0171398 0.00853497 0.00735758 -0.00116004 0.0314702 -0.0103747 0.0145886 -0.00145785 -0.00693028 0.0138901 0.0397095 0.00533128 0.00257041 -0.000299711 0.0179629 0.0292001 -0.00143209 0.00300984 -0.00650753 -0.00371897 -0.00380133 0.0406706 -0.00980544 0.000928765 0.00327253 0.0274173 0.0136334 0.0147618 0.0123601 0.0364518 0.0428474 0.0103645 0.0431985 -0.0125269 -0.00332623 0.0093933 0.00249653 0.0118571 -0.00663805 -0.000505483 0.0169447 0.032816 0.0313379 -0.00426108 -0.00461286 0.0142119 -0.0102895 -0.00154505 0.0447176 0.118594 0.0128839 0.026925 0.0280405 0.00636461 0.0213321 -0.00824931 -0.0137934 -0.00993973 -0.0169374 -0.0160171 -0.0143789 -0.00818285 -7.9297e-05 -0.0153403 -0.00494253 0.0237599 0.020675 0.0186302 0.0139869 0.022731 0.0098318 0.0468248 0.0228628 0.0445743 0.0457746 -0.00893166 0.0266181 -0.00852855 -0.0103144 -0.00461562 0.000150851 0.0256539 -0.00759494 0.00051423 -0.0076332 0.00429764 0.0330393 0.0427643 0.0136807 0.0118837 0.0116464 0.00560262 -0.010811 0.0140148 0.0186251 0.0028869 0.0522716 -0.0137749 0.0323978 0.0345241 0.0318742 -0.0145599 0.000858192 -0.00501973 0.0140008 0.0162812 0.0175983 0.0269992 0.0130298 -0.0158831 -0.00371684 0.00579049 0.0135351 0.0374196 0.0246267 0.037971
internal_weight=1.17787e+06 839059 338811 188129 650930 243904 162227 571580 79350 81677 41152 112147 40525 14008 7607 104887 4465 66935 75982 33545 94907 68871 44475 34392 56753 105474 26090 27066 49215 33488 51505 87685 49892 23687 20010 2829 43276 39764 10083 6772 4619 24396 49329 7326 23467 20910 7219 26517 24549 29584 30899 39909 2646 19095 18998 20840 49088 20599 41307 80 25149 2037 7222 15430 12635 21921 55672 18616 466693 236940 109038 14646 7095 94392 4683 1311 39378 27914 13311 2153 1117 4181 14603 41227 35587 835 6988 9543 8778 4852 3727 11464 1636 27808 27857 8939 3875 1850 5276 22274 23112 6507 2512 16605 3113 10795 3155 21231 39334 25018 16303 6953 3512 2496 9655 17451 3379 65565 13691 89709 6833 8438 2948 38356 1585 36771
internal_count=1177870 839059 338811 188129 650930 243904 162227 571580 79350 81677 41152 112147 40525 14008 7607 104887 4465 66935 75982 33545 94907 68871 44475 34392 56753 105474 26090 27066 49215 33488 51505 87685 49892 23687 20010 2829 43276 39764 10083 6772 4619 24396 49329 7326 23467 20910 7219 26517 24549 29584 30899 39909 2646 19095 18998 20840 49088 20599 41307 80 25149 2037 7222 15430 12635 21921 55672 18616 466693 236940 109038 14646 7095 94392 4683 1311 39378 27914 13311 2153 1117 4181 14603 41227 35587 835 6988 9543 8778 4852 3727 11464 1636 27808 27857 8939 3875 1850 5276 22274 23112 6507 2512 16605 3113 10795 3155 21231 39334 25018 16303 6953 3512 2496 9655 17451 3379 65565 13691 89709 6833 8438 2948 38356 1585 36771
is_linear=0
shrinkage=0.03


Tree=21
num_leaves=127
num_cat=0
split_feature=28 28 28 33 28 28 33 13 33 37 3 33 28 9 27 3 37 5 13 18 28 37 5 3 3 33 8 3 28 16 3 27 37 7 3 3 33 28 3 3 3 5 3 5 3 28 8 33 5 14 27 3 5 16 33 37 18 33 27 33 27 25 8 9 16 33 27 5 27 9 7 30 33 37 33 37 0 3 37 29 3 5 33 6 5 7 33 28 9 18 37 33 0 18 3 9 28 37 5 33 27 37 28 33 12 11 28 25 27 25 5 5 37 16 6 7 28 16 0 5 37 3 14 28 5 0
split_gain=340873 41926.1 25213.3 11325.5 8105.26 7498.02 5138.65 4631.1 4267.31 2581.51 2552.69 2131.85 1915.05 1834.11 1500.22 1413.29 1112.76 1111.27 1104.41 1082.23 1063.61 1043.42 1000.52 1306.42 1454.96 991.811 2291.45 1359.89 1511.4 928.781 1329.04 892.769 885.047 881.004 859.054 842.427 784.886 755.493 740.273 731.21 704.873 692.832 674.135 688.07 644.07 633.104 633.008 619.037 617.867 584.113 579.186 572.952 566.365 557.692 526.868 519.561 518.296 607.171 519.617 515.037 506.587 474.799 486.712 466.926 525.298 459.257 451.041 448.803 444.818 439.799 429.508 428.346 608.061 427.141 423.551 417.044 448.063 409.3 405.822 550.747 401.99 398.296 396.575 416.116 385.07 377.538 372.268 371.21 368.092 367.822 367.762 457.2 366.693 363.529 358.443 357.426 350.493 348.361 347.21 345.196 585.954 552.21 535.01 366.65 344.957 344.272 342.773 340.815 332.703 329.673 329.304 330.599 329.185 329.097 320.384 368.431 316.94 768.509 401.223 309.183 307.297 299.184 298.698 298.523 297.505 296.461
threshold=1.395567352106527 0.40621709224718944 9.8717944032260636 0.040011435105774734 0.15500539408243763 2.6136564282984813 0.028680761121108376 1.0000000180025095e-35 0.052765155592741718 0.34890983914268764 42.500000000000007 0.07228366443559954 0.91667256235770611 59.500000000000007 0.096356162808523702 41.500000000000007 0.8941782614145507 1664.5000000000002 1.0000000180025095e-35 1.5000000000000002 0.034002047479848668 3.1155044680194903 3199.5000000000005 140.50000000000003 127.50000000000001 0.047391380513516074 16.500000000000004 139.50000000000003 0.074467759433025305 1.5000000000000002 74.500000000000014 0.0074937699731432855 0.23821805405295035 3.5000000000000004 120.50000000000001 12.500000000000002 0.01962086276832176 22.445611888829731 75.500000000000014 146.50000000000003 27.500000000000004 3211.5000000000005 32.500000000000007 3449.5000000000005 13.500000000000002 0.16103285251108321 36.500000000000007 0.017471603833322344 4104.5000000000009 0.99639375002362851 0.031448058896583746 12.500000000000002 3309.5000000000005 7.5000000000000009 0.052765155592741718 5.7409711695492645 1.5000000000000002 0.064279935275080927 0.029168569635792441 0.11039139417208081 0.036311245721003936 0.78656609248549303 39.500000000000007 33.500000000000007 7.5000000000000009 0.0082937579318871097 0.23157279784537391 3382.5000000000005 0.010956341777691338 58.500000000000007 13.500000000000002 0.067274736675500726 0.0082937579318871097 0.35472288189951701 0.11144335091509766 0.43101971194163374 5.5000000000000009 91.500000000000014 10.895242786555082 0.0006963784507029977 2.0000000000000004 3387.5000000000005 0.040011435105774734 3327.0000000000005 3316.5000000000005 6.5000000000000009 0.0069700888316244223 5.423409150348343 31.500000000000004 1.0000000180025095e-35 0.11168089970119073 0.0082937579318871097 138.50000000000003 2.5000000000000004 42.500000000000007 -1.0000000180025095e-35 0.69792135266906252 0.67678099669348279 3935.5000000000005 0.039850090462651859 0.033161635488878433 2.9667617155512134 9.0737364846598432 0.074326667264520377 0.44287703939514528 0.90161290322580656 8.4764651539111426 -0.5 0.1676706827309237 -0.5 3303.5000000000005 4104.5000000000009 0.3441713326327826 16.500000000000004 3332.5000000000005 -1.0000000180025095e-35 0.11215773106761434 1.0000000180025095e-35 157.50000000000003 3469.5000000000005 2.8366137474098863 27.500000000000004 0.97436505908266724 53.46613350612899 4629.5000000000009 31.500000000000004
decision_type=2 2 2 2 2 2 2 2 2 2 2 2 2 2 2 2 2 2 2 2 2 2 2 2 2 2 2 2 2 2 2 2 2 2 2 2 2 2 2 2 2 2 2 2 2 2 2 2 2 2 2 2 2 2 2 2 2 2 2 2 2 2 2 2 2 2 2 2 2 2 2 2 2 2 2 2 2 2 2 2 2 2 2 2 2 2 2 2 2 2 2 2 2 2 2 2 2 2 2 2 2 2 2 2 2 2 2 2 2 2 2 2 2 2 2 2 2 2 2 2 2 2 2 2 2 2
left_child=1 4 5 19 11 9 7 10 15 14 21 25 22 35 -2 114 63 50 40 36 -13 60 23 24 34 116 51 -28 -29 30 47 -31 92 66 38 81 -3 70 44 55 107 75 -19 74 -5 -37 52 -17 98 68 -11 -27 56 78 -25 90 58 -58 -14 96 86 62 120 65 112 -4 99 73 -47 84 108 -43 -73 -38 -44 -34 -77 85 79 -39 -66 -10 83 -80 -53 109 -7 -35 -49 -22 -12 -92 -9 -78 -74 -21 105 -60 -24 106 101 -101 -102 -104 -103 -26 -8 -15 -18 -20 -33 -112 -65 -52 -6 -116 -1 118 -118 -70 -48 -89 -99 -67 -114 -97
right_child=2 3 16 12 8 6 33 32 13 17 39 20 46 18 -16 29 37 42 77 95 89 -23 48 54 59 26 27 28 -30 31 -32 110 41 87 -36 45 67 53 -40 -41 -42 71 43 -45 -46 49 61 88 -50 -51 113 69 -54 -55 -56 -57 57 -59 97 -61 -62 -63 -64 64 80 123 -68 -69 119 -71 -72 72 94 -75 -76 76 93 -79 82 -81 -82 -83 -84 -85 -86 -87 -88 121 -90 -91 91 -93 -94 -95 -96 125 -98 122 -100 100 102 104 103 -105 -106 -107 -108 -109 -110 -111 111 -113 124 -115 115 -117 117 -119 -120 -121 -122 -123 -124 -125 -126 -127
leaf_value=-0.016948159031332496 -0.0094643827548509842 -0.0080513330344747832 0.0067098147143924876 -0.0051330908534776339 -0.014746315163429431 0.032965913829280102 0.017366990076323606 0.0036812530293110126 -0.014924570978604045 -0.0064797080276717597 -0.012021356319789501 -0.016802089016026499 -0.015782999486735696 -0.016987926589218945 0.010063339044207118 -0.0067618185938465632 0.041397789009379363 0.013458513117530978 -0.010560504517914328 -0.0070532279095744865 0.0081923896824544918 0.048169168871514789 0.0087864831992875807 -0.004948934462724883 -0.017065964113039435 -0.016078573474839219 -0.017241450981938133 -0.018538043096961589 0.036264354612623506 0.041478369416048128 -0.016736596763512624 -0.013676206863258067 0.034463903751791536 0.021685738814167993 0.017070317517973749 -0.010644170072052374 -0.0074781472085992725 0.044448801823714405 -0.011471069345471967 -0.011910767966303332 -0.01525542704551274 0.022400453752937536 0.018345108431937665 0.026515518428226047 0.0066614268275358218 0.02479098854659062 -0.00036499611247474916 0.0076763919304855648 -0.0054145271461070793 -0.0035716208559763095 0.012936178594109046 -0.0076148326247130055 0.020490173764716738 0.034583035075415908 0.014765691257618218 0.090543937612288058 -0.01132931239928313 0.01013215107900697 -0.030035885266370053 0.037406291306504733 0.024379116375584247 0.01712134592736304 0.0090236267775708166 0.024323984468058543 0.11140342909097671 0.029258265249748068 0.02649492285562368 0.0082263989520141387 0.0058779054255798675 0.012394185190341071 0.025607885618645677 0.080631471718536976 0.028797852777734331 0.0016490709955501923 -0.0055680999677514735 -0.021679368399627218 0.024628351620163698 0.024934256798138477 0.06737121040036656 0.033226536812178208 -0.03213051115473111 0.0042355097400055631 0.045575541472494388 0.16759245725778432 0.0020478252516460786 -0.019987215236111348 -0.012669615532630376 0.02146367488340253 -0.0068110333431070959 -0.0042084267125861588 0.052966689182735907 0.020230312632257278 0.021726778560772882 0.004815315420409058 0.051830538406373895 -0.0072747448413102442 0.0037589444992793129 0.019459342581393643 0.016646097497425971 0.036303689307486148 0.034370260522336965 0.064494100417626099 -0.035138845281818737 0.081025237749362822 0.12127043570368742 0.030684543344185508 0.031227947170713005 0.0025468284862788871 0.035621542943267998 0.0054346492918491357 -0.0015440586826197175 -0.014149142791826351 0.045340646269677397 0.0002771660054841095 -0.00033346460635658544 -0.015686539242625894 -0.0091189430525769315 -0.01635429782184826 0.0077611064104555197 0.014985146109560595 -0.021279598210694452 0.027335922975456801 0.0054454469389295344 -0.0201572175245536 0.10392146787992337 -0.015743627069971775
leaf_weight=373962 6054 19982 1345 5916 61250 164 2055 2128 2465 1633 272 3787 445 1018 8529 5925 13214 16762 1441 12911 4507 283 14507 1420 6074 3179 48785 894 918 288 4827 19841 2200 19996 3379 1579 7759 29745 3677 609 11260 1030 20514 12178 14094 1944 1966 9325 2122 2774 23645 9379 11718 7134 8663 101 1415 7344 139 184 363 2698 4036 752 20 3156 15744 4780 8485 1674 2941 374 1302 11387 689 233 4332 653 848 4536 144 1617 1256 39 6143 753 8446 9261 1900 4121 436 3217 1935 1032 1141 5052 929 11020 7767 668 16662 472 156 29 121 139 7344 3820 27972 5941 4831 3058 1609 2005 3102 2574 4547 21057 1757 5549 932 49789 1563 114 82 14111
leaf_count=373962 6054 19982 1345 5916 61250 164 2055 2128 2465 1633 272 3787 445 1018 8529 5925 13214 16762 1441 12911 4507 283 14507 1420 6074 3179 48785 894 918 288 4827 19841 2200 19996 3379 1579 7759 29745 3677 609 11260 1030 20514 12178 14094 1944 1966 9325 2122 2774 23645 9379 11718 7134 8663 101 1415 7344 139 184 363 2698 4036 752 20 3156 15744 4780 8485 1674 2941 374 1302 11387 689 233 4332 653 848 4536 144 1617 1256 39 6143 753 8446 9261 1900 4121 436 3217 1935 1032 1141 5052 929 11020 7767 668 16662 472 156 29 121 139 7344 3820 27972 5941 4831 3058 1609 2005 3102 2574 4547 21057 1757 5549 932 49789 1563 114 82 14111
internal_value=1.51587e-06 -0.0102539 0.0253988 0.00222016 -0.013859 0.0202937 0.0243876 0.0131712 -0.00814246 0.0135354 0.000552602 -0.0158194 0.00827892 -0.000739862 0.00195658 -0.0112637 0.0385183 0.0157162 -0.0064711 -0.00672237 -0.00354807 -0.00854793 0.00517134 0.00249329 -0.00029072 -0.016142 -0.0128729 -0.0162936 0.00922609 -0.00744757 -0.00283068 -0.011069 0.0243309 0.0271021 0.00291954 0.00510241 -0.00366231 0.0394505 0.000900902 0.0187262 -0.0111406 0.0285375 0.0183673 0.0208322 0.00317435 0.0075995 0.0132244 0.00108324 0.0100535 0.0091357 0.0108438 -0.00437819 0.0151658 0.0422533 0.0119893 0.0233605 0.0123203 0.00666509 0.0160822 -0.0121511 -0.0103367 0.00644337 0.00228861 0.0271993 0.0373485 0.0214661 0.0305444 3.22721e-06 0.0113419 -0.00221516 0.0366839 0.0389556 0.0450087 -0.00204977 0.017568 0.0233973 0.0190474 0.00208253 0.0437556 0.0429639 -0.0146264 -0.0073347 0.0564208 0.0717778 -0.00379073 0.00024821 -0.0118004 0.0252186 0.00522418 0.00226938 0.0216317 0.0241375 0.0122754 0.0208164 0.0395552 -0.0109115 -0.0134278 0.0171968 0.0115272 0.0328621 0.0352834 0.0550086 0.0338069 -0.0169293 0.0760792 -0.0159977 0.0281974 -0.00156363 0.0374748 0.00231232 -0.0116148 -0.00643015 0.0408376 0.0119467 -0.0141144 -0.00729591 -0.0167201 -0.0136033 -0.00441427 0.00947888 -0.00709116 0.026415 0.0177186 0.0275355 0.0481813 -0.0135109
internal_weight=1.17787e+06 839059 338811 188129 650930 243904 151895 29598 166220 92009 13891 484710 112147 49299 14583 116921 94907 77426 24886 75982 12415 9256 68871 44475 34392 472295 70972 50597 1812 49995 21977 28018 15707 122297 27066 24413 43908 87685 23687 4635 16098 11644 50143 33381 20010 20331 43276 17150 24396 18752 27283 20375 33644 43558 10083 4026 21926 8759 13167 7326 8973 9632 6934 7222 2607 4615 43251 23926 15978 17196 44127 3847 2817 19146 21203 7797 5597 8788 36424 34281 164 4082 2143 887 15522 8135 8610 79046 11225 8628 3925 3653 4063 5364 2443 32074 7142 12722 22274 27507 18108 1261 16847 185 593 6213 9399 4838 41186 7382 27730 7889 2443 25650 66926 5676 401323 27361 6304 14034 2898 59050 12583 3270 1691 19163
internal_count=1177870 839059 338811 188129 650930 243904 151895 29598 166220 92009 13891 484710 112147 49299 14583 116921 94907 77426 24886 75982 12415 9256 68871 44475 34392 472295 70972 50597 1812 49995 21977 28018 15707 122297 27066 24413 43908 87685 23687 4635 16098 11644 50143 33381 20010 20331 43276 17150 24396 18752 27283 20375 33644 43558 10083 4026 21926 8759 13167 7326 8973 9632 6934 7222 2607 4615 43251 23926 15978 17196 44127 3847 2817 19146 21203 7797 5597 8788 36424 34281 164 4082 2143 887 15522 8135 8610 79046 11225 8628 3925 3653 4063 5364 2443 32074 7142 12722 22274 27507 18108 1261 16847 185 593 6213 9399 4838 41186 7382 27730 7889 2443 25650 66926 5676 401323 27361 6304 14034 2898 59050 12583 3270 1691 19163
is_linear=0
shrinkage=0.03


Tree=22
num_leaves=127
num_cat=0
split_feature=27 27 27 37 9 7 33 27 27 33 27 37 17 7 32 9 30 3 16 33 27 3 34 3 3 27 17 34 33 3 27 9 18 9 8 16 9 7 27 32 27 16 33 33 8 27 27 8 0 9 16 7 34 0 3 3 4 17 3 6 8 27 30 27 0 25 32 7 27 3 18 7 0 0 34 33 25 27 18 8 8 16 7 37 34 0 34 33 33 33 8 33 27 27 3 3 3 1 17 3 16 3 0 18 4 0 33 34 34 25 3 33 7 27 34 27 16 16 7 37 16 16 17 9 8 3
split_gain=281551 46535.1 13867.5 13339.7 5712.64 8582.35 5238.31 4331.69 3990.41 3809.25 3586.9 3175.13 3041.87 3215.12 3002.25 2921.64 2744.57 2176.53 2007.98 1965.09 1920.57 1918.35 1806.95 1732.71 1728.3 1610.29 1670.69 1624.27 1497.51 1353.86 1192.78 1182.27 1144.86 1143.88 1081.82 1063.23 1055.03 1050.33 984.983 963.616 1278.73 1245.65 914.585 858.335 829.077 819.346 776.37 910.815 768.511 764.491 737.254 736.361 735.318 815.302 718.083 720.308 711.558 698.99 692.316 660.831 658.72 637.249 634.973 613.98 785.55 613.71 618.57 604.556 567.023 563.232 539.089 535.79 694.31 534.947 535.223 848.159 519.471 513.124 508.458 506.11 499.666 480.841 479.737 468.776 464.083 457.373 456.779 448.018 439.19 432.015 426.826 455.253 424.116 422.447 434.165 420.03 525.944 418.109 414.794 414.029 518.294 389.162 383.22 382.468 379.231 377.057 683.434 375.25 373.445 349.526 349.13 348.469 347.889 404.254 676.823 692.425 686.351 560.618 455.373 347.326 344.106 342.52 340.009 338.073 479.337 335.361
threshold=0.06482172060267373 0.017394576347428647 0.17892931007053087 1.653324433043269 32.500000000000007 4.5000000000000009 0.047391380513516074 0.0040397150012150594 0.13311560801174066 0.022709421039936752 0.023065816766852546 1.4989252935559543 1.0000000180025095e-35 5.5000000000000009 1.5093702000281364e-05 64.500000000000014 0.089924833967084825 138.50000000000003 1.0000000180025095e-35 0.047691955024797512 0.097381106612567284 42.500000000000007 0.57852776937170458 73.500000000000014 140.50000000000003 0.023065816766852546 1.0000000180025095e-35 2.3148474769376115 0.01962086276832176 127.50000000000001 0.14044471448912457 46.000000000000007 2.5000000000000004 32.500000000000007 51.500000000000007 2.5000000000000004 32.500000000000007 13.500000000000002 0.099725473945923557 1.0000000180025095e-35 0.031448058896583746 1.0000000180025095e-35 0.074326667264520377 0.019797201937088411 19.500000000000004 0.0043765384696261419 0.29490552214658577 34.500000000000007 191.50000000000003 66.500000000000014 1.0000000180025095e-35 5.5000000000000009 0.29742391077416047 185.50000000000003 39.500000000000007 76.500000000000014 72.500000000000014 6.5000000000000009 134.50000000000003 252.50000000000003 49.500000000000007 0.31488174840163413 0.071954817524198147 0.036638934614643119 71.500000000000014 0.78656609248549303 1.5093702000281364e-05 14.500000000000002 0.0014827189222141278 42.500000000000007 1.0000000180025095e-35 5.5000000000000009 39.500000000000007 19.500000000000004 0.10102616414449164 0.0082937579318871097 -0.78656609248549325 0.010013046234375276 2.5000000000000004 33.500000000000007 52.500000000000007 3.5000000000000004 13.500000000000002 1.4742769970309937 40.449121484004422 189.50000000000003 1.3641909035086777 0.032707366722294566 0.088508823837614284 0.052765155592741718 7.5000000000000009 0.082682851751971057 0.38795986622073586 0.033161635488878433 42.500000000000007 42.500000000000007 127.50000000000001 770.00000000000011 2.5000000000000004 42.500000000000007 1.0000000180025095e-35 20.500000000000004 17.500000000000004 3.5000000000000004 219.00000000000003 63.500000000000007 0.040011435105774734 0.57852776937170458 0.57852776937170458 0.25881904510252057 134.50000000000003 0.027134046125247575 16.500000000000004 0.0040397150012150594 0.5849006463807539 0.0043765384696261419 1.0000000180025095e-35 1.0000000180025095e-35 15.500000000000002 10.895242786555082 11.500000000000002 2.5000000000000004 6.5000000000000009 64.500000000000014 13.500000000000002 145.50000000000003
decision_type=2 2 2 2 2 2 2 2 2 2 2 2 2 2 2 2 2 2 2 2 2 2 2 2 2 2 2 2 2 2 2 2 2 2 2 2 2 2 2 2 2 2 2 2 2 2 2 2 2 2 2 2 2 2 2 2 2 2 2 2 2 2 2 2 2 2 2 2 2 2 2 2 2 2 2 2 2 2 2 2 2 2 2 2 2 2 2 2 2 2 2 2 2 2 2 2 2 2 2 2 2 2 2 2 2 2 2 2 2 2 2 2 2 2 2 2 2 2 2 2 2 2 2 2 2 2
left_child=1 6 4 10 8 81 107 24 11 46 12 -2 54 73 36 19 30 20 42 25 99 88 62 45 -8 26 27 95 86 65 -10 125 43 34 48 -25 44 92 122 63 -41 -42 56 -30 108 -23 47 79 -16 68 -27 57 -45 69 -3 76 -17 120 -40 89 -43 82 -7 93 78 66 -22 -19 -26 -54 109 72 -29 98 -75 -76 -56 90 -65 -4 -79 123 97 -83 -52 105 -12 -77 -9 -20 -47 -92 -38 94 -21 -5 -97 104 -14 100 -13 -66 -49 110 -46 106 111 -1 -11 -58 -33 -36 113 -109 -115 117 118 -116 -117 -18 -28 -39 -31 124 -6 -24
right_child=2 3 9 15 5 22 7 21 16 14 28 17 13 -15 33 18 119 67 59 39 29 23 31 35 49 50 51 71 32 38 -32 103 -34 -35 85 -37 37 121 58 40 41 60 -44 52 61 77 -48 102 -50 -51 84 -53 53 -55 55 -57 70 -59 -60 -61 -62 -63 -64 64 101 -67 -68 -69 -70 -71 -72 -73 -74 74 75 87 -78 80 -80 -81 -82 83 -84 -85 -86 -87 -88 -89 -90 -91 91 -93 -94 -95 -96 96 -98 -99 -100 -101 -102 -103 -104 -105 -106 -107 -108 112 -110 -111 -112 -113 -114 114 115 116 -118 -119 -120 -121 -122 -123 -124 -125 -126 -127
leaf_value=-0.016538005624794797 -0.0048313408428822067 -0.0085223844315875392 0.0060825347236851748 -0.015585250524764366 0.020794505062374735 -0.0074108763483012223 -0.016625159490093203 -0.010981824257390164 0.03520820660763465 0.015177922899997717 -0.011698731178636981 -0.0053238232121980596 -0.016472980007529257 -0.0085057662880664766 -0.0071110646805695454 0.0056417548689133403 0.041614923861101674 0.016190225718537128 7.5554321944456868e-05 0.0010377869399401443 -0.0027253369444461694 0.037101051126418386 0.0095647713694141257 -0.01578081766393798 0.038306844056324847 0.0080234156165185696 0.055094254339855271 -0.026435363010356299 0.018707258856348958 -0.018456650247833387 0.015574431835271281 0.020090964250808759 -0.011208419302301979 0.045752500709098538 0.046015855508311741 0.0095712636022234517 0.024901983459109302 0.042981999661697412 -0.012988477301705707 0.057084585887454728 -0.00025033764294295739 0.016037571856739263 0.014000051919317406 -0.01398384196505954 0.022178625668515611 0.0096187427938501744 0.024209997752464851 0.060672838668914361 0.025998436187841284 -0.016609058255850063 -0.0012435990351546274 0.00032863222864421606 -0.0073758100917919118 0.011349966622867138 0.036517158330290247 -0.0095879619988031625 -0.015745089310968907 -0.02317768307775259 0.02189451826591866 -0.00022834644127507173 0.032900122367159501 0.025334341513224827 0.0085375305405866273 0.024392143129407719 -0.00015309572927885596 0.014639001967440477 0.0098237348909785936 0.029195675385256227 -0.014761375506718953 0.00060144098173786176 0.012664895321259242 -0.010690649222639022 0.052179928981767806 0.0054791328659560372 0.061821354477974683 0.026912133822708618 0.0072491241987432935 0.012635110710119132 0.0095682391655395934 -0.018914441723347473 -0.017331455506425994 0.015570355148732486 0.010726563923922707 0.032749470331344399 -0.014015106859920544 0.048204059718129105 0.0046702360874707567 0.060570128158881111 -0.00088761046827547986 0.013489721520450271 -0.0045370503307230253 0.009098722743020371 0.062809586213792068 -0.007129215312254954 0.010931432741768301 0.03511690788382861 -0.01181832236253778 0.0016323626918704 0.030921995293972031 0.022088425426740825 0.016245130026437037 0.011876058190704716 0.012383673117091673 0.0151240686026359 0.04336118671056597 0.03139728616265329 0.041421987062467254 -0.016531596445016356 0.030303988312164853 -0.0063393156864785787 0.029082140827022665 0.01709713229079101 -0.017090069368647841 0.0097979827561781169 -0.014216453734930459 -0.0092356761606150559 -0.014854055811209091 0.047397051783034591 0.0063363899550743256 0.063984860552545264 -0.0065624994593997338 0.033824416325728905 0.036715810050084757 0.0346902923637065 0.045167463284304189 0.025766671002292192
leaf_weight=328568 14079 9922 1227 1833 808 3075 45619 23329 3173 1540 60809 1310 384 2909 732 2788 2196 7461 2699 5432 7197 707 12058 6815 931 6801 1545 114 1727 4189 22762 7314 17047 9289 477 1905 11340 6517 858 797 2640 4812 1811 4748 6527 4213 2013 157 4570 494 13131 374 14573 3998 779 1596 9182 120 1270 7624 3679 48559 8342 7631 2732 6393 6948 5655 225 17569 835 198 894 607 897 4074 1823 7425 2864 1796 537 1690 5125 9277 3181 2582 1574 390 4653 10836 9647 2856 272 1730 15058 398 467 786 293 7145 4274 21228 2554 4721 861 13343 11513 25011 31856 5803 8295 1754 32903 1264 231 10648 37111 313 2009 873 86 8432 103 11680 7175 1271
leaf_count=328568 14079 9922 1227 1833 808 3075 45619 23329 3173 1540 60809 1310 384 2909 732 2788 2196 7461 2699 5432 7197 707 12058 6815 931 6801 1545 114 1727 4189 22762 7314 17047 9289 477 1905 11340 6517 858 797 2640 4812 1811 4748 6527 4213 2013 157 4570 494 13131 374 14573 3998 779 1596 9182 120 1270 7624 3679 48559 8342 7631 2732 6393 6948 5655 225 17569 835 198 894 607 897 4074 1823 7425 2864 1796 537 1690 5125 9277 3181 2582 1574 390 4653 10836 9647 2856 272 1730 15058 398 467 786 293 7145 4274 21228 2554 4721 861 13343 11513 25011 31856 5803 8295 1754 32903 1264 231 10648 37111 313 2009 873 86 8432 103 11680 7175 1271
internal_value=1.47047e-06 -0.00944655 0.0227714 0.000383023 0.0167214 0.0228818 -0.0145649 -0.00869128 0.0118576 0.0287438 -0.00596288 0.00782741 0.00472391 0.0177971 0.029703 0.00702025 0.0211511 0.0112026 0.000359268 0.00985365 0.00770117 -0.00348154 0.0145553 0.00129503 -0.0155342 0.00332721 0.0171348 0.00548363 -0.00803588 0.00316629 0.0179765 0.0180535 -0.00463782 0.0363947 0.0339091 -0.0102423 0.0272716 0.0325588 -0.00885845 0.012626 0.0203762 0.0177479 -0.00635193 -0.00200942 0.0257973 0.00525822 0.00818139 0.00255432 0.0214273 0.0146288 -0.000274499 0.0385402 -0.00288444 -0.00142623 -0.00412178 0.00627909 -0.00833266 0.0467018 0.00782985 0.00683575 0.0233438 0.0237408 0.00424206 0.0109949 0.0135024 0.00692512 0.00343875 0.0217976 0.0279778 -0.0030154 -0.0107954 0.0344266 0.0432889 0.0293117 0.0321786 0.0352017 0.0160115 0.00434596 0.0203468 -0.00876846 0.010614 0.0351352 0.0179224 0.0301022 -0.00373417 0.0361396 -0.0112857 0.0298527 -0.0093033 0.0108148 0.00136042 -0.0014223 0.0257899 0.00710663 0.00830858 -0.00745381 0.00977731 0.0224342 0.00403917 0.0173053 0.0111851 0.0105045 0.0151802 0.0226061 0.0246472 0.0349896 0.0384771 -0.0160311 0.0296065 -0.0121027 0.0248691 0.0232801 -0.0145101 -0.0134017 -0.0118839 -0.0124286 -0.0127966 0.021234 -0.00676398 0.0479782 0.0518432 0.0378167 -0.0171326 0.0379424 0.0427006 0.0111097
internal_weight=1.17787e+06 832456 345414 285042 171592 75706 547414 109356 95886 173822 145719 66882 23674 9554 166075 139323 29004 52803 41578 97745 39687 62087 45076 34105 47269 29142 6029 3904 122045 26958 25935 33659 59662 44260 34971 8720 121815 26561 6420 68603 11928 11131 20419 42615 95254 25385 7747 5734 5302 1650 23113 2125 40888 36140 14120 4198 18608 1751 2128 21159 8491 61858 11417 56675 34455 20538 14145 13116 1156 32142 15820 1206 1008 6645 5968 5361 2602 24678 10495 3023 7962 30630 13299 10967 16312 29669 62383 4464 27982 13535 16716 12503 11612 22220 20490 2698 865 8174 677 12729 5584 23960 2711 20330 7388 27087 13744 438058 33396 14985 15609 2231 109490 76587 51576 50312 49768 544 12657 3069 1631 14949 4292 19663 7983 13329
internal_count=1177870 832456 345414 285042 171592 75706 547414 109356 95886 173822 145719 66882 23674 9554 166075 139323 29004 52803 41578 97745 39687 62087 45076 34105 47269 29142 6029 3904 122045 26958 25935 33659 59662 44260 34971 8720 121815 26561 6420 68603 11928 11131 20419 42615 95254 25385 7747 5734 5302 1650 23113 2125 40888 36140 14120 4198 18608 1751 2128 21159 8491 61858 11417 56675 34455 20538 14145 13116 1156 32142 15820 1206 1008 6645 5968 5361 2602 24678 10495 3023 7962 30630 13299 10967 16312 29669 62383 4464 27982 13535 16716 12503 11612 22220 20490 2698 865 8174 677 12729 5584 23960 2711 20330 7388 27087 13744 438058 33396 14985 15609 2231 109490 76587 51576 50312 49768 544 12657 3069 1631 14949 4292 19663 7983 13329
is_linear=0
shrinkage=0.03


Tree=23
num_leaves=127
num_cat=0
split_feature=28 28 28 34 28 34 36 36 28 13 27 36 27 28 27 27 5 27 36 26 3 28 27 3 28 36 28 18 5 1 5 5 34 32 18 34 17 36 36 28 16 25 34 24 3 7 13 27 5 18 17 7 18 3 36 3 27 16 8 27 0 0 34 28 3 2 28 0 3 28 36 5 5 5 3 27 27 4 34 25 27 3 34 27 18 27 7 36 14 14 14 36 7 0 7 34 36 28 10 8 4 10 12 34 16 5 5 5 0 0 34 36 28 28 11 14 34 5 7 35 32 3 3 3 8 5
split_gain=302654 30268.5 26769.9 11877.6 10642.7 5513.97 3951.37 3567.73 3243.35 3221.16 2984.92 2068 2014.52 1794.03 1446.1 1329.62 1265.65 1290.27 1405.05 1102.05 1095.3 1056.95 1020.13 1121.66 955.636 1098.49 889.668 869.31 820.391 790.346 785.643 752.992 700.704 693.555 690.21 681.672 707.003 720.608 672.675 661.921 630.049 625.538 620.789 582.571 572.26 773.639 935.397 566.851 553.994 546.391 537.45 532.736 513.21 511.87 480.459 471.815 470.813 447.69 731.064 431.351 427.753 424.831 416.817 414.892 407.505 591.286 400.812 398.491 398.015 392.133 518.926 639.017 912.943 511.936 498.689 1899.05 388.478 385.377 526.346 548.114 380.501 395.04 378.106 377.913 371.817 370.807 370.124 365.282 364.712 357.357 355.204 353.395 347.476 509.398 345.799 336.449 623.538 334.401 326.577 323.705 322.954 322.313 322.303 358.26 320.664 319.221 533.055 316.014 315.581 304.552 728.204 341.026 302.175 301.708 301.659 295.562 295.046 285.607 281.139 289.833 281.102 277.837 562.205 399.63 376.636 269.73
threshold=1.1219645237111375 2.8540401012035619 0.16624505300930573 0.57852776937170458 10.349768061437796 1.4676774517475548 0.019274753306614746 0.063014685086042466 0.51785501459197014 1.0000000180025095e-35 0.099375729063849991 0.048414267926463056 0.12919164370855429 0.052310143307246676 0.019670872007458779 0.033161635488878433 3383.5000000000005 0.051654107958206123 0.074368616679201693 1.0000000180025095e-35 42.500000000000007 6.1356744592253847 0.059085600481039259 42.500000000000007 22.445611888829731 0.0084708063553290188 1.7504223575997926 3.5000000000000004 3358.5000000000005 439.50000000000006 3982.5000000000005 3469.5000000000005 0.5849006463807539 1.5093702000281364e-05 1.0000000180025095e-35 0.10102616414449164 6.5000000000000009 0.022624811445732938 0.049414510585311752 0.1650621005818729 5.5000000000000009 -0.70710678118654757 0.53740049633641906 0.91597561503675362 138.50000000000003 13.500000000000002 1.0000000180025095e-35 0.19779407501884169 2384.5000000000005 1.0000000180025095e-35 1.5000000000000002 11.500000000000002 1.5000000000000002 140.50000000000003 0.082711815195891644 42.500000000000007 0.12876491654385921 1.0000000180025095e-35 43.500000000000007 0.036638934614643119 189.50000000000003 56.500000000000007 0.57105190082441804 84.027302325581402 42.500000000000007 1.0000000180025095e-35 0.91667256235770611 39.500000000000007 42.500000000000007 0.070847127856879105 0.017348284266447907 3358.5000000000005 3992.0000000000005 3924.5000000000005 138.50000000000003 0.0040397150012150594 0.1676706827309237 72.500000000000014 40.449121484004422 0.25881904510252057 0.010013046234375276 140.50000000000003 1.9057618361605384 0.049751265945630792 4.5000000000000009 0.10975387182562446 -1.0000000180025095e-35 0.021529953072532772 0.019253938832252088 0.85352528736329614 0.97164209548437264 0.11517817256447892 6.5000000000000009 189.50000000000003 -1.0000000180025095e-35 0.11153207711307188 0.0086639314808855568 0.94489103413968012 2.2500000000000004 52.500000000000007 219.00000000000003 1.0000000180025095e-35 0.029473814842392657 0.10924732958422818 16.500000000000004 3340.5000000000005 4062.5000000000005 3920.5000000000005 187.50000000000003 107.50000000000001 0.63152790712306195 0.0069287667712864568 5.1196840788862845 0.38875824738600939 0.19709079283887471 0.64894845462139461 0.57105190082441804 3982.5000000000005 6.5000000000000009 1.0000000180025095e-35 1.5093702000281364e-05 127.50000000000001 120.50000000000001 139.50000000000003 25.500000000000004 1664.5000000000002
decision_type=2 2 2 2 2 2 2 2 2 2 2 2 2 2 2 2 2 2 2 2 2 2 2 2 2 2 2 2 2 2 2 2 2 2 2 2 2 2 2 2 2 2 2 2 2 2 2 2 2 2 2 2 2 2 2 2 2 2 2 2 2 2 2 2 2 2 2 2 2 2 2 2 2 2 2 2 2 2 2 2 2 2 2 2 2 2 2 2 2 2 2 2 2 2 2 2 2 2 2 2 2 2 2 2 2 2 2 2 2 2 2 2 2 2 2 2 2 2 2 2 2 2 2 2 2 2
left_child=2 6 7 29 5 9 12 69 19 10 20 32 55 -9 27 67 17 18 82 38 94 116 23 105 25 -6 42 -13 84 52 59 54 -10 66 64 -23 37 50 -5 48 56 95 -19 -43 45 104 91 83 -15 -44 -37 -46 113 -36 90 -2 77 86 -59 108 -53 -35 -14 -58 65 -24 -34 89 -50 -1 -71 74 73 -73 -72 -76 -27 -26 -79 -80 81 -40 -8 -17 99 -42 -31 -63 -41 -7 -25 -47 93 -78 -3 -22 -97 117 -69 -16 -12 -33 103 -57 -28 115 -107 -45 -18 110 -96 -111 -85 -4 -38 -21 -11 -30 -61 -120 -87 122 -82 124 -123 -105
right_child=1 4 3 8 24 15 16 13 11 21 100 14 62 39 28 47 30 26 -20 22 41 35 34 31 40 76 44 -29 97 57 -32 101 33 61 53 36 114 -39 80 88 85 43 49 107 51 46 -48 -49 68 -51 -52 60 -54 -55 -56 102 63 58 -60 118 -62 87 -64 -65 -66 -67 -68 98 -70 70 71 72 -74 -75 75 -77 92 78 79 -81 121 -83 -84 112 -86 120 -88 -89 -90 -91 -92 -93 -94 -95 109 96 -98 -99 -100 -101 -102 -103 -104 125 -106 106 -108 -109 -110 111 -112 -113 -114 -115 -116 -117 -118 -119 119 -121 -122 123 -124 -125 -126 -127
leaf_value=-0.016340294677852651 -0.015444777386855785 0.055384464462598162 -0.013420581431077499 -0.0052360599365540101 0.0060797932387259106 -0.018011580198558409 -0.0060458363276829552 -0.015526520029786843 0.018260974582747159 -0.0031973807387371115 0.020952147621820173 -0.010212185649777807 0.0070789278619084106 -0.0080757719648695062 0.010408823530130845 0.0051013515024062456 0.020778269915732724 -0.0063909863758400548 0.013856545350381376 -0.0067216234847404313 -0.036858424739404157 0.004044234887781468 -0.0081701936019460634 -0.0020519278002378333 0.013458515276796503 0.038283028462180395 0.015459947568034623 0.022373302033168899 0.014535553874156903 0.0047337181340137962 0.01019753597293621 0.019369801329224536 -0.009428431385783486 -0.0097000172822559547 -0.0039235629391399561 0.026480825494451257 0.034362969742137553 0.018305888853403094 -0.015524933856604001 -0.0013081851289111195 0.014587050789087027 -0.0073239046842191475 0.016028199193033627 0.023345807536264484 0.015837661056409148 -0.018998607229068196 0.019812833131803518 0.024491429041307907 -0.0056960409090087098 0.0053341350022723718 0.042189095263386163 0.01644407948744209 -0.015376206041382996 0.025702055866148932 0.0066625456469752509 -0.020060944197531395 0.042188798080173041 -0.014969862473540962 -0.0032188774309118689 0.021515887066132548 0.031745645216329964 -0.011537637420338373 0.021983145977403223 0.061559500527504023 -0.015992065010798882 0.035543143752187784 0.0036866931196151247 0.058521801195883884 0.0043421786206152106 -0.015904853527151742 -0.014475788753146699 -0.0045079061078703384 -0.014517075938151214 0.013533246762694781 0.035593660422724049 -0.013620942597598489 0.032020019398651345 0.035496299837467209 0.20676028598438609 0.046533834986064747 0.0052201449882864851 0.034681948481022185 0.0040404958307784676 0.023357370677798996 0.0015833334875586089 0.031808756395701319 -0.0089743869228805281 0.0081424627769691119 0.03515657942401141 0.10162139389250012 -0.015148206977167507 0.023614133168392032 0.024024384207269555 0.044622140926237813 0.019669345294982613 0.091803496410510291 0.025238877804556362 0.022591653079409277 0.035114007402309091 0.0012354617216446585 0.041796655652911532 0.0058568594496567596 -0.0081794395543408876 -0.0031539836844753479 0.0014819682171882012 0.0053299675159517142 -0.014621007670855132 0.098529049619551626 0.038614502195990406 0.023699162328412744 -0.015138866195764242 -0.015056211890031894 0.030855386496307244 -0.0085690420619490594 -0.025793124496936794 -0.016131515064204325 0.017991944594424217 0.0019945277695611842 0.015666096429521423 -0.0086074135291007905 0.044056450295819477 0.03608140124516053 0.019683213074125298 0.010639653026371741 -0.016859324534018613 0.014081829088842715
leaf_weight=232257 4451 72 19539 7546 1294 134 6494 12415 1531 1759 2640 5040 6347 10383 23474 578 1558 2320 10376 7767 55 1320 3443 10591 732 13983 29841 863 13740 4706 7259 2315 11459 1898 4052 4461 98 4447 1249 394 910 1258 7797 267 11178 1647 1172 73127 5445 9587 3497 2550 34084 603 4926 521 28616 9477 9583 14855 4629 954 2301 1031 11796 303 2567 1624 10241 126498 88974 4972 7390 1979 869 3754 25155 5735 33 46 13889 159 6898 5843 7660 7314 2844 7699 661 27 2262 196 4002 3261 908 163 568 4188 801 4061 896 5063 5637 1431 1554 3469 1847 62 2091 211 1338 6480 28106 28167 320 4899 891 1855 3012 519 2192 132 2929 1184 1444 1905
leaf_count=232257 4451 72 19539 7546 1294 134 6494 12415 1531 1759 2640 5040 6347 10383 23474 578 1558 2320 10376 7767 55 1320 3443 10591 732 13983 29841 863 13740 4706 7259 2315 11459 1898 4052 4461 98 4447 1249 394 910 1258 7797 267 11178 1647 1172 73127 5445 9587 3497 2550 34084 603 4926 521 28616 9477 9583 14855 4629 954 2301 1031 11796 303 2567 1624 10241 126498 88974 4972 7390 1979 869 3754 25155 5735 33 46 13889 159 6898 5843 7660 7314 2844 7699 661 27 2262 196 4002 3261 908 163 568 4188 801 4061 896 5063 5637 1431 1554 3469 1847 62 2091 211 1338 6480 28106 28167 320 4899 891 1855 3012 519 2192 132 2929 1184 1444 1905
internal_value=1.42644e-06 0.0218506 -0.0105827 -0.00326774 0.0285165 0.0233267 0.0112187 -0.0147336 0.00148136 0.0123025 0.00215796 0.00563296 -0.000330998 -0.00608099 0.00866203 0.0264979 0.0132974 0.0116355 0.00556989 -0.00244975 -0.00532165 0.0213143 -0.00465512 -0.00204997 0.0363285 0.0333431 0.0136248 -0.00544829 0.0101771 -0.0111036 0.0187573 0.00203986 -0.00143051 -0.00265717 -0.0102195 0.0245722 0.0266854 0.0279784 0.00244576 -0.00175764 0.0393835 0.0128113 0.0081853 0.00197143 0.015656 0.0133741 -0.00114152 0.0259873 -0.00270043 0.0101306 0.0333835 0.0199333 -0.0125648 -8.59156e-05 -0.00130365 -0.00738554 0.0412546 -0.00661263 -0.00906169 0.0215772 0.0263105 0.00315338 0.0110445 0.0428624 -0.0132546 -0.00463438 -0.00702814 0.0477556 0.000857663 -0.0154666 -0.0146011 -0.0130731 -0.00717608 0.000628541 -0.0139766 -0.00436992 0.0341034 0.0339729 0.0365557 0.113464 0.00520794 -0.00985526 -0.000850532 0.0291554 0.00742953 0.0328816 -0.000429971 0.00597272 0.0215385 0.00205109 -0.00435674 -0.0144668 0.0323006 0.0334662 -0.0100979 0.0346978 0.0400816 0.0150651 0.05079 0.00905589 0.026234 0.0100968 -0.0036072 0.00307513 0.0147681 -0.00777169 -0.00160183 0.0375141 0.030999 -0.0106255 -0.0010668 -0.0138341 0.0295649 -0.0105561 -0.0116895 -0.0103612 0.00392703 0.0130438 0.0197073 0.0120983 0.034633 0.00629124 0.00773901 -0.00253071 -0.0124252 0.00668841
internal_weight=1.17787e+06 384381 793489 287257 236255 141951 148126 506232 178857 31711 14918 86989 22593 39539 60881 110240 125533 96239 23768 91868 11382 16793 63336 43139 94304 47695 72471 5903 54978 108400 29294 25157 26108 24577 20197 14143 12823 12405 28532 27124 46609 2373 19704 1587 52767 34410 3015 107654 26069 17384 7958 18357 81790 4655 17779 13945 36193 26610 19060 22035 7179 10551 8648 29647 15542 3746 14026 2586 15686 466693 234436 107938 14341 6951 93597 4623 46401 6546 5814 79 20986 1408 13392 34527 35195 10416 7550 8653 1055 161 12853 1843 32418 28416 9009 786 731 19783 2425 27535 3536 7378 9494 3857 31395 17982 5316 329 3649 8937 2246 6691 33949 47706 418 12666 2650 15595 18386 3531 9506 19578 16818 2760 1576 3336
internal_count=1177870 384381 793489 287257 236255 141951 148126 506232 178857 31711 14918 86989 22593 39539 60881 110240 125533 96239 23768 91868 11382 16793 63336 43139 94304 47695 72471 5903 54978 108400 29294 25157 26108 24577 20197 14143 12823 12405 28532 27124 46609 2373 19704 1587 52767 34410 3015 107654 26069 17384 7958 18357 81790 4655 17779 13945 36193 26610 19060 22035 7179 10551 8648 29647 15542 3746 14026 2586 15686 466693 234436 107938 14341 6951 93597 4623 46401 6546 5814 79 20986 1408 13392 34527 35195 10416 7550 8653 1055 161 12853 1843 32418 28416 9009 786 731 19783 2425 27535 3536 7378 9494 3857 31395 17982 5316 329 3649 8937 2246 6691 33949 47706 418 12666 2650 15595 18386 3531 9506 19578 16818 2760 1576 3336
is_linear=0
shrinkage=0.03


Tree=24
num_leaves=127
num_cat=0
split_feature=27 27 27 33 36 29 27 17 7 33 33 27 1 32 5 33 8 27 27 7 18 8 27 30 27 30 0 36 13 5 25 33 5 8 33 7 8 36 8 17 17 0 8 5 32 27 8 27 36 8 33 17 27 36 36 5 27 18 27 8 5 5 33 36 24 0 30 18 36 0 4 27 0 13 8 0 33 2 33 8 14 27 11 5 0 7 7 27 27 8 7 33 0 33 30 0 5 5 5 32 27 27 25 5 4 5 33 7 4 5 5 5 5 36 36 5 4 15 6 12 36 32 36 5 27 6
split_gain=249276 41252.3 12273.2 11456.5 6355.23 4969.16 3784.84 4431.41 4215.6 3417.46 3373.57 3173.46 2753.39 2663.88 2074.71 2039.78 2008.08 2012.87 2761.59 1995.17 1659.54 1430.75 1394.08 1240.7 1091.02 1057.48 1159.5 2124.57 1006.43 982.55 974.009 898.042 872.646 850.341 848.166 840.531 801.595 798.631 795.903 785.382 750.568 857.553 745.644 705.635 692.812 681.917 820.054 666.222 663.295 928.848 1182.71 736.8 651.546 648.23 923.004 647.267 637.352 629.441 577.921 570.743 568.856 580.877 553.188 543.471 537.395 534.296 486.341 480.474 474.847 465.773 455.034 500.901 450.262 443.639 441.238 432.635 412.888 411.264 405.136 443.407 440.864 399.119 398.605 385.964 446.131 363.204 452.111 435.086 489.971 427.461 359.696 359.439 358.917 358.268 363.394 352.543 347.298 341.055 911.429 335.623 634.308 333.943 332.591 332.537 328.633 431.747 325.215 612.899 319.702 346.941 315.696 313.593 388.543 309.732 357.554 307.55 305.933 301.858 288.452 400.075 327.11 287.551 286.899 277.51 264.557 264.398
threshold=0.06482172060267373 0.017394576347428647 0.17892931007053087 0.047691955024797512 0.063014685086042466 1.0000000180025095e-35 0.023065816766852546 1.0000000180025095e-35 5.5000000000000009 0.022709421039936752 0.025781629466387009 0.059364923500912763 3.5000000000000004 1.5093702000281364e-05 3383.5000000000005 0.017471603833322344 40.500000000000007 0.11621467663383581 0.089575085774610722 2.5000000000000004 1.0000000180025095e-35 44.500000000000007 0.12750818647605938 0.067274736675500726 0.0040397150012150594 0.020808492953123394 111.50000000000001 0.030261653691702434 1.0000000180025095e-35 3449.5000000000005 -0.5 0.041277773734636335 4044.5000000000005 34.500000000000007 0.0069700888316244223 4.5000000000000009 47.500000000000007 0.086461460944238414 47.500000000000007 6.5000000000000009 2.5000000000000004 85.500000000000014 20.500000000000004 4104.5000000000009 1.5093702000281364e-05 0.29490552214658577 34.500000000000007 0.13311560801174066 0.017348284266447907 43.500000000000007 0.042021699604694755 4.5000000000000009 0.19108984186320013 0.0076496820672448283 0.012965685782532771 3340.5000000000005 0.031448058896583746 5.5000000000000009 0.036311245721003936 39.500000000000007 3173.5000000000005 3980.5000000000005 0.03579804002230625 0.065848700393555712 -0.60355339059327362 93.500000000000014 0.013002526235327968 4.5000000000000009 0.079427570093457953 10.500000000000002 16.500000000000004 0.23608316119144404 179.50000000000003 1.0000000180025095e-35 33.500000000000007 157.50000000000003 0.090755138172581032 1.0000000180025095e-35 0.088508823837614284 42.500000000000007 0.0017908318644920122 0.099375729063849991 0.19709079283887471 3449.5000000000005 30.500000000000004 15.500000000000002 10.500000000000002 0.33984006092916991 0.2777030409210362 21.500000000000004 6.5000000000000009 0.047391380513516074 192.50000000000003 0.047391380513516074 0.028041739051188914 17.500000000000004 1667.5000000000002 3376.5000000000005 4104.5000000000009 1.0000000180025095e-35 0.046955930825309883 0.057131976933957142 0.98296291314453421 3982.5000000000005 147.50000000000003 2502.5000000000005 0.11144335091509766 13.500000000000002 135.50000000000003 2502.5000000000005 3935.5000000000005 3904.5000000000005 3642.5000000000005 0.010372832185666923 0.021191885100983684 2925.5000000000005 69.500000000000014 6.5000000000000009 544.50000000000011 0.0097754368401893003 0.073765398447026079 1.5093702000281364e-05 0.11913300884261581 1700.5000000000002 0.0043765384696261419 3375.5000000000005
decision_type=2 2 2 2 2 2 2 2 2 2 2 2 2 2 2 2 2 2 2 2 2 2 2 2 2 2 2 2 2 2 2 2 2 2 2 2 2 2 2 2 2 2 2 2 2 2 2 2 2 2 2 2 2 2 2 2 2 2 2 2 2 2 2 2 2 2 2 2 2 2 2 2 2 2 2 2 2 2 2 2 2 2 2 2 2 2 2 2 2 2 2 2 2 2 2 2 2 2 2 2 2 2 2 2 2 2 2 2 2 2 2 2 2 2 2 2 2 2 2 2 2 2 2 2 2 2
left_child=1 4 5 6 48 10 7 25 39 45 22 14 16 52 67 -8 17 18 23 30 72 -18 59 31 -6 -3 27 53 47 76 -13 -12 111 37 123 81 -35 -15 91 40 41 69 -19 44 101 46 74 96 -1 50 -50 -51 68 -27 -55 -52 -46 58 121 -2 -36 -62 -29 102 -32 -43 -40 78 -11 -9 71 -54 93 -58 -4 -25 90 -38 99 -80 -81 -14 -41 84 -7 86 89 88 -87 -73 104 -30 -74 113 -95 -48 -23 -60 -99 108 -101 110 -20 -57 105 -26 107 -72 109 -5 -16 112 -31 116 -115 124 -17 -42 119 -86 -121 125 -83 -28 -106 -22
right_child=2 3 9 11 24 83 15 8 -10 13 12 19 35 33 43 20 21 42 63 -21 57 28 -24 75 29 26 34 62 38 32 64 -33 -34 36 60 -37 77 -39 66 82 117 65 -44 -45 56 -47 95 -49 49 51 55 -53 70 54 -56 103 73 -59 97 -61 61 -63 -64 -65 -66 -67 -68 -69 -70 -71 106 85 92 -75 -76 -77 -78 -79 79 80 -82 122 -84 -85 118 87 -88 -89 -90 -91 -92 -93 -94 94 -96 -97 -98 98 -100 100 -102 -103 -104 -105 115 -107 -108 -109 -110 -111 -112 -113 -114 114 -116 -117 -118 -119 -120 120 -122 -123 -124 -125 -126 -127
leaf_value=-0.015749411042138978 -0.008382412163236843 -0.017036720964048933 0.005417888230965234 0.0062609240010246233 -0.014134562933496147 0.0020631483168738664 -0.011027818017895532 -0.042885865785858845 -0.0074560108333367407 0.02711482252193613 -0.0028496762474163541 -0.016980316861098035 0.011700658142591488 -0.012601907875410063 0.011959529000334698 -0.025716524296336703 0.033608805594721708 0.016137876224670542 6.7032369866471141e-05 0.011074513565122216 -0.011358243298578858 -0.0087952337156389348 0.0094502244777765424 0.016693616167412443 -0.0030182878426890905 -0.0036518742898677256 0.0069654720500111579 -0.01580214849097274 -0.0066684628881030156 0.011247825416286411 -0.010478659740990676 0.016179174043264938 -0.0085454596924741805 0.043106510257831673 -0.012961800119416998 0.017926089725920132 0.031213451765905471 0.026551209886275108 0.038242923323507906 0.039943636272706688 0.047953373506167005 0.061604970510659815 0.028686527742859281 0.0020042288277342065 0.073006135156268581 0.022590794130630969 0.057909280612210554 0.023996832935334663 -0.012630775237868036 -0.015477870450015113 -0.0071401195441258038 0.0052172841359198517 0.022288542816234033 0.057430281010170697 0.019911500181485953 0.011685260902671279 0.006355338872185555 -0.013547224185711894 -0.0042290944239168158 0.019958515907396914 0.01309798893069292 -0.011472707226058277 0.011571332743190801 0.0090088636286157989 0.00224290136854121 0.029144675549032398 0.022284763564642911 0.0016575133756126139 0.037818998313577858 0.012403139615246948 0.023145566266918348 0.033116711489841161 0.012668533861672165 0.029850662401399629 -0.01792213289645855 0.033651849093601312 0.0037363879276477441 0.039203003080241827 0.015926787573874442 -0.012059772012631097 0.01430375781488011 0.030711669484813506 -0.026335418033368377 0.041933515322907365 0.04628861138153726 0.044487342160372506 0.036040893851647229 0.026902973721109755 0.0030486542086264373 0.022331323208252922 -0.012757651175325953 0.014357998105254776 -0.0057558189492272508 0.020889327063247334 -0.0025549312146589888 0.011593176829191974 0.008333670176939114 0.012199342486600725 -0.015023214634748351 0.022486532813903351 -0.010045236822703136 0.033258238378812532 0.012070226176732878 -0.01361893269130301 0.026082791467696164 0.016017523947683417 0.037390116115198532 0.0054253584153437194 7.8797430733530289e-05 0.021377836762178762 0.019140198974812363 0.012325300244553954 -0.0057647813568768779 -0.0092077755907000909 -0.00019716207116137046 -0.0029178005988798887 0.023174180628304741 0.010122102564748594 0.024839270502921697 0.02575768083264076 0.056337362287425197 0.0066030409428440677 0.045161710795517652 0.065239370575076658 -0.015911212720846658 4.7482650434552142e-05
leaf_weight=264174 7881 4155 1227 12777 7222 471 53313 154 3655 9312 2759 5291 901 593 10969 135 6295 23953 22398 9039 16515 1926 13209 1954 5931 470 120 2086 893 2333 4396 11688 3578 9289 6490 6826 24546 2240 2002 111 2731 536 5184 2506 272 2013 157 1482 90458 129737 9073 1567 15341 978 1488 3081 870 10671 18873 696 1925 1574 975 11794 9334 3072 12149 10578 6222 1252 51278 6329 4597 4289 1796 4409 4043 7592 10315 1125 1159 10539 309 3782 2155 315 9556 11965 1390 6927 6287 4051 1200 1389 1041 2554 2384 3829 1557 2566 683 1004 2290 551 140 1309 1361 1819 7068 1530 11073 7155 2506 4746 24038 4476 785 204 3098 2665 357 977 1401 190 3793 2057
leaf_count=264174 7881 4155 1227 12777 7222 471 53313 154 3655 9312 2759 5291 901 593 10969 135 6295 23953 22398 9039 16515 1926 13209 1954 5931 470 120 2086 893 2333 4396 11688 3578 9289 6490 6826 24546 2240 2002 111 2731 536 5184 2506 272 2013 157 1482 90458 129737 9073 1567 15341 978 1488 3081 870 10671 18873 696 1925 1574 975 11794 9334 3072 12149 10578 6222 1252 51278 6329 4597 4289 1796 4409 4043 7592 10315 1125 1159 10539 309 3782 2155 315 9556 11965 1390 6927 6287 4051 1200 1389 1041 2554 2384 3829 1557 2566 683 1004 2290 551 140 1309 1361 1819 7068 1530 11073 7155 2506 4746 24038 4476 785 204 3098 2665 357 977 1401 190 3793 2057
internal_value=1.38367e-06 -0.00888862 0.0214265 0.00036621 -0.0137077 0.0157349 -0.00429089 0.00497065 0.0194234 0.0270451 0.0143022 0.00813348 0.0160426 0.0279536 0.0112191 -0.00635487 0.0143052 0.0119507 0.00868573 -0.00052991 -0.00365896 0.0208315 0.00333505 0.0174065 -0.00337213 -0.00352673 -8.20842e-05 0.0104048 0.0175996 -0.0015015 -0.00604447 0.0125452 0.00445713 0.034257 -0.00618848 0.0264325 0.0353444 0.0183557 0.0209222 0.0311625 0.033275 0.026222 0.0183705 0.017266 0.0186091 0.00756881 0.00229514 0.00664557 -0.0147186 -0.0135572 -0.011427 -0.0152309 0.0256634 0.0286372 0.0347912 -0.00285589 0.0282483 -0.00701354 -0.00542203 -0.00608262 -0.00770513 0.00204504 -0.00708306 0.00371122 -0.00183022 0.0339669 0.0245424 0.00729962 0.0314023 0.0063473 0.0248246 0.0268368 0.00115911 0.0258885 -0.00844869 0.0284442 -0.00507315 0.0331008 0.00890299 0.0132785 0.00131822 0.0309543 -0.00881881 0.033926 0.0304633 0.0287494 0.0310666 0.0248826 0.0107045 0.0274807 -0.00669683 0.0105601 0.00885463 -0.000229162 0.0108459 0.0142754 0.000679315 -0.00232885 0.00432977 0.00666425 0.0156478 0.0163375 0.00118042 0.00784644 -0.00426189 0.000423408 0.0229097 0.0225385 0.00529875 0.00787754 0.0155668 0.00833601 0.00243741 -0.00113518 -0.00168286 -0.00829584 0.016 0.0453239 0.0320798 0.0364127 0.0293702 -0.00926045 0.0324072 0.0426817 -0.0144164 -0.010095
internal_weight=1.17787e+06 832456 345414 285042 547414 171592 178198 32475 12024 173822 159064 106844 137278 166075 78784 145723 117611 86429 57292 28060 92410 31182 21786 20810 48773 20451 16296 5997 24887 41551 19021 14447 15572 44260 10299 19667 41427 2833 19095 8369 7949 5014 29137 30983 28477 7747 5734 5792 498641 234467 103163 131304 121815 2936 2466 12705 5431 54479 43808 8577 9989 3499 3061 36482 13730 3608 14151 47801 15534 1406 106281 51823 37931 5159 3023 6363 25979 32138 37223 12599 2284 12841 420 12528 8746 36482 22812 13670 1705 13256 21936 4944 5797 32134 2430 2711 4310 24259 5386 24624 3249 23046 24688 3632 15649 7240 54458 53097 21375 14307 22042 11994 4839 29704 28784 8409 920 2935 8275 5177 3022 19549 11940 310 3933 18572
internal_count=1177870 832456 345414 285042 547414 171592 178198 32475 12024 173822 159064 106844 137278 166075 78784 145723 117611 86429 57292 28060 92410 31182 21786 20810 48773 20451 16296 5997 24887 41551 19021 14447 15572 44260 10299 19667 41427 2833 19095 8369 7949 5014 29137 30983 28477 7747 5734 5792 498641 234467 103163 131304 121815 2936 2466 12705 5431 54479 43808 8577 9989 3499 3061 36482 13730 3608 14151 47801 15534 1406 106281 51823 37931 5159 3023 6363 25979 32138 37223 12599 2284 12841 420 12528 8746 36482 22812 13670 1705 13256 21936 4944 5797 32134 2430 2711 4310 24259 5386 24624 3249 23046 24688 3632 15649 7240 54458 53097 21375 14307 22042 11994 4839 29704 28784 8409 920 2935 8275 5177 3022 19549 11940 310 3933 18572
is_linear=0
shrinkage=0.03


Tree=25
num_leaves=127
num_cat=0
split_feature=28 28 28 37 28 3 37 27 17 28 27 37 30 5 3 3 3 27 5 18 37 9 9 37 37 25 3 3 3 3 4 5 14 28 7 18 27 30 3 1 27 5 37 27 3 18 0 0 28 37 28 16 28 28 27 5 3 37 28 27 37 9 17 13 3 28 7 5 0 3 18 4 25 3 37 13 37 29 9 18 37 5 27 37 28 11 3 28 14 30 28 27 37 14 28 1 37 37 30 18 5 5 4 37 0 3 27 7 28 25 37 14 17 5 11 3 16 37 27 37 5 17 16 3 28 25
split_gain=268790 26466.2 23599.7 10768.3 9830.64 3662.39 3486.9 3306.34 3350.75 2293.82 1811.26 1700.38 2412.27 1390.68 1204.37 1194.91 1139.05 1102.28 1028.33 1009.88 981.423 963.882 962.705 952.192 902.774 811.865 737.931 734.545 755.209 1243.91 709.53 673.262 672.207 664.934 639.918 628.902 605.522 594.427 588.233 1393.82 659.916 583.753 552.577 545.203 533.032 497.294 493.049 484.962 609.912 725.713 480.137 697.749 594.14 480.072 479.039 472.815 474.606 466.075 456.047 452.803 463.809 438.514 434.983 433 624.893 430.194 428.565 448.938 420.144 411.691 408.843 404.868 401.238 466.455 490.696 389.943 386.974 527.624 386.461 369.225 362.364 349.118 350.711 348.864 348.777 346.573 337.188 334.776 327.3 326.524 323.696 323.185 322.986 318.927 317.911 317.221 312.306 309.244 306.952 353.92 303.268 300.542 346.587 293.149 292.005 287.78 287.49 283.345 282.707 278.892 278.672 274.918 270.911 268.62 265.806 265.398 262.862 387.117 367.868 262.168 271.869 260.742 283.497 323.511 261.586 258.223
threshold=1.1219645237111375 2.8540401012035619 0.16624505300930573 1.653324433043269 9.8717944032260636 27.500000000000004 0.34890983914268764 0.071646505472169913 1.0000000180025095e-35 0.51785501459197014 0.12919164370855429 1.653324433043269 0.016699666722132522 1664.5000000000002 42.500000000000007 157.50000000000003 42.500000000000007 0.12955135696662776 1668.5000000000002 2.5000000000000004 2.102991367849492 64.500000000000014 55.500000000000007 0.09360594067554294 0.8941782614145507 -0.5 32.500000000000007 27.500000000000004 127.50000000000001 138.50000000000003 171.50000000000003 3904.5000000000005 0.87314940611558722 16.4758353209752 14.500000000000002 5.5000000000000009 0.11621467663383581 0.067274736675500726 140.50000000000003 17.000000000000004 0.0014827189222141278 3982.5000000000005 39.552931979225654 0.040917708905622172 42.500000000000007 2.5000000000000004 39.500000000000007 6.5000000000000009 8.5072933102211259 0.24158594618482945 1.2619127940524837 1.0000000180025095e-35 1.2251864002152961 0.034002047479848668 0.01186526339151811 3414.5000000000005 138.50000000000003 0.96765713673143161 2.5557908564165062 0.12973097079689266 1.465962812751614 34.500000000000007 6.5000000000000009 1.0000000180025095e-35 27.500000000000004 2.649165968753072 1.5000000000000002 2278.5000000000005 49.500000000000007 147.50000000000003 1.0000000180025095e-35 84.500000000000014 0.37940952255126048 26.500000000000004 0.13644120383827238 4.5000000000000009 10.895242786555082 0.0006963784507029977 59.500000000000007 1.0000000180025095e-35 3.1155044680194903 3469.5000000000005 0.083316606449886269 0.34082754546204724 5.5083136303799369 1.3229166666666667 151.50000000000003 0.047955041778041364 0.027418142332108254 0.028041739051188914 53.46613350612899 0.029753306623641031 39.552931979225654 0.22227305072684764 0.1650621005818729 982.50000000000011 1.465962812751614 0.34890983914268764 0.067274736675500726 1.0000000180025095e-35 3383.5000000000005 3891.5000000000005 88.500000000000014 0.061955593080448498 202.50000000000003 3.5000000000000004 0.10975387182562446 7.5000000000000009 0.11215773106761434 0.98296291314453421 0.4012440438131652 0.43757951653944027 6.5000000000000009 2983.5000000000005 11.250000000000002 37.500000000000007 1.5000000000000002 0.40768053738648052 0.24876933895921241 0.11566811932908634 126.50000000000001 4.5000000000000009 2.5000000000000004 151.50000000000003 0.1650621005818729 0.78656609248549303
decision_type=2 2 2 2 2 2 2 2 2 2 2 2 2 2 2 2 2 2 2 2 2 2 2 2 2 2 2 2 2 2 2 2 2 2 2 2 2 2 2 2 2 2 2 2 2 2 2 2 2 2 2 2 2 2 2 2 2 2 2 2 2 2 2 2 2 2 2 2 2 2 2 2 2 2 2 2 2 2 2 2 2 2 2 2 2 2 2 2 2 2 2 2 2 2 2 2 2 2 2 2 2 2 2 2 2 2 2 2 2 2 2 2 2 2 2 2 2 2 2 2 2 2 2 2 2 2
left_child=2 6 11 19 5 7 10 8 20 22 70 108 14 32 -13 17 21 47 54 23 72 92 27 -4 66 89 59 79 42 91 107 71 43 -26 -31 76 96 -22 -14 -40 -41 53 109 -8 -32 62 -39 -7 57 -50 51 52 -28 -33 88 56 65 61 -58 60 -15 -49 83 64 -27 -52 85 90 -23 75 103 87 73 74 -3 78 77 100 -46 81 -51 82 105 -10 110 95 -20 -16 -18 -24 -68 -30 98 -70 -55 -6 -34 -85 99 -11 -35 102 -53 -2 -75 -5 -37 -25 -1 115 -19 -69 -93 -17 -47 -29 118 -118 -9 120 -12 122 123 -73 -124 -78
right_child=1 4 3 9 24 15 13 116 45 16 119 12 38 26 31 113 18 84 86 -21 37 68 25 30 33 63 50 28 29 34 44 41 36 35 -36 106 -38 46 39 40 -42 -43 -44 -45 69 114 -48 48 49 80 55 101 -54 94 -56 -57 58 -59 -60 -61 -62 -63 -64 -65 -66 -67 67 111 93 -71 -72 121 -74 104 -76 -77 125 -79 -80 -81 -82 -83 -84 97 -86 -87 -88 -89 -90 -91 -92 112 -94 -95 -96 -97 -98 -99 -100 -101 -102 -103 -104 -105 -106 -107 -108 -109 -110 -111 -112 -113 -114 -115 -116 -117 117 -119 -120 -121 -122 -123 124 -125 -126 -127
leaf_value=-0.015068113055214495 -0.02219936230956162 -0.014158414736542684 -0.0155506354063762 -0.014544583704492086 0.022810362730648685 -0.0015224144788697244 -0.0020585212343799514 0.03142239168958063 0.016266522017721892 0.010301687079993292 0.041608255922958998 -0.010723812375409758 -0.015520689649018902 -0.0055436781140862888 -0.01384202892840561 -0.012126152517434697 -0.018677371709740587 -0.0059949221283604132 0.012132903267415434 -0.013092292279393885 -0.018555891359865198 0.013934324282562987 0.0020119199207439976 -0.0098578938679910796 0.0319306692884452 0.0035284072890240854 0.024169597713442435 0.033142924158458126 0.0096436842922709484 0.0016909443841585496 -0.0068314297888891276 -0.01165246252806819 -0.013257035086862153 0.038070549260815038 0.028803795630430132 -0.016408050577430167 0.010326086676339233 -0.020405870157343738 -0.014968486364435211 0.038381626576418901 -0.011301615784043626 -0.0081415452677277723 -0.010302437627162868 0.011993552027972912 0.0067716520066077477 0.0023405287278454906 0.042630181412459833 -0.036712501510977748 0.01942912444528928 0.04132452802994678 0.013503337798302758 0.0098203182481882648 -0.005847721234949697 0.01253367866149927 0.0043426093983187338 0.022992100560052801 0.015559738493488042 0.030318380987171135 0.025903201912996453 0.015621459339767014 0.009384791380441777 0.017470580862774369 -0.011812122710545858 0.0030398691849226442 -0.011439369955932248 -0.0088107931395224586 0.029309821747227446 0.063548956899420861 -0.015178811954588131 -0.016347455460752742 -0.0099561471828656205 -0.0012125063352310692 -0.014998659136682408 -0.011565638094204958 0.012022476207960505 -0.0035676481214045753 0.046412799111134564 0.028239743896077509 -0.011959115781709819 -0.0091554756754713418 0.064427209638123359 0.011750856084986961 0.029608465631069732 0.058512489160276807 0.024487948857737585 -0.032294679583074186 -0.0099328861759432879 0.0067109162316365935 0.019979717253477542 -0.015882984677041342 -0.024013595572852212 -0.017600133834697142 -0.015403189705873189 -0.00069868630521705759 0.046571596155221433 -0.0022524412862912867 0.00065878486076688012 0.032091622006327536 0.010547970121597217 -0.0030078668537288815 0.048550356563661232 0.014973426055952099 -0.003995432838891512 0.0020919042004971899 0.098089430061253632 0.00073232807438223732 0.027882742207280556 0.00055988903848917218 -0.012381847047188262 0.019046080049514771 0.01948533028534085 0.016887639909830499 0.030955143604638441 0.018232270613476469 0.059065485790371887 0.0064854014472919119 0.00072645938175107264 0.020363961816065621 0.018610931474961998 0.016052832307574674 0.0040172443226427395 0.0071542182124946533 -0.013391375779698324 -0.017768968728497862 0.025673921089383617 0.077009466968185114
leaf_weight=354606 487 879 11562 1877 4048 383 2736 4591 1052 2813 181 24970 56211 2230 868 939 1344 403 33737 40012 256 683 1053 39321 35285 3884 4966 342 475 3095 25097 735 1979 38023 1049 136 5164 131 2841 829 339 1945 1596 27083 9207 1052 757 155 1316 5005 13013 3692 674 4590 15795 13556 9429 9894 6468 9024 11702 1013 225 7971 7098 827 1707 569 4529 1366 9357 6314 4022 3345 2413 9956 2130 4801 1111 7073 696 1852 271 477 70826 117 635 4001 231 7142 109 4246 674 1962 261 512 5445 2429 6705 4984 2659 3140 2932 5461 22 2715 4373 2499 39153 1875 9324 142 106 364 80 19566 961 15091 3598 4556 3995 1106 6531 1277 158 281
leaf_count=354606 487 879 11562 1877 4048 383 2736 4591 1052 2813 181 24970 56211 2230 868 939 1344 403 33737 40012 256 683 1053 39321 35285 3884 4966 342 475 3095 25097 735 1979 38023 1049 136 5164 131 2841 829 339 1945 1596 27083 9207 1052 757 155 1316 5005 13013 3692 674 4590 15795 13556 9429 9894 6468 9024 11702 1013 225 7971 7098 827 1707 569 4529 1366 9357 6314 4022 3345 2413 9956 2130 4801 1111 7073 696 1852 271 477 70826 117 635 4001 231 7142 109 4246 674 1962 261 512 5445 2429 6705 4984 2659 3140 2932 5461 22 2715 4373 2499 39153 1875 9324 142 106 364 80 19566 961 15091 3598 4556 3995 1106 6531 1277 158 281
internal_value=-5.72285e-06 0.0205771 -0.00997493 -0.00310959 0.0268028 0.0217985 0.0106314 0.014289 0.00420432 0.00255175 0.000173475 -0.0138702 -0.0106258 0.0126576 -0.00594226 0.0248962 0.00627404 0.0252717 0.00871874 -0.00906371 -0.00468847 0.000614376 -0.00121147 -0.00745371 0.0342756 -0.00569395 0.0149466 0.00142605 0.00389729 -0.00350234 -0.00639658 -0.0016453 0.00825016 0.0351143 0.00855421 0.037258 0.00243687 0.0217199 -0.0147289 -0.00362643 0.0239616 0.00601313 0.00673668 0.0107042 -0.00385644 0.0239893 0.0333309 0.0318835 0.0325912 0.0395097 0.0167302 0.0121815 0.0205824 0.0109417 0.0027694 0.0183486 0.0162319 0.0282026 0.0197682 0.0103862 0.00699529 0.0102802 0.028763 -0.00228257 -0.00614572 0.01217 0.0240667 0.0340213 -0.00844696 -0.000406197 -0.00604684 -0.00449278 -0.00751697 -0.00299806 0.00503189 0.000667876 0.0382664 0.0376455 0.0047548 -0.00437207 0.044145 0.000666354 -0.00355501 0.0310696 0.0237564 0.0186882 0.0117253 0.00304693 -0.0130077 -0.0135836 0.0261092 -0.0138529 0.00489785 -0.010802 0.014365 0.0199963 -0.00305073 0.0364284 0.00584137 0.00179395 0.0387555 0.00732882 0.00370501 0.000103026 -0.0108492 -0.00551218 0.0265468 -0.00923537 -0.014801 0.00798511 0.0184297 0.0542298 -0.0164175 -0.00364537 0.00634936 0.00694335 0.0214196 0.0191883 0.0257934 0.0110761 0.00564655 -0.00687877 -0.00796564 -0.00399773 -0.0124686 0.0499788
internal_weight=1.17893e+06 384688 794244 287509 236591 141699 148097 41381 17140 147378 24037 506735 112976 124060 52756 100318 74092 99015 51742 140131 11825 22350 73286 100119 94892 27148 81653 46138 32350 8971 88557 27786 42407 87688 4144 52403 12588 1144 60220 4009 1168 7531 23379 29819 46737 5315 888 18462 18079 7017 58697 15404 5640 5586 17370 43293 29737 11062 15897 22956 13932 1168 4183 18953 10982 13840 7204 2527 7174 21640 15305 20255 10681 6659 3292 20274 47894 45483 10318 13788 5701 6715 4863 3958 80553 4677 34372 4869 1575 8195 1816 4827 15176 6491 4851 4560 7424 2906 14502 7797 40682 9764 6624 5948 3367 4592 4509 41820 393759 21783 9727 711 4352 1303 1132 19908 24241 16052 8189 8732 4176 15386 14280 7591 6689 2411
internal_count=1178932 384688 794244 287509 236591 141699 148097 41381 17140 147378 24037 506735 112976 124060 52756 100318 74092 99015 51742 140131 11825 22350 73286 100119 94892 27148 81653 46138 32350 8971 88557 27786 42407 87688 4144 52403 12588 1144 60220 4009 1168 7531 23379 29819 46737 5315 888 18462 18079 7017 58697 15404 5640 5586 17370 43293 29737 11062 15897 22956 13932 1168 4183 18953 10982 13840 7204 2527 7174 21640 15305 20255 10681 6659 3292 20274 47894 45483 10318 13788 5701 6715 4863 3958 80553 4677 34372 4869 1575 8195 1816 4827 15176 6491 4851 4560 7424 2906 14502 7797 40682 9764 6624 5948 3367 4592 4509 41820 393759 21783 9727 711 4352 1303 1132 19908 24241 16052 8189 8732 4176 15386 14280 7591 6689 2411
is_linear=0
shrinkage=0.03


Tree=26
num_leaves=127
num_cat=0
split_feature=28 28 28 33 28 34 33 36 13 27 28 34 27 28 27 27 26 27 28 33 30 28 36 14 1 27 18 18 18 28 28 18 18 34 34 34 36 4 32 11 16 18 27 18 14 29 28 27 36 33 36 33 27 27 34 28 34 27 27 18 28 36 27 4 28 33 36 8 33 33 14 27 8 16 18 13 33 36 27 34 27 27 14 33 14 34 34 16 28 27 28 16 33 33 25 11 1 4 18 8 8 34 4 1 34 25 33 14 34 33 27 34 18 27 33 18 34 18 27 27 28 33 16 18 34 34
split_gain=252904 24902.1 22204.9 10193.6 9249.65 4631.91 3575.14 2978.11 2814.33 2660.4 2488.04 2005.35 2001.7 1536.53 1298.28 1239.57 1123.29 1205.61 988.393 928.21 1569.1 848.938 877.017 789.646 694.192 669.44 659.328 656.376 600.659 597.901 590.087 572.285 552.689 543.269 539.995 2066.46 600.537 530.242 495.601 491.046 480.443 476.455 471.091 466.762 464.755 458.638 567.448 456.131 438.287 429.856 697.551 411.293 400.544 392.724 391.208 389.869 372.991 535.811 369.556 352.441 351.644 508.459 348.378 335.749 374.364 516.184 733.854 414.635 402.863 326.753 428.27 325.276 324.628 324.112 319.457 343.066 318.843 725.485 377.027 484.712 319.859 316.188 306.498 306.433 304.512 303.962 380.695 302.138 301.536 300.656 298.303 298.231 295.115 288.031 283.753 283.64 282.605 281.177 281.156 276.751 275.191 272.362 267.334 362.698 350.556 499.017 266.566 266.26 265.468 256.263 253.953 252.125 251.643 249.598 465.761 397.615 249.579 246.351 1116.38 359.153 246.042 242.987 241.279 237.241 236.544 228.54
threshold=1.1219645237111375 2.8540401012035619 0.16624505300930573 0.052765155592741718 9.8717944032260636 1.4676774517475548 0.025781629466387009 0.063014685086042466 1.0000000180025095e-35 0.099375729063849991 0.51785501459197014 0.57852776937170458 0.11707930328284365 0.047955041778041364 0.01186526339151811 0.033161635488878433 1.0000000180025095e-35 0.059085600481039259 6.1356744592253847 0.064279935275080927 0.067274736675500726 13.204086036603259 0.0084708063553290188 0.5778965649778639 439.50000000000006 0.014973846545325393 2.5000000000000004 3.5000000000000004 3.5000000000000004 0.91667256235770611 0.16103285251108321 2.5000000000000004 1.0000000180025095e-35 0.5849006463807539 0.55459749839321704 0.24512402110014134 0.01384857714641711 192.50000000000003 1.5093702000281364e-05 1.720779220779221 1.5000000000000002 16.500000000000004 0.010013046234375276 1.5000000000000002 0.99639375002362851 0.0006963784507029977 84.027302325581402 0.20605551506466876 0.12942044372277478 0.0080217689457467538 0.0080016569810327908 0.027134046125247575 0.019917040144941358 0.049751265945630792 0.10454762467725338 0.11215773106761434 1.9057618361605384 0.0010467403708775711 0.072780586798747993 1.0000000180025095e-35 0.010371837600152969 0.017348284266447907 0.10975387182562446 12.500000000000002 0.86263596536956488 0.030108967304056978 0.037784930604639215 50.500000000000007 0.047391380513516074 0.014562065081279062 0.93119681342480332 0.043143240023823713 3.5000000000000004 7.5000000000000009 1.0000000180025095e-35 5.5000000000000009 0.11144335091509766 0.10182190558759598 0.033161635488878433 2.2663075255637577 0.031448058896583746 0.20833333333333337 0.99136430489243821 0.0082937579318871097 0.019253938832252088 8.7563879495090848 3.3484883021927287 6.5000000000000009 0.80943696615710636 0.010013046234375276 0.80139390966197055 1.5000000000000002 0.014480431760556954 0.028800942012315072 1.0000000180025095e-35 9.7500000000000018 35.500000000000007 219.00000000000003 14.500000000000002 44.500000000000007 51.500000000000007 8.7563879495090848 72.500000000000014 1118.5000000000002 40.449121484004422 0.25881904510252057 0.077160011493847283 0.99434615785180824 0.30742682852225317 0.052765155592741718 0.039898036678820241 2.3148474769376115 10.500000000000002 0.0040397150012150594 0.048040678060612831 7.5000000000000009 0.10924732958422818 1.0000000180025095e-35 0.0043765384696261419 0.0098611336541069971 0.38875824738600939 0.030108967304056978 1.0000000180025095e-35 2.5000000000000004 0.57105190082441804 0.10924732958422818
decision_type=2 2 2 2 2 2 2 2 2 2 2 2 2 2 2 2 2 2 2 2 2 2 2 2 2 2 2 2 2 2 2 2 2 2 2 2 2 2 2 2 2 2 2 2 2 2 2 2 2 2 2 2 2 2 2 2 2 2 2 2 2 2 2 2 2 2 2 2 2 2 2 2 2 2 2 2 2 2 2 2 2 2 2 2 2 2 2 2 2 2 2 2 2 2 2 2 2 2 2 2 2 2 2 2 2 2 2 2 2 2 2 2 2 2 2 2 2 2 2 2 2 2 2 2 2 2
left_child=2 6 7 11 5 8 12 60 9 34 16 24 32 -9 28 85 89 42 124 20 23 22 108 -8 43 -21 29 45 -12 63 55 39 48 -28 35 54 -37 38 71 49 -19 76 59 120 -44 46 72 53 116 -20 -51 -22 -26 95 -3 56 -15 -58 73 -18 -1 -62 -29 -13 65 67 -67 -65 -66 -54 -71 90 -23 -53 -59 -76 78 110 79 -27 -81 -74 -33 -36 -32 86 -7 -73 -40 91 -16 -5 -56 -55 -38 111 -64 -11 -25 -95 -34 -80 103 -47 -104 -106 -39 -43 -6 -87 -78 -17 121 115 117 -63 -2 119 -119 -115 -4 -35 -121 -101 -10 -122
right_child=1 4 3 10 21 15 19 13 18 97 14 26 -14 30 37 47 17 40 31 25 51 27 -24 98 52 41 33 62 -30 -31 84 82 100 112 83 36 94 106 88 -41 -42 107 44 -45 -46 102 -48 -49 -50 50 -52 58 69 93 92 -57 57 74 -60 -61 61 113 96 64 68 66 -68 -69 -70 70 -72 87 81 -75 75 -77 77 -79 101 80 -82 -83 -84 -85 -86 109 -88 -89 -90 -91 -92 -93 -94 99 -96 -97 -98 -99 -100 123 -102 -103 104 -105 105 -107 -108 -109 -110 -111 -112 -113 -114 114 -116 -117 -118 118 -120 122 125 -123 -124 -125 -126 -127
leaf_value=-0.015154473264835294 -0.019471213718579655 -0.016571817573570242 -0.012241142556697625 -0.017605203459299907 0.044711113599630502 0.038239291509425455 0.009513059111465506 -0.014731372549634752 -0.0036318951508504632 0.019419408855148212 -0.010878933049393016 -0.012646611404444048 0.0099253203950032953 -0.01714416174736429 0.0089651981394656775 0.026787472848956651 -0.015686171755403971 -0.011662453097610286 0.0075200219296859298 -0.0041247950870407337 0.02189210206389048 0.030966055861711431 0.03025810904149032 0.00022326884250370061 -0.015467608534700408 0.032346697478123736 0.011577047908184295 0.00015321863642553003 0.023213539605108753 0.0070172234535669778 -0.0031277907041034527 0.015590512746890724 -0.011146840730549072 -0.013079328441843036 0.042802632543229566 0.076552548178985935 0.043021385826145689 -0.012725452778197701 0.010026685735070416 0.049596544804641741 -0.00024653875881339816 0.0078357843146743857 0.0055014369017659832 -0.014240422857831374 -0.0078503187307345304 0.008151693354783102 0.058623495397379308 0.022209367349159775 0.03229882837308419 0.047990030988058305 0.023191471350233306 0.0051810923725967616 -0.0090447900225491401 -0.021006467215782774 0.025343263055562136 -0.009223979555752904 0.089795271396636969 0.0045838321985588251 0.013905985188541022 0.0068970408154690232 -0.014594937915647801 -0.013968278916446799 0.025366540557429793 -0.0058577236731946628 0.0018742882763987691 0.0075229652232806131 -0.0051555976363231561 0.026901064051336115 -0.018744124323465266 0.0016273274852463529 -0.0098205688564432635 0.0091852840049977003 0.041462453715217319 -0.030420220179863979 -0.010402506834457708 0.0008083105427617506 -0.017507772771230182 0.023430216274557936 0.016184084366494964 -0.025526617507139842 0.016784061969354235 0.035948175873450519 -0.0091436481738004904 -0.010868737700594088 0.023037824511492364 0.016326375025730588 0.06429731880880786 0.0017604150668768829 0.020921466356627564 0.006157257303596504 0.016906227024921117 0.011662645794828582 -0.0048927422738311308 0.02812884438110335 -0.0031493335243445541 0.09742043773333231 0.039475280757477679 0.038857213365393738 -0.02317508438369259 0.026248523289365229 0.030355066346795592 0.11944549332494321 0.030455324289820365 0.13775048875808715 0.18786690450483753 0.033451429158449168 0.0045921988589350737 -0.017412641122327533 -0.00066824626745492133 0.078317201448523471 0.0041537696701740585 -0.015720105356991747 -0.018716713760240394 -0.010831462371000867 -0.00040639318337182061 0.014486380056081331 0.00059505014620801495 0.041941962874079322 -0.013273145635526661 0.0037271605973994773 -0.014424327079368176 -0.0048764900676656489 -0.0099195529703320889 0.013435659844958177 0.015659289827427036 -0.0067326890562886006
leaf_weight=181589 614 1834 19285 965 130 1128 14731 11564 1771 2644 4077 2953 12741 1175 11666 185 2207 14227 1236 1557 5641 6913 30866 12455 3474 3018 1136 410 525 6331 588 2367 9517 5554 97 335 301 1261 3807 729 4327 2482 14925 33891 2784 688 1115 72707 370 1171 7962 1438 8917 113 427 6539 60 7818 24206 866 159118 48984 5617 14984 1345 10324 6825 356 2331 10061 4156 13148 14932 274 3953 6490 747 1574 46452 180 1508 25073 557 7369 1254 461 913 7894 5724 19375 6704 464 909 28766 199 27 1654 897 480 2983 146 23 6316 20 31 48 2188 443 1079 69 1400 391 2461 23501 3575 446 6100 332 44923 2855 4063 7835 1971 2306 845 24093
leaf_count=181589 614 1834 19285 965 130 1128 14731 11564 1771 2644 4077 2953 12741 1175 11666 185 2207 14227 1236 1557 5641 6913 30866 12455 3474 3018 1136 410 525 6331 588 2367 9517 5554 97 335 301 1261 3807 729 4327 2482 14925 33891 2784 688 1115 72707 370 1171 7962 1438 8917 113 427 6539 60 7818 24206 866 159118 48984 5617 14984 1345 10324 6825 356 2331 10061 4156 13148 14932 274 3953 6490 747 1574 46452 180 1508 25073 557 7369 1254 461 913 7894 5724 19375 6704 464 909 28766 199 27 1654 897 480 2983 146 23 6316 20 31 48 2188 443 1079 69 1400 391 2461 23501 3575 446 6100 332 44923 2855 4063 7835 1971 2306 845 24093
internal_value=-5.55114e-06 0.0199598 -0.00967568 -0.0030163 0.0259987 0.0211446 0.0103124 -0.013454 0.0110305 0.00161265 0.00379643 -0.0077001 0.000964152 -0.00553775 0.00828776 0.0240533 -0.000459961 -0.00344167 0.019528 0.0126365 0.00997907 0.0332473 0.0292763 0.00476374 -0.0101754 0.0152869 -0.00342062 0.035275 -0.00698964 -0.00153592 -0.00172403 0.0226863 -0.00585344 -0.00846345 -0.00540412 0.00348294 0.0454704 0.0096297 0.0104309 0.0257972 -0.00900013 0.0158096 0.00152089 -0.0115515 0.00340243 0.0364195 0.0374717 0.0235609 0.000511723 0.024124 0.0263711 0.0145511 -0.00596921 0.026387 -0.00757686 -0.002885 -0.000758897 0.000291957 0.0129533 -0.00932201 -0.0141222 -0.0134661 0.0270588 -0.0029202 -0.002126 -0.0010993 0.00247712 -0.00509748 -0.0112001 -0.00454284 -0.00171919 0.00894632 0.0369691 -0.000516781 -2.12332e-06 -0.00343533 0.0164381 0.00795919 0.0170545 0.0251462 0.0122723 0.0380064 0.0108788 -0.0101714 0.0146853 0.0446393 0.0498958 0.00639981 0.0165697 0.00517782 0.0118632 -0.00810186 0.00477101 0.0268105 0.0246454 0.00238719 0.028576 0.0243434 -0.000645012 0.0269692 -0.0105198 0.0162352 0.0293043 0.0118127 0.0312409 0.0940448 -0.00173936 0.00401183 0.00421125 0.0243969 -0.00338287 -0.0020675 -0.00989979 -0.0120472 -0.010981 -0.0137115 -0.00124002 -0.0114947 -0.0128681 -0.00930069 -0.00963064 -0.00827918 -0.00184633 0.0206621 0.00259939 -0.00784262
internal_weight=1.17893e+06 384688 794244 287509 236591 141699 148097 506735 31650 15012 117134 170375 29488 39441 56994 110049 60140 39336 16638 118609 59225 94892 32075 27666 107940 59384 62435 62817 4602 45449 27877 14022 16747 16986 11471 4005 835 52392 48943 11098 18554 57827 20782 81332 17709 55136 48033 107478 7084 10369 9133 31559 26608 34771 3170 26035 19496 18321 25918 3073 467294 285705 7681 39118 36165 32489 17149 15340 3676 23134 14217 39412 46918 1712 18261 10443 54902 3721 51181 4706 1688 40005 2924 7466 1842 2571 2041 21042 9531 20804 18370 1429 1336 34168 500 603 7271 3541 12935 34055 9663 46475 7103 708 6395 79 3449 2925 1209 530 2147 576 15850 126587 77157 49430 6714 73582 45255 28327 47441 13389 4826 5289 2616 28156
internal_count=1178932 384688 794244 287509 236591 141699 148097 506735 31650 15012 117134 170375 29488 39441 56994 110049 60140 39336 16638 118609 59225 94892 32075 27666 107940 59384 62435 62817 4602 45449 27877 14022 16747 16986 11471 4005 835 52392 48943 11098 18554 57827 20782 81332 17709 55136 48033 107478 7084 10369 9133 31559 26608 34771 3170 26035 19496 18321 25918 3073 467294 285705 7681 39118 36165 32489 17149 15340 3676 23134 14217 39412 46918 1712 18261 10443 54902 3721 51181 4706 1688 40005 2924 7466 1842 2571 2041 21042 9531 20804 18370 1429 1336 34168 500 603 7271 3541 12935 34055 9663 46475 7103 708 6395 79 3449 2925 1209 530 2147 576 15850 126587 77157 49430 6714 73582 45255 28327 47441 13389 4826 5289 2616 28156
is_linear=0
shrinkage=0.03


Tree=27
num_leaves=127
num_cat=0
split_feature=28 28 28 34 28 34 36 36 13 28 27 27 36 28 27 27 5 26 27 36 7 27 5 5 28 36 3 28 34 5 9 5 18 13 8 17 9 3 36 28 3 3 7 5 34 3 36 3 7 13 34 25 14 0 7 29 28 9 14 27 27 5 3 24 25 0 3 3 7 27 18 14 5 18 28 34 27 5 34 27 0 0 12 25 14 34 15 17 0 8 5 36 34 3 14 13 8 3 12 0 36 28 0 34 36 36 14 27 3 5 4 3 36 24 34 36 10 27 36 1 1 3 15 27 3 27
split_gain=237958 23430.4 20892.6 9457.9 8702.99 4358.16 3080.5 2802.1 2648 2644.68 2503.17 1645.35 1475.8 1445.72 1166.31 1160.29 1011.27 1001.52 984.485 1158.62 949.911 852.719 904.954 953.56 798.766 825.185 774.93 728.637 721.825 697.455 682.306 635.032 617.584 616.233 625.517 616.001 611.5 608.815 600.119 555.213 553.846 523.545 619.497 506.751 504.634 491.827 509.193 487.914 706.364 914.45 486.174 479.63 461.282 444.524 434.12 431.532 533.912 462.651 430.325 429.174 421.524 530.37 473.618 410.11 401.227 401.172 387.247 372.357 513.172 369.514 356.723 349.806 344.487 333.123 331.625 371.048 329.953 329.38 329.268 327.789 327.352 336.318 317.585 314.991 312.669 312.105 306.749 357.41 306.62 306.363 293.76 293.065 657.769 363.337 331.014 318.898 291.867 320.496 290.406 289.981 290.432 288.41 286.564 648.971 643.083 292.539 286.515 284.908 458.196 281.541 300.462 275.228 345.079 274.417 272.419 569.321 272.311 316.8 267.421 266.233 265.903 265.301 264.208 641.226 438.117 534.125
threshold=1.1219645237111375 2.8540401012035619 0.16624505300930573 0.57852776937170458 9.8717944032260636 1.4676774517475548 0.019274753306614746 0.063014685086042466 1.0000000180025095e-35 0.51785501459197014 0.099375729063849991 0.084262691792812289 0.048414267926463056 0.047955041778041364 0.033161635488878433 0.01186526339151811 3383.5000000000005 1.0000000180025095e-35 0.051654107958206123 0.074368616679201693 5.5000000000000009 0.059085600481039259 3387.5000000000005 3992.0000000000005 13.204086036603259 0.0084708063553290188 42.500000000000007 1.7504223575997926 0.5849006463807539 4104.5000000000009 33.500000000000007 3358.5000000000005 3.5000000000000004 1.0000000180025095e-35 43.500000000000007 5.5000000000000009 42.500000000000007 145.50000000000003 0.049414510585311752 0.16103285251108321 42.500000000000007 138.50000000000003 14.500000000000002 2384.5000000000005 0.53740049633641906 12.500000000000002 0.082711815195891644 138.50000000000003 13.500000000000002 1.0000000180025095e-35 0.23311672308941855 -0.70710678118654757 0.97164209548437264 39.500000000000007 11.500000000000002 0.0006963784507029977 84.027302325581402 8.5000000000000018 0.85352528736329614 0.20605551506466876 0.037060995412595596 3225.5000000000005 158.50000000000003 0.91597561503675362 -0.12940952255126037 189.50000000000003 42.500000000000007 40.500000000000007 14.500000000000002 0.049751265945630792 2.5000000000000004 0.98886438135585109 3383.5000000000005 4.5000000000000009 0.11215773106761434 0.59052502632849191 0.076487999272432647 3982.5000000000005 0.59052502632849191 0.10975387182562446 63.500000000000007 47.500000000000007 0.025982062491963488 -0.5 0.7294405633384119 0.1362768408773313 1.5000000000000002 4.5000000000000009 35.500000000000007 45.500000000000007 3376.5000000000005 0.12310606060606062 4.5229126174534757 79.500000000000014 0.804752981041985 4.5000000000000009 52.500000000000007 26.500000000000004 0.666434863235976 56.500000000000007 0.020809122986465488 0.11215773106761434 107.50000000000001 0.63152790712306195 0.030490724865750832 0.019891600844422309 0.019253938832252088 0.010013046234375276 140.50000000000003 3340.5000000000005 219.00000000000003 137.50000000000003 0.06098328484421979 -1.0000000180025095e-35 0.11153207711307188 0.0091432307296578936 1.0000000180025095e-35 0.043143240023823713 0.11517817256447892 753.50000000000011 35.500000000000007 26.500000000000004 1.5000000000000002 0.0098611336541069971 91.500000000000014 0.0098611336541069971
decision_type=2 2 2 2 2 2 2 2 2 2 2 2 2 2 2 2 2 2 2 2 2 2 2 2 2 2 2 2 2 2 2 2 2 2 2 2 2 2 2 2 2 2 2 2 2 2 2 2 2 2 2 2 2 2 2 2 2 2 2 2 2 2 2 2 2 2 2 2 2 2 2 2 2 2 2 2 2 2 2 2 2 2 2 2 2 2 2 2 2 2 2 2 2 2 2 2 2 2 2 2 2 2 2 2 2 2 2 2 2 2 2 2 2 2 2 2 2 2 2 2 2 2 2 2 2 2
left_child=2 6 7 30 5 8 11 74 10 17 26 66 28 -9 53 35 18 38 19 84 40 22 45 116 25 -6 102 37 -11 76 33 73 55 50 -35 111 70 44 -5 43 64 67 -43 -15 -20 -19 52 48 -29 118 -4 114 -47 58 -49 56 57 -26 -7 69 61 62 -42 -53 -10 -56 -2 68 83 -16 99 -46 -59 96 -1 -76 -18 -33 -13 -34 81 88 85 -23 -8 -68 98 -88 -27 -36 -71 92 -21 -93 -95 -94 97 -17 -55 -30 -101 -45 103 105 -105 -3 -41 108 -40 110 -52 -14 -113 -37 -28 -116 117 -24 -50 -12 -81 -77 124 -124 125 -123
right_child=1 4 3 9 24 14 16 13 20 12 119 78 15 39 59 31 29 21 27 91 -22 41 23 -25 32 80 51 47 36 -31 -32 77 79 34 89 113 -38 -39 107 106 60 42 -44 101 71 46 -48 54 49 -51 109 63 -54 86 65 -57 -58 72 -60 -61 -62 -63 -64 -65 -66 -67 82 -69 -70 90 -72 -73 -74 -75 75 121 -78 -79 -80 120 -82 -83 -84 -85 -86 -87 87 -89 -90 -91 -92 93 95 94 -96 -97 -98 -99 -100 100 -102 -103 -104 104 -106 -107 -108 -109 -110 -111 -112 112 -114 -115 115 -117 -118 -119 -120 -121 -122 122 123 -125 -126 -127
leaf_value=-0.013964542731189564 -0.014695421521949907 0.0094914269873659744 -0.0092624725396698981 -0.0047993015291779694 0.0040849177259720737 -0.021036206883720203 0.0029391881721049606 -0.014289430949916861 0.021563790736196683 0.018889963935863782 0.016945448720395811 0.0056190297107845478 -0.011723280460788655 -0.0077342874899547611 0.002315570531848503 0.00057023686318224455 0.021516430337187923 -0.012958961117212781 -0.0083844860467371472 0.013548216813740813 9.3105392323959575e-06 -0.01629481640939439 0.020915475083938637 -0.0078810401972728272 0.029629759575255408 0.031647111581057222 -0.034540782464402064 0.013154640323476218 -0.0069361419561788989 0.0069162693249469297 -0.013615221387017772 0.014616654853038827 0.00014862206669115439 -0.012161330883853088 0.0061364321684596705 0.062759580957009259 -0.0087002930932580762 0.024759571527539607 -0.014220476880740776 -0.0030339569007331616 0.029066541622918714 -0.01754919074207879 0.027597173314803922 0.0028030885316776563 0.0092148519017209961 -0.003041855924018933 0.0045661560408644776 0.014178206668276728 -0.019236694349154655 0.018698035337940497 -0.0061135421721929947 -0.0070851058022105865 -0.01464696094608567 0.050206010587323283 0.014041935099183139 0.028425212169304409 0.056864790696283224 0.036476940178884747 0.10121157069360055 0.021543086404501963 0.019420967978083119 0.047904032852881008 -0.02196128764867105 0.031167857062248956 0.0071908332229258468 0.028868913494385088 -0.017631760825601858 -0.01320749042334987 0.03471628862385457 0.024116558614380845 -0.00617497319400237 -0.0033725809124853659 0.047338702479812374 0.00099119568822925489 -0.013148064644590677 -0.011963124939736159 0.014148137010828843 0.0035833021765531662 0.017908919647365393 0.024605544333036796 0.02628796922819716 0.034962782994956483 -0.0084949377245020323 -0.00061742232763952202 -0.0064311041562340621 0.0073440113874955254 0.022046946637681308 0.083417398618026203 0.013937795207403333 -0.0065940654475387401 0.030100999751234172 0.10321506445224468 -0.026750567399712995 0.029728875529340924 -0.0077921438940797179 0.0074127703180937006 0.00052153041992532745 0.010589966837883586 0.096425125858837502 -0.0078851198493947623 0.0078901912505041638 -0.0075998911871125981 -0.012329891327733419 0.099420437108386647 -0.017166172772645951 0.048309889508330303 0.022346690006857142 0.0059827533446553186 0.037594213338196278 0.0068478483410364423 0.0062057026457077134 0.041562019562098519 -0.019530095319512861 0.0020637180474706186 0.084318046966251337 0.020119125843048095 0.0065889575673630171 -0.015032111168897003 0.019191694898499968 0.033761694031632226 0.038291022151478026 0.051634729403954041 0.042483475585975268 -0.012380948977894891 -0.011685675507102479 0.0041224544133204935
leaf_weight=420689 4301 727 10090 7600 1209 158 8136 11564 4364 1557 2137 7461 4030 10890 603 3334 15481 5378 2058 7859 2086 1777 2612 3709 8731 2192 56 31371 1853 5333 31759 17340 410 38718 1963 157 8462 1627 1256 588 2343 445 710 12157 13737 15368 6120 11120 1637 1158 7350 1266 3856 1528 2538 7103 1115 35348 31 72707 3225 1528 176 315 2916 4654 534 13765 293 23379 4257 2323 2839 7932 31533 6554 8458 2833 2662 5617 15569 11635 4903 3287 5288 2873 622 99 1470 12763 10789 52 578 1083 263 428 4072 20784 133 1194 8730 2988 6784 44 1320 230 1254 19577 175 3453 2352 201 142 117 159 570 5897 241 181 1404 1654 231 202 3768 1592 2725
leaf_count=420689 4301 727 10090 7600 1209 158 8136 11564 4364 1557 2137 7461 4030 10890 603 3334 15481 5378 2058 7859 2086 1777 2612 3709 8731 2192 56 31371 1853 5333 31759 17340 410 38718 1963 157 8462 1627 1256 588 2343 445 710 12157 13737 15368 6120 11120 1637 1158 7350 1266 3856 1528 2538 7103 1115 35348 31 72707 3225 1528 176 315 2916 4654 534 13765 293 23379 4257 2323 2839 7932 31533 6554 8458 2833 2662 5617 15569 11635 4903 3287 5288 2873 622 99 1470 12763 10789 52 578 1083 263 428 4072 20784 133 1194 8730 2988 6784 44 1320 230 1254 19577 175 3453 2352 201 142 117 159 570 5897 241 181 1404 1654 231 202 3768 1592 2725
internal_value=-5.38459e-06 0.019361 -0.00938541 -0.00292581 0.0252188 0.0205102 0.010003 -0.0130504 0.0106996 0.0013087 0.00156427 -0.000157235 0.00505938 -0.00537162 0.0233317 0.00761419 0.0118456 -0.00223539 0.0103584 0.00504944 0.0189422 -0.00433628 -0.00195321 0.00486659 0.0322499 0.028398 -0.005242 0.0120952 -0.000916716 0.0167274 -0.00991751 0.0088035 0.0342167 -0.00838618 -0.0101597 -0.00679351 -0.00217566 0.00718047 0.00242477 -0.00167231 0.0216562 -0.00941115 0.0102031 -0.00279845 0.00560187 -0.00471891 -0.00297037 0.0139381 0.0118296 -0.00213859 -0.00430852 0.0100542 -0.00536964 0.0433002 0.017893 0.035327 0.0363476 0.03586 -0.000984984 0.0228541 0.0275121 0.0339597 0.0255013 0.000536452 0.0158067 0.0236366 -0.00738813 -0.0105959 -0.00388529 0.0255954 0.00126774 0.00739414 0.0372845 0.00642237 -0.0136985 -0.0112974 0.0189131 0.0130672 0.00885085 0.0262471 0.0293504 0.0324672 -0.0036061 -0.00611875 -0.00075197 0.00342941 0.046814 0.0304737 0.0245382 -0.00489707 0.0260062 0.0126377 0.0106245 0.0254036 0.0223975 -0.0122159 0.00795058 0.00920487 0.0539069 0.00395804 0.00599219 0.000750655 -0.00921684 -0.000117754 -0.0134053 0.0188208 0.0142447 0.0050382 -0.00788395 -0.000508788 -0.00312706 -0.00952758 0.0162702 0.036842 0.0292232 0.0341214 0.0102701 0.0178789 -0.0154108 0.0236131 0.0277187 -0.00742558 -0.00393426 -0.00958936 0.00100214 0.00783536
internal_weight=1.17893e+06 384688 794244 287509 236591 141699 148097 506735 31650 179061 15012 22734 86995 39441 110049 60942 125363 92066 96091 23687 16638 63458 43181 12459 94892 32075 11471 72404 26053 29272 108448 56295 62817 76689 53444 4647 24496 19745 28608 27877 14552 20277 1155 26035 18118 30722 25344 52659 34347 2976 23245 2366 19224 2571 18312 55136 48033 46918 189 107478 7272 4047 2519 1581 7280 7192 12611 19122 5357 34771 16034 16060 38187 36122 467294 46605 23939 20173 10123 7681 30866 15297 8310 5064 13424 3407 2382 721 3662 14726 34168 10263 8865 1398 1346 1006 28190 24118 1661 11777 9924 15145 9105 2321 1364 957 1842 21008 1431 13155 9702 4373 343 274 785 729 8750 2853 1818 3541 7271 15072 8518 3970 4548 2956
internal_count=1178932 384688 794244 287509 236591 141699 148097 506735 31650 179061 15012 22734 86995 39441 110049 60942 125363 92066 96091 23687 16638 63458 43181 12459 94892 32075 11471 72404 26053 29272 108448 56295 62817 76689 53444 4647 24496 19745 28608 27877 14552 20277 1155 26035 18118 30722 25344 52659 34347 2976 23245 2366 19224 2571 18312 55136 48033 46918 189 107478 7272 4047 2519 1581 7280 7192 12611 19122 5357 34771 16034 16060 38187 36122 467294 46605 23939 20173 10123 7681 30866 15297 8310 5064 13424 3407 2382 721 3662 14726 34168 10263 8865 1398 1346 1006 28190 24118 1661 11777 9924 15145 9105 2321 1364 957 1842 21008 1431 13155 9702 4373 343 274 785 729 8750 2853 1818 3541 7271 15072 8518 3970 4548 2956
is_linear=0
shrinkage=0.03


Tree=28
num_leaves=127
num_cat=0
split_feature=28 28 28 37 28 37 37 36 28 27 28 5 27 17 36 37 36 27 36 36 26 27 37 37 18 37 18 37 36 28 17 5 14 14 17 5 28 18 8 28 27 5 5 36 13 27 27 37 37 17 25 14 5 16 37 28 8 28 27 27 36 8 10 37 18 37 29 7 36 6 10 28 36 36 5 5 28 5 16 28 16 28 27 25 5 30 5 18 5 5 36 11 14 16 10 36 37 5 5 5 24 36 6 12 14 36 5 8 16 37 27 17 37 36 5 14 27 5 24 36 8 27 5 16 17 27
split_gain=223894 22045.6 19657.9 9010.57 8188.65 2964.88 2737.05 2636.5 1913.63 1541.2 1360.28 1235.36 1152.48 3798.45 1763.1 1420.21 1049.67 1104.69 910.921 973.994 890.112 893.909 870.164 796.773 782.581 704.468 698.236 658.526 649.197 721.597 636.496 630.071 627.185 612.606 579.595 564.096 554.754 536.081 534.723 530.564 526.039 494.123 492.933 476.303 475.762 471.663 468.921 446.999 711.307 424.92 415.807 410.098 393.114 389.499 426.753 393.868 384.077 379.115 377.687 373.288 407.161 370.451 360.359 389.212 359.43 350.026 443.949 347.557 342.997 372.011 333.175 325.609 471.366 325.418 322.991 360.3 437.008 631.327 322.297 319.927 764.806 463.286 387.969 373.161 337.081 317.64 314.189 311.314 303.694 514.661 296.272 295.397 292.04 291.212 288.795 403.362 288.67 288.142 421.81 289.261 287.038 298.178 538.466 320.07 284.644 282.905 279.995 279.645 327.612 289.134 267.698 311.444 264.982 263.265 261.365 260.137 427.263 259.405 258.199 257.414 256.831 268.808 255.935 251.419 250.803 250.097
threshold=1.1219645237111375 2.8540401012035619 0.16624505300930573 1.653324433043269 9.8717944032260636 0.34890983914268764 0.09950595727325684 0.063014685086042466 0.51785501459197014 0.12919164370855429 0.047955041778041364 1664.5000000000002 0.071646505472169913 1.0000000180025095e-35 0.0086639314808855568 2.0956141794453682 0.049414510585311752 0.01186526339151811 0.020809122986465488 0.029382584257603459 1.0000000180025095e-35 0.040027885387527475 0.73453215596083743 0.8941782614145507 2.5000000000000004 0.24158594618482945 2.5000000000000004 0.27530424784088542 0.047554435614137115 1.7504223575997926 7.5000000000000009 3387.5000000000005 0.00082815862786974985 0.87314940611558722 5.5000000000000009 3358.5000000000005 16.4758353209752 5.5000000000000009 43.500000000000007 0.1650621005818729 0.11621467663383581 2384.5000000000005 3260.5000000000005 0.086461460944238414 1.0000000180025095e-35 0.040917708905622172 0.037060995412595596 7.5241748518134637 12.018821317682066 2.5000000000000004 1.0000000180025095e-35 0.019253938832252088 3992.0000000000005 4.5000000000000009 0.34890983914268764 28.394698105086324 48.500000000000007 0.634234399382126 0.049751265945630792 0.12955135696662776 0.016777584690451895 44.500000000000007 4.7500000000000009 1.7026858551990689 1.0000000180025095e-35 10.895242786555082 0.0006963784507029977 7.5000000000000009 0.0091432307296578936 843.50000000000011 1.0000000180025095e-35 0.010371837600152969 0.017348284266447907 0.082711815195891644 3268.5000000000005 3982.5000000000005 0.052310143307246676 3924.5000000000005 6.5000000000000009 1.2619127940524837 1.0000000180025095e-35 1.2251864002152961 0.049436297465138446 0.78656609248549303 3373.5000000000005 0.028041739051188914 1685.5000000000002 10.500000000000002 4104.5000000000009 3826.5000000000005 0.049414510585311752 2.477272727272728 0.97164209548437264 2.5000000000000004 6.2500000000000009 0.11913300884261581 0.35472288189951701 4044.5000000000005 3928.5000000000005 2606.5000000000005 0.60355339059327384 0.038277474009009847 3362.5000000000005 0.99993545055512534 0.62297273603927428 0.05192589875275129 3982.5000000000005 8.5000000000000018 1.0000000180025095e-35 1.1994178393686667 0.010013046234375276 2.5000000000000004 0.061955593080448498 0.029382584257603459 3383.5000000000005 0.13335676861012072 0.063362494354582424 4629.5000000000009 -1.0000000180025095e-35 0.01261928087643773 52.500000000000007 0.2412725848941962 4923.5000000000009 17.500000000000004 6.5000000000000009 0.10975387182562446
decision_type=2 2 2 2 2 2 2 2 2 2 2 2 2 2 2 2 2 2 2 2 2 2 2 2 2 2 2 2 2 2 2 2 2 2 2 2 2 2 2 2 2 2 2 2 2 2 2 2 2 2 2 2 2 2 2 2 2 2 2 2 2 2 2 2 2 2 2 2 2 2 2 2 2 2 2 2 2 2 2 2 2 2 2 2 2 2 2 2 2 2 2 2 2 2 2 2 2 2 2 2 2 2 2 2 2 2 2 2 2 2 2 2 2 2 2 2 2 2 2 2 2 2 2 2 2 2
left_child=2 5 7 18 6 9 49 71 20 64 -9 33 13 14 25 22 46 34 38 27 90 31 50 53 30 -8 42 -20 29 -13 62 73 -23 45 -18 87 -25 65 44 41 56 -12 86 -24 -4 -7 -10 78 -49 68 -16 -41 70 55 -55 -6 -35 107 67 60 -14 117 63 -15 112 66 114 -40 69 -3 -33 -1 -73 92 -74 76 -76 -78 -17 80 81 -30 94 -83 115 96 -21 120 89 -44 -5 113 -22 -48 95 -82 -61 98 99 -43 101 103 -103 -67 -64 -84 -37 108 -29 -109 111 -92 -2 122 -38 116 -81 -57 -36 -11 121 -19 -26 -31 -69 -39
right_child=1 4 3 8 23 11 12 10 16 119 39 28 59 24 15 47 17 35 19 26 21 32 43 36 91 -27 -28 57 79 123 -32 52 -34 40 118 106 37 125 58 51 -42 97 88 -45 -46 -47 93 48 -50 -51 -52 -53 -54 54 -56 61 -58 -59 -60 85 -62 -63 104 -65 -66 100 -68 124 -70 -71 -72 72 74 -75 75 -77 77 -79 -80 84 82 83 105 -85 -86 -87 -88 -89 -90 -91 110 -93 -94 -95 -96 -97 -98 -99 -100 -101 -102 102 -104 -105 -106 -107 -108 109 -110 -111 -112 -113 -114 -115 -116 -117 -118 -119 -120 -121 -122 -123 -124 -125 -126 -127
leaf_value=-0.014280902690353516 -0.021115890245662374 -0.017455546476879226 -0.0076001133240656688 -0.0052131387352800677 0.01832258105462262 -0.0021107417386966726 0.013479242720292328 -0.013860748059063793 -0.010316873340186343 0.022316898965265938 -0.0072850733878499132 0.0027320618912228742 -0.018007300415116806 0.034013908815718176 0.023101404270973885 0.037437512850545973 -0.0092417571703966618 0.0077812600408917647 -0.010418336952884336 -0.0042453857938370568 -0.003528878570499609 -0.011241301558902081 -0.0093056858166491382 0.029162409946253288 0.014508854371319064 0.057108530598682358 -0.013492452382157457 0.019355265963793226 0.025353130303176607 0.0136719394674317 -0.015643150477137949 0.02013692235508345 -6.8943750614629677e-05 -0.0060165101218706395 0.060876792561096744 0.01413144819128799 0.034751210206524802 -0.015924864192219338 -0.012472988872691427 -0.0045510787958584382 0.0092209772129175568 0.013169486563305039 -0.0017871471302684104 0.036688197890762241 -0.013443527959082904 0.010959315110432416 0.0075696948110697479 -0.029546820115684266 0.03397536612650346 0.027248312311434961 -0.0020181521384612373 0.033647233674563966 -0.0052727307439809747 -0.0038487227918065216 0.024796400029303094 0.043175941896702041 0.013565112593098144 0.011515856050152583 0.0010119696820798682 0.011224964286508545 0.026908566536187086 0.023561726793389443 0.033271423786815697 0.051574781842345867 -0.0093437214612419762 0.034586865992088163 0.025741138257063433 -0.0012237672836040044 0.0078381165586585231 0.024589967551161943 0.0057474251771105957 -0.013743115808624872 -0.012017470368644916 0.0024589008667476433 -0.012688251104974223 -0.012633173709804562 -0.0052835242695661424 0.014023545362425092 -0.054869758026940482 0.0022777618307595476 6.6636009360423112e-05 -0.010537028375979579 -0.023957973412821541 0.024202549415376952 0.021341198485731429 0.019706806989601172 -0.011071494794264161 -0.0021565669304357202 -0.0075410390986979008 0.01643615009104038 -0.013572656489108218 0.040315778855496025 -0.015446107315661668 -0.0027660072963410815 0.025859659858037422 0.040422517183754177 0.023621346077936537 -0.0092647317533041743 0.011517936649744437 -0.0024403870123915939 0.02483795048838312 0.057850544268626777 0.18467703996166107 0.14573113322257997 0.0074593388453617071 0.004436298431793783 0.0038942619391651129 -0.0047840787205509971 -0.00095037348052662805 0.035773803262622805 0.0058381033634751726 0.025306144677970096 0.001978929420539221 -0.008032761189127248 0.044480104884983857 0.017560785706015727 0.015811124546047876 0.10015827288875331 0.002001806360979875 0.007942003581929263 0.00056385439747593088 0.023234728561061568 0.11161571216583251 -0.0087861972465332026 0.083213366568088531 0.025385213341784788
leaf_weight=181589 487 2349 17640 2966 2885 2736 614 11564 4020 1321 11126 8446 184 3593 1389 1245 4373 26706 3691 11877 10178 15332 7864 35285 1066 728 13774 1268 4409 19868 224 2152 6414 6374 157 17062 38023 136 7170 409 5164 1216 4364 208 43374 27083 4415 299 338 327 1035 663 1828 973 902 1086 1050 4075 5271 1763 14155 1281 1007 1661 9357 822 4801 2978 860 206 4428 159118 102882 6818 4601 9557 7643 1904 35 3153 1278 668 332 477 11996 57807 12409 3471 2989 2050 1210 299 2262 5522 1414 270 41198 2134 3527 8802 462 1072 31 24 622 6475 2799 5366 1640 163 19479 219 5461 598 2659 16124 6284 77 117 7411 4397 1053 25 459 32 4373
leaf_count=181589 487 2349 17640 2966 2885 2736 614 11564 4020 1321 11126 8446 184 3593 1389 1245 4373 26706 3691 11877 10178 15332 7864 35285 1066 728 13774 1268 4409 19868 224 2152 6414 6374 157 17062 38023 136 7170 409 5164 1216 4364 208 43374 27083 4415 299 338 327 1035 663 1828 973 902 1086 1050 4075 5271 1763 14155 1281 1007 1661 9357 822 4801 2978 860 206 4428 159118 102882 6818 4601 9557 7643 1904 35 3153 1278 668 332 477 11996 57807 12409 3471 2989 2050 1210 299 2262 5522 1414 270 41198 2134 3527 8802 462 1072 31 24 622 6475 2799 5366 1640 163 19479 219 5461 598 2659 16124 6284 77 117 7411 4397 1053 25 459 32 4373
internal_value=-5.22303e-06 0.0187802 -0.00910385 -0.00283804 0.0244622 0.00970295 0.0198949 -0.0126589 0.00234068 5.96208e-05 -0.00521047 0.0115714 0.0205816 0.0144274 0.00448128 0.000949708 0.00574053 0.00746079 -0.00828458 -0.00563381 -0.00109655 -0.00339471 -0.00338698 0.0312824 0.0294695 0.037147 -0.00780184 0.000716945 0.0137288 0.0101024 0.0341238 0.000182696 -0.00794601 0.00741735 -0.0065897 0.00863749 0.0320703 0.0340284 -0.0104917 -0.00162214 0.00186775 -0.00244981 -0.00547519 -0.00812051 -0.0117541 0.00976009 -0.00167139 0.024694 0.00415883 -0.00542132 0.0123759 0.0190734 0.00703446 0.0216916 0.00993149 0.0258293 -0.00324702 0.00400182 -0.00550636 0.0218033 0.0263322 0.0346906 0.0357434 0.0395656 -0.00567826 0.0349594 0.0343689 -0.00888142 -0.00854957 -0.0140656 0.0104535 -0.0132876 -0.0126562 -0.00280877 -0.0112901 -0.0081331 -0.00509328 -0.00143303 0.0349135 0.015702 0.0120488 0.0209377 0.00699517 0.00393527 0.0171925 0.0211588 -0.00773321 0.00637905 0.000356783 0.00403726 0.00365994 0.0128308 -0.00569582 0.00182614 0.0160583 0.00710545 0.0231126 0.000981353 0.00259561 -0.000545637 0.0460987 0.0511384 0.061415 0.0377399 0.0234156 0.00305142 0.0126887 0.0003726 0.00790367 -0.0035884 0.00491867 -0.00761432 8.80119e-05 0.00796521 0.0353871 0.0152455 0.0112895 0.0469486 0.0357367 0.0101167 0.0073004 0.00836747 0.016734 0.0131648 -0.000326097 0.0241392
internal_weight=1.17893e+06 384688 794244 287509 236591 148097 141699 506735 147378 24037 39441 124060 137957 22850 13755 12413 74092 60135 140131 63666 73286 49412 10496 94892 9095 1342 47463 16203 81653 28773 7107 27666 21746 42407 4647 55488 87688 52403 76465 27877 12588 26805 33689 8072 61014 29819 13957 1917 637 3742 2424 1072 8408 7204 1875 5329 7424 12512 15451 115107 14339 2444 6883 5254 15305 47894 45483 10180 3415 2555 6580 467294 285705 19258 126587 23705 14148 9547 1280 52880 15323 5554 9769 1145 37557 100768 24286 35627 9403 6414 23874 1988 12440 9937 2962 1548 42961 15679 13545 10018 2411 1949 1103 846 1629 6807 19861 8437 2908 5529 20908 1429 5948 1689 40682 25561 9437 1163 274 8732 32156 27759 1091 20327 3010 4509
internal_count=1178932 384688 794244 287509 236591 148097 141699 506735 147378 24037 39441 124060 137957 22850 13755 12413 74092 60135 140131 63666 73286 49412 10496 94892 9095 1342 47463 16203 81653 28773 7107 27666 21746 42407 4647 55488 87688 52403 76465 27877 12588 26805 33689 8072 61014 29819 13957 1917 637 3742 2424 1072 8408 7204 1875 5329 7424 12512 15451 115107 14339 2444 6883 5254 15305 47894 45483 10180 3415 2555 6580 467294 285705 19258 126587 23705 14148 9547 1280 52880 15323 5554 9769 1145 37557 100768 24286 35627 9403 6414 23874 1988 12440 9937 2962 1548 42961 15679 13545 10018 2411 1949 1103 846 1629 6807 19861 8437 2908 5529 20908 1429 5948 1689 40682 25561 9437 1163 274 8732 32156 27759 1091 20327 3010 4509
is_linear=0
shrinkage=0.03


Tree=29
num_leaves=127
num_cat=0
split_feature=28 28 28 33 28 34 33 17 28 33 27 34 3 9 27 28 33 27 3 28 27 37 17 18 33 16 9 27 18 16 27 3 3 17 28 5 3 8 34 14 16 3 14 33 27 16 17 28 34 37 33 1 34 3 15 5 34 11 5 5 32 3 3 5 7 18 27 0 14 34 9 30 33 3 34 16 8 3 8 37 3 16 9 5 9 5 37 7 7 33 3 33 0 5 5 18 27 11 37 8 18 28 3 27 3 7 17 33 9 24 33 5 5 34 27 15 17 27 14 5 12 30 27 5 34 16
split_gain=210662 20755.9 18496.1 8541.93 7005.58 3982.29 3665.92 3351.16 2078.35 2001.01 1711.15 1650.13 1602.49 1095.77 1085.65 1032.78 1331.01 1010.55 923.657 801.322 769.079 753.213 713.533 669.602 641.368 633.937 632.366 626.164 586.148 562.83 560.607 559.219 559.014 554.261 548.078 542.854 541.602 528.638 1244.34 528.506 516.302 496.316 495.773 489.156 487.092 483.163 481.982 532.784 525.024 560.088 466.941 465.701 455.246 445.638 427.304 425.617 423.461 416.553 411.498 490.908 410.781 405.736 992.258 673.215 402.5 399.989 399.225 392.59 395.2 386.004 439.466 435.286 432.746 373.855 372.294 364.259 1321.54 1099.95 489.19 426.066 363.622 360.667 464.397 357.377 347.392 346.381 346.266 342.297 340.023 338.608 338.145 327.749 320.574 324.986 369.409 318.603 315.198 308.563 306.433 392.093 305.958 293.644 301.759 291.63 290.693 305.228 287.307 287.061 316.335 284.906 297.691 359.383 284.55 282.712 281.573 277.69 333.59 272.175 271.109 270.912 270.365 269.349 267.809 266.637 266.185 265.228
threshold=1.1219645237111375 5.423409150348343 0.16624505300930573 0.052765155592741718 9.8717944032260636 1.4676774517475548 0.025781629466387009 1.0000000180025095e-35 0.51785501459197014 0.07228366443559954 0.087804421726683221 0.57852776937170458 42.500000000000007 59.500000000000007 0.01186526339151811 1.7504223575997926 0.064279935275080927 0.036311245721003936 12.500000000000002 0.047955041778041364 0.036311245721003936 1.5025613544596921 4.5000000000000009 2.5000000000000004 0.040011435105774734 1.0000000180025095e-35 33.500000000000007 0.031448058896583746 2.5000000000000004 1.0000000180025095e-35 0.037060995412595596 27.500000000000004 39.500000000000007 5.5000000000000009 17.645100458664441 1672.5000000000002 149.00000000000003 13.500000000000002 1.510534454572019 0.7294405633384119 6.5000000000000009 156.50000000000003 0.99699172706088202 0.068150272568031925 0.27374693722197119 6.5000000000000009 6.5000000000000009 8.8358794293418814 0.33873941013063796 0.34890983914268764 0.02860575891516114 296.00000000000006 0.5849006463807539 12.500000000000002 6.5000000000000009 3358.5000000000005 0.23311672308941855 0.18368196964087377 3358.5000000000005 4044.5000000000005 1.0000000180025095e-35 127.50000000000001 138.50000000000003 1667.5000000000002 14.500000000000002 15.500000000000002 0.071646505472169913 39.500000000000007 0.85352528736329614 40.449121484004422 35.500000000000007 0.028041739051188914 0.030108967304056978 26.500000000000004 0.10102616414449164 1.0000000180025095e-35 46.500000000000007 140.50000000000003 49.500000000000007 2.0956141794453682 26.500000000000004 7.5000000000000009 63.500000000000007 3373.5000000000005 18.500000000000004 1036.5000000000002 0.3441713326327826 14.500000000000002 5.5000000000000009 0.03579804002230625 126.50000000000001 0.037900859801074917 128.50000000000003 1664.5000000000002 1685.5000000000002 4.5000000000000009 0.11273803284416493 9.7500000000000018 10.895242786555082 44.500000000000007 1.0000000180025095e-35 0.070847127856879105 115.50000000000001 0.21267696267696271 117.50000000000001 6.5000000000000009 2.5000000000000004 0.0090323214975443645 14.500000000000002 0.60355339059327384 0.040011435105774734 807.00000000000011 3920.5000000000005 0.1362768408773313 0.1773126634015427 1.5000000000000002 4.5000000000000009 0.051654107958206123 0.99136430489243821 3982.5000000000005 0.666434863235976 0.028041739051188914 0.049108830123132177 4629.5000000000009 0.21634156084660722 3.5000000000000004
decision_type=2 2 2 2 2 2 2 2 2 2 2 2 2 2 2 2 2 2 2 2 2 2 2 2 2 2 2 2 2 2 2 2 2 2 2 2 2 2 2 2 2 2 2 2 2 2 2 2 2 2 2 2 2 2 2 2 2 2 2 2 2 2 2 2 2 2 2 2 2 2 2 2 2 2 2 2 2 2 2 2 2 2 2 2 2 2 2 2 2 2 2 2 2 2 2 2 2 2 2 2 2 2 2 2 2 2 2 2 2 2 2 2 2 2 2 2 2 2 2 2 2 2 2 2 2 2
left_child=2 6 9 11 5 7 10 12 13 22 32 26 20 35 33 16 39 67 -13 -11 73 57 37 36 -24 31 29 -17 46 56 -31 -15 -2 -10 114 53 69 38 -1 -8 92 87 -37 45 66 51 47 -9 106 -50 -41 -29 -25 -5 98 95 -4 81 -40 112 100 63 -63 90 -64 96 97 68 -7 70 72 -72 -20 74 -3 76 -45 79 125 -78 -62 84 -83 -68 107 -76 -86 -14 -12 -75 -55 -53 -34 -94 122 -16 -18 -19 99 -36 -21 -26 -103 -101 105 -27 -49 -6 -109 110 111 -100 -60 -32 -23 120 -117 -47 -30 -57 -69 -97 -95 -88 -115 -77
right_child=1 4 3 8 21 17 15 28 14 19 88 18 41 25 55 27 65 44 23 60 -22 34 24 52 101 104 -28 43 118 30 113 -33 40 -35 54 42 -38 -39 58 50 -42 -43 -44 75 -46 117 -48 48 49 -51 -52 91 -54 61 -56 119 -58 -59 59 -61 80 62 64 -65 -66 -67 83 115 -70 -71 71 -73 -74 89 85 78 77 -79 -80 -81 -82 82 -84 -85 86 -87 123 -89 -90 -91 -92 -93 93 94 -96 121 -98 -99 109 103 -102 102 -104 -105 -106 -107 -108 108 -110 -111 -112 -113 -114 124 -116 116 -118 -119 -120 -121 -122 -123 -124 -125 -126 -127
leaf_value=-0.012572361108469415 -0.01423188869189871 -0.016986539150163325 -0.0085937040472244524 -0.018976299136993474 0.0091947507141942712 -0.019848208163357986 0.0066953853122548391 0.014614110202293928 -0.0089914066434405564 -0.012980205738248715 0.0097472186522402342 -0.010880617943912345 0.018214019708839947 -0.00017395901075252613 0.0083191540669403062 -0.0044452173284498684 0.014932055453217149 -0.0063877292107680922 0.0005898795129239832 0.0060647519454387379 0.018556611402606477 0.032253559627653805 -0.011587155395103858 0.012337648942738538 -0.011496048342681279 0.0014816927804418103 -0.012851161545663901 0.01273876101242607 0.015360960138927744 -0.012809536673057148 -0.015088615759526108 -0.012299284264204333 -0.0048129596591433054 0.035157848062431982 0.037047099445772197 0.0084102545864264775 -0.015390464694358865 -0.013594879709304272 -0.0083247258270725648 0.016185355262136013 -0.015657914985791204 -0.0098823488612595923 -0.006172477742606786 0.022240345066750055 0.020158321494549259 -0.015149310445412992 -0.010770169830683506 0.010135923955376474 0.060172833124959586 0.032896006795089278 -0.0061947037992894699 0.02563385689574307 -0.0084436158636276171 0.0030679090941813482 0.024185076835140085 0.013654938467228759 -0.0003737655490924239 0.0014796160959902652 -0.0021826883680222814 -0.011425305859888046 -0.0044061926205402595 -0.013924609225755337 0.0016209497230412731 -0.02768298733909175 0.027228698473919202 -0.0010041968342022409 0.022941271414804475 0.047465006321515034 0.097304181898793862 -0.0094324451644956075 0.0035892489318763354 -0.0077567252057577467 0.0093890432608415477 -0.013755651863129383 -0.010226445824884977 0.021394043283477372 0.016459769273122538 0.03044984175641488 0.025156717742818673 -0.013288175422905522 0.032360463600985857 0.014101743445712692 -0.053654755909466043 0.029194711415870378 0.015954975273566877 0.009179534494761124 0.037577835336300151 -0.035255073438991202 -0.0072895269257573251 0.051288167777126782 0.016951426457476097 0.0037248319219797851 -0.0027436577215755879 0.04355597088448547 0.0036054915747378061 -0.0073161438352862904 0.0061381757370947013 0.099567939960039584 0.18658922127314975 0.024941347812485158 -0.0045960544181479967 0.006591811738477912 0.035938480606933762 0.032959538251584798 0.020123014102876185 -0.018104046745307231 0.035098018039328355 0.026719394818381859 -0.021301122445055821 0.023053909613011663 0.040265428284634031 0.060751482523588765 0.01028465523113428 0.00061166278570338431 0.026692114674286397 0.020599186699028903 0.079889343814416355 0.0077864828319381208 -0.0084966476753687691 0.0036115235173051008 0.092060817121563096 0.0050378286844319732 0.01376609857352554 0.092252460789967725 -0.0071069087156061649 0.013923011288743634
leaf_weight=174115 5130 1085 9857 1152 1258 158 11494 1965 4330 3930 12674 11396 5281 4885 24850 1582 23943 509 9700 4976 1127 12311 3978 1022 685 7753 31647 29974 2141 24715 3167 11440 4428 272 17765 16309 1790 279669 21423 957 2090 691 2408 5042 57079 490 297 1154 853 3293 6807 4373 13234 5165 4107 17253 13186 762 3527 2757 361 4220 1728 530 812 1799 26876 1528 31 2671 6105 6068 10449 5434 1220 6329 515 813 7994 2732 735 784 103 11852 733 2575 2447 110 1150 73 2274 715 1923 478 1447 2289 4332 26 21 5300 4722 2402 363 17771 675 789 648 4433 127 446 1198 747 3092 5011 24496 622 99 9372 536 2811 133 5189 629 83 20357 13188
leaf_count=174115 5130 1085 9857 1152 1258 158 11494 1965 4330 3930 12674 11396 5281 4885 24850 1582 23943 509 9700 4976 1127 12311 3978 1022 685 7753 31647 29974 2141 24715 3167 11440 4428 272 17765 16309 1790 279669 21423 957 2090 691 2408 5042 57079 490 297 1154 853 3293 6807 4373 13234 5165 4107 17253 13186 762 3527 2757 361 4220 1728 530 812 1799 26876 1528 31 2671 6105 6068 10449 5434 1220 6329 515 813 7994 2732 735 784 103 11852 733 2575 2447 110 1150 73 2274 715 1923 478 1447 2289 4332 26 21 5300 4722 2402 363 17771 675 789 648 4433 127 446 1198 747 3092 5011 24496 622 99 9372 536 2811 133 5189 629 83 20357 13188
internal_value=-5.06632e-06 0.0182168 -0.00883073 -0.0027529 0.024173 0.0195766 0.0100641 0.00969235 0.00348352 -0.0122791 0.000585215 -0.00704047 0.00159816 -0.000406686 0.00758846 0.0122074 0.00876877 0.0224229 -0.00315848 -0.00138157 -0.00498178 0.0303439 -0.0126053 -0.00143428 -0.00337767 -0.00511969 -0.00928591 0.0142482 0.0227745 -0.00780701 -0.00950204 -0.00867097 -0.00605437 -0.00638198 0.0312983 0.00307269 0.000704932 -0.0127467 -0.0115891 0.0026108 -0.00223894 0.0140548 0.00653414 0.0146109 0.0219275 0.0125132 0.0267494 0.0281576 0.0326319 0.038508 -0.00343611 0.0141632 -0.00695383 -0.0010069 0.0334326 0.00881559 -0.00388997 0.0228584 -0.00603066 -0.00078901 0.00284139 0.000398545 -0.00500757 0.00498448 0.00980736 0.0127121 0.0244995 0.0409851 -0.000632737 0.00152826 0.00243402 -0.0020665 0.00515301 -0.00753572 -0.00148962 0.0171848 0.0119825 -0.000756353 0.018906 -0.00856992 0.0202503 0.0244927 0.00623374 0.024855 0.0262762 0.00294098 0.0341112 0.017123 0.00832995 -0.0128934 0.00731191 0.0225551 0.000910493 0.0065713 0.0135849 0.0066854 0.0135847 -0.00123848 0.0343108 0.0336971 0.000873957 0.00608823 0.0104446 0.0311176 0.00117028 -0.000327386 0.0191123 0.0218819 0.025382 0.0447014 0.0496123 0.0641924 0.00364131 -0.00663732 0.0285523 0.0442873 0.0287403 0.0066469 0.0105841 0.0122478 0.0510359 0.0012563 0.0266293 0.0393715 -0.00558224 0.0163457
internal_weight=1.17893e+06 384688 794244 287509 222288 127396 162400 28483 117134 506735 29949 170375 17596 60140 56994 132451 49332 98913 62435 14724 11514 94892 492011 51039 7428 25542 107940 83119 10887 76293 53250 16325 16125 4602 84162 34598 36783 484583 204914 19258 10995 6082 18717 81537 96342 44924 8210 7913 5948 4146 7764 35062 14256 15881 47355 52392 23043 10730 30799 9376 10794 14729 6760 7969 2540 30074 39263 2571 189 34993 32322 12173 20149 10387 4880 36613 9102 4060 27511 3247 1096 9968 887 38728 9081 3795 3263 5391 13824 5507 7439 5088 8905 4477 2554 32328 28275 535 43248 40836 9698 3450 2765 23071 9217 8542 1802 5818 4560 2412 1966 768 6619 28535 36807 2382 721 9862 2677 20064 1661 7478 1107 2530 25368 19517
internal_count=1178932 384688 794244 287509 222288 127396 162400 28483 117134 506735 29949 170375 17596 60140 56994 132451 49332 98913 62435 14724 11514 94892 492011 51039 7428 25542 107940 83119 10887 76293 53250 16325 16125 4602 84162 34598 36783 484583 204914 19258 10995 6082 18717 81537 96342 44924 8210 7913 5948 4146 7764 35062 14256 15881 47355 52392 23043 10730 30799 9376 10794 14729 6760 7969 2540 30074 39263 2571 189 34993 32322 12173 20149 10387 4880 36613 9102 4060 27511 3247 1096 9968 887 38728 9081 3795 3263 5391 13824 5507 7439 5088 8905 4477 2554 32328 28275 535 43248 40836 9698 3450 2765 23071 9217 8542 1802 5818 4560 2412 1966 768 6619 28535 36807 2382 721 9862 2677 20064 1661 7478 1107 2530 25368 19517
is_linear=0
shrinkage=0.03


Tree=30
num_leaves=127
num_cat=0
split_feature=28 28 28 37 28 34 33 36 13 27 28 27 28 33 27 27 33 28 16 33 28 26 27 3 9 27 28 37 8 3 3 28 3 18 36 36 12 3 28 18 17 16 27 18 32 33 9 18 4 32 3 16 1 37 27 30 33 14 17 3 18 26 36 3 36 13 27 27 27 37 30 8 30 34 3 4 8 9 37 3 4 13 28 16 27 16 16 11 17 33 18 9 27 27 3 2 27 16 28 36 27 1 9 33 27 3 33 14 3 3 27 4 3 28 18 17 28 18 17 10 14 3 9 33 28 12
split_gain=198703 19684.5 17601.6 7867.68 7158.73 3625.99 3012.13 2307.48 2248.46 2173.43 1744.27 1639.3 1180.16 1108.8 971.262 936.472 933.667 867.64 845.616 816.592 1251.74 756.427 843.05 718.316 718.092 709.59 689.512 685.805 647.714 610.018 569.1 605.649 538.822 517.339 514.131 505.943 499.184 492.416 554.629 499.605 489.954 461.11 457.9 640.984 485.09 446.666 419.531 413.173 388.988 422.527 385.515 391.442 376.716 358.907 357.803 354.148 352.596 352.029 348.333 342.964 338.094 335.06 341.803 331.898 384.375 331.706 329.318 323.512 321.006 366.433 352.272 317.106 314.496 308.041 307.328 316.361 303.5 301.88 649.894 375.887 855.349 684.737 637.548 349.098 323.702 601.17 362.771 300.871 355.013 299.052 292.872 292.759 292.362 343.922 290.167 519.153 287.075 305.297 285.412 431.384 284.076 283.995 281.309 272.159 284.651 381.249 269.699 267.258 264.88 261.889 1754.54 406.448 452.009 942.404 280.638 261.397 261.209 266.132 260.904 280.47 260.27 259.246 259.07 257.048 255.567 254.446
threshold=1.1219645237111375 3.3970942969526434 0.16624505300930573 1.653324433043269 9.8717944032260636 1.4676774517475548 0.025781629466387009 0.063014685086042466 1.0000000180025095e-35 0.099375729063849991 0.51785501459197014 0.12848822407021221 0.047955041778041364 0.048040678060612831 0.01186526339151811 0.036311245721003936 0.01962086276832176 5.5636679508846436 2.5000000000000004 0.064279935275080927 1.7504223575997926 1.0000000180025095e-35 0.040027885387527475 140.50000000000003 -1.0000000180025095e-35 0.014973846545325393 22.445611888829731 0.4012440438131652 43.500000000000007 42.500000000000007 30.500000000000004 8.8358794293418814 156.50000000000003 3.5000000000000004 0.12942044372277478 0.03020750238246352 0.0097754368401893003 42.500000000000007 0.39383354519156666 1.0000000180025095e-35 2.5000000000000004 3.5000000000000004 0.012508254383720841 1.0000000180025095e-35 1.0000000180025095e-35 0.05897866310417154 64.500000000000014 16.500000000000004 192.50000000000003 1.5093702000281364e-05 39.500000000000007 6.5000000000000009 17.000000000000004 0.3441713326327826 0.037060995412595596 0.011109654942813371 0.027134046125247575 0.00082815862786974985 2.5000000000000004 81.500000000000014 2.5000000000000004 2.5000000000000004 0.029382584257603459 137.50000000000003 0.086461460944238414 1.0000000180025095e-35 0.1773126634015427 0.049751265945630792 0.043143240023823713 2.0956141794453682 0.020808492953123394 6.5000000000000009 0.089924833967084825 0.062783647102606616 42.500000000000007 182.00000000000003 50.500000000000007 2.5000000000000004 1.9084419402385009 140.50000000000003 69.500000000000014 4.5000000000000009 2.4446370044508572 1.0000000180025095e-35 0.039898036678820241 1.0000000180025095e-35 4.5000000000000009 2.9444444444444451 7.5000000000000009 0.040011435105774734 1.5000000000000002 21.500000000000004 0.12876491654385921 0.25219298245614041 42.500000000000007 1.0000000180025095e-35 0.051654107958206123 7.5000000000000009 0.010371837600152969 0.017348284266447907 0.21593504186754633 3.5000000000000004 20.500000000000004 0.040011435105774734 0.010013046234375276 140.50000000000003 0.027134046125247575 0.46524989213650009 137.50000000000003 139.50000000000003 0.0014827189222141278 42.500000000000007 42.500000000000007 0.1650621005818729 1.0000000180025095e-35 10.500000000000002 0.37716298715792879 1.0000000180025095e-35 3.5000000000000004 5.2500000000000009 0.99434615785180824 26.500000000000004 41.500000000000007 0.03579804002230625 0.11215773106761434 0.30393446852425182
decision_type=2 2 2 2 2 2 2 2 2 2 2 2 2 2 2 2 2 2 2 2 2 2 2 2 2 2 2 2 2 2 2 2 2 2 2 2 2 2 2 2 2 2 2 2 2 2 2 2 2 2 2 2 2 2 2 2 2 2 2 2 2 2 2 2 2 2 2 2 2 2 2 2 2 2 2 2 2 2 2 2 2 2 2 2 2 2 2 2 2 2 2 2 2 2 2 2 2 2 2 2 2 2 2 2 2 2 2 2 2 2 2 2 2 2 2 2 2 2 2 2 2 2 2 2 2 2
left_child=2 6 7 16 5 8 11 98 9 29 21 34 -9 46 33 74 28 -10 24 20 36 103 37 57 35 -21 27 -6 65 71 60 -32 73 63 50 -18 -8 107 39 101 42 92 43 45 -45 -14 89 77 49 68 -2 -52 90 -43 -20 124 -22 94 -40 61 87 62 -31 -15 -65 122 -29 76 70 -70 -16 -3 -25 -33 118 -76 -30 79 102 80 81 -27 -81 -82 85 -80 -86 88 -19 -12 -17 -51 -28 -94 95 -24 97 125 -1 -100 108 -39 -79 -5 105 -105 -38 -23 -68 111 -111 115 -113 114 -114 -101 -26 -118 119 -7 -49 -48 -4 -73 -42 -58
right_child=1 4 3 10 26 15 19 12 17 -11 13 -13 40 14 48 52 18 30 54 25 56 22 23 72 116 47 41 66 67 59 31 32 -34 -35 -36 -37 106 38 58 -41 55 53 -44 44 -46 -47 121 120 -50 91 51 -53 -54 -55 -56 -57 96 -59 -60 -61 -62 -63 -64 64 -66 -67 100 -69 69 -71 -72 123 -74 -75 75 -77 -78 78 84 82 83 -83 -84 -85 86 -87 -88 -89 -90 -91 -92 -93 93 -95 -96 -97 -98 -99 99 109 -102 -103 -104 104 -106 -107 -108 -109 -110 110 -112 112 113 -115 -116 -117 117 -119 -120 -121 -122 -123 -124 -125 -126 -127
leaf_value=-0.013439099725767135 -0.013310503469646854 0.053906741566853981 -0.0060761509191239573 -0.0059227149160250786 0.011847997408285384 0.029904700253846839 0.0086595214483988631 -0.013004546837496416 -0.0039670263575644141 0.022382103458390961 -0.0036175850009544635 0.0088595718487164306 -0.015725924675426783 -0.011660579265776102 0.015615464958668269 0.021885638423414417 0.011452243607672656 0.016661870914221808 -0.01055190306297718 -0.0060896807716373253 0.018577189518321761 -0.00092105281118038155 -0.0072310154108166857 -0.012405440345016108 -0.010527545767183124 -0.014603827897065463 0.028131044636319387 0.03163935012514054 -0.011614514760957453 0.029633740154510688 0.016184907055440845 -0.015307955241319044 -0.0098923942919184518 0.02261355315930056 0.019857267771465324 -0.00086912988320318523 0.013376115924506209 0.0084376202134994957 -0.01032082804196011 0.0014009220718130102 0.0087119917973119878 -0.011599754619554346 -0.012634482968637015 -0.0086196564837667973 0.028224253199860719 0.0059862367127011531 -0.016818317755976 0.0072395025721733825 -0.0011426574900643381 0.019360732706524917 -0.00053283845606964418 -0.014701088391331005 0.024991628154233423 0.028544536792672378 -0.0045708018270632289 0.0019408760662381563 -0.0047799756237175252 -0.0024409480034313742 0.012688666209370106 -0.0089727222738843967 0.0014678890200653034 -0.013337915695502783 -0.0081753984997781481 0.048047960406688392 -0.023530175334939334 -0.013120474486664847 -0.021874811784881685 0.0014161758587281068 0.00032767120559505522 0.0085119752772141854 0.0071982199101086417 -0.0095556372733536805 0.028046505123461154 0.037270902048593166 0.060146046791776743 0.020988960365036953 -7.5171403246024357e-05 0.029589055127576879 -0.010367253516898545 -0.0060263728851333576 0.019402306009074163 0.016349863351427716 0.025197537605681566 0.0096417826321194677 0.018380312768336564 0.01676854557404946 0.010965237924889759 0.045015539282523997 -0.03207178846649502 0.0057957368313505597 0.018395590962593047 0.0085348018634788404 0.040643501752830352 0.033182397949032411 -0.013571593657911196 0.033891133822525621 0.011316802289016797 -0.028344328493404684 -0.012958775317879373 -0.013359040958844999 0.02686651909626251 0.02293503391692741 0.017957732365143142 -0.013756691599158183 0.0053894920583530438 0.033625803521559763 -0.0026851947638008608 -0.011061127779336207 0.018275358835795018 0.031616655837043206 -0.011683551542369259 -0.011365319003107284 -0.0033799803807457937 0.043097145520480336 -0.0095574421157758674 0.060645309277745175 -1.7534394227523878e-05 -0.0092235064099063079 0.065323777434072985 -0.022628396595969345 -0.017290452371326911 -0.0028130235210190647 -0.015311018224087581 0.028577341282809223 0.034658058703675665 0.021650122812489864
leaf_weight=181637 5162 73 12876 2555 2538 1202 7393 11545 1539 3427 5319 12563 945 3792 7999 45071 4903 5355 23546 1578 5980 5580 3640 229 5946 1996 5601 14326 6338 1109 3467 103 246 515 692 7725 1031 3867 3446 8212 808 203 4037 8672 334 8735 2029 2661 3401 5668 8771 2194 17888 15871 14573 3658 921 5825 715 693 1583 287 267 183 107 39389 162 5261 7846 13218 10157 8870 707 3802 845 238 3033 4167 1285 705 5121 949 3563 9264 15676 1716 9559 328 138 7081 41626 3726 8427 16345 11241 299 32609 307 158928 42356 29599 1774 3397 1311 19798 173 10771 4028 1697 1008 5121 49598 10640 339 17512 43 8901 4141 171 99 456 2875 3471 162 592 509
leaf_count=181637 5162 73 12876 2555 2538 1202 7393 11545 1539 3427 5319 12563 945 3792 7999 45071 4903 5355 23546 1578 5980 5580 3640 229 5946 1996 5601 14326 6338 1109 3467 103 246 515 692 7725 1031 3867 3446 8212 808 203 4037 8672 334 8735 2029 2661 3401 5668 8771 2194 17888 15871 14573 3658 921 5825 715 693 1583 287 267 183 107 39389 162 5261 7846 13218 10157 8870 707 3802 845 238 3033 4167 1285 705 5121 949 3563 9264 15676 1716 9559 328 138 7081 41626 3726 8427 16345 11241 299 32609 307 158928 42356 29599 1774 3397 1311 19798 173 10771 4028 1697 1008 5121 49598 10640 339 17512 43 8901 4141 171 99 456 2875 3471 162 592 509
internal_value=1.48482e-05 0.017721 -0.00855701 -0.00262717 0.0231822 0.0188371 0.00928091 -0.0119219 0.00988055 0.00142024 0.00221328 0.000660523 -0.00494279 0.00546626 0.00749767 0.0214662 -0.00771682 0.0174862 -0.00525671 0.0113636 0.00885277 -0.00106257 -0.00317462 -0.00756466 -0.00162927 0.0137704 0.0295364 0.0270276 -0.0101548 -0.00484765 0.0196841 0.0254406 0.0331712 -0.00572023 -0.00546378 0.00391482 0.00254693 0.000312524 0.00323783 0.00612282 -0.00159256 0.0321465 -0.00347223 -0.00149277 -0.00725325 0.00386661 -0.00117973 0.0142883 0.00866584 0.00935204 -0.00655029 -0.00336778 0.0210278 0.0280376 -0.00826531 0.00685184 0.0118543 -0.00871051 -0.00636702 0.00875845 0.0137611 0.0161473 0.0222972 -0.00929492 0.0216381 -0.0116295 0.0278691 -0.00453734 0.00798324 0.00546345 0.0109066 -0.00836834 0.0181496 0.0358841 0.0394107 0.0515409 -0.00787971 0.014866 0.0165558 0.0120649 0.0101008 -0.00462928 0.0200399 0.0131165 0.0144638 0.00514925 0.0155715 0.0171042 0.0154375 0.00175788 0.02021 0.0150668 0.034321 0.0357205 -0.0111163 -0.00410953 0.0106838 -0.00119986 -0.0125094 -0.011918 0.0261521 0.0129968 0.0243654 0.00332889 0.00443959 -0.00823299 -0.00128211 -0.00517212 0.0147765 -0.0106116 -0.00456223 -0.0109193 -0.00963542 -0.00662395 -0.00722268 -0.013284 -0.00531638 -0.00294055 0.0304861 0.0259072 0.0036509 -0.00860763 -0.00803701 -0.00887168 0.0196835 0.00462766
internal_weight=1.17828e+06 384354 793927 287419 233358 138589 150996 506508 31449 14888 147316 29382 39326 73916 56612 107140 140103 16561 69735 121614 59521 73400 49563 21941 31616 62093 94769 48322 70368 11461 15022 7618 4151 4597 16819 12628 19195 27622 18014 13853 27781 46447 22723 18686 9006 9680 17304 60515 52015 48614 16127 10965 104585 16074 38119 5058 40326 21005 4161 2356 7404 1663 1376 4082 290 55736 45784 14632 39220 21064 18156 9105 936 3905 2555 1083 9371 57398 35800 21598 17330 2945 4268 14385 28236 3001 25235 5821 5493 12400 86697 9394 30373 24772 15180 3939 34346 1737 467182 285545 31458 5641 7564 23837 21282 1484 11802 9608 1859 126617 6129 120488 78089 28491 28152 42399 18988 13042 1472 1301 3117 4904 16347 9032 1400 1430
internal_count=1178281 384354 793927 287419 233358 138589 150996 506508 31449 14888 147316 29382 39326 73916 56612 107140 140103 16561 69735 121614 59521 73400 49563 21941 31616 62093 94769 48322 70368 11461 15022 7618 4151 4597 16819 12628 19195 27622 18014 13853 27781 46447 22723 18686 9006 9680 17304 60515 52015 48614 16127 10965 104585 16074 38119 5058 40326 21005 4161 2356 7404 1663 1376 4082 290 55736 45784 14632 39220 21064 18156 9105 936 3905 2555 1083 9371 57398 35800 21598 17330 2945 4268 14385 28236 3001 25235 5821 5493 12400 86697 9394 30373 24772 15180 3939 34346 1737 467182 285545 31458 5641 7564 23837 21282 1484 11802 9608 1859 126617 6129 120488 78089 28491 28152 42399 18988 13042 1472 1301 3117 4904 16347 9032 1400 1430
is_linear=0
shrinkage=0.03


Tree=31
num_leaves=127
num_cat=0
split_feature=27 27 37 27 36 29 37 31 9 37 3 27 5 27 30 27 18 32 34 7 27 17 27 31 33 27 33 37 3 3 3 31 27 7 3 27 36 27 7 37 5 33 27 32 9 33 27 3 5 18 8 26 34 17 3 3 33 36 8 3 33 8 33 9 33 36 7 31 9 34 0 0 30 34 9 5 27 8 14 17 27 33 37 3 33 36 27 3 5 27 3 5 0 27 8 36 9 10 18 34 27 34 37 10 27 16 13 8 7 5 3 9 9 27 36 37 0 7 0 9 31 33 36 33 31 0
split_gain=163161 27191.6 8101.19 8005.39 3781.22 3326.72 2719.36 2372.16 1911.07 1861.95 1816.38 1905.62 2444.22 1576.85 1883.91 1520.79 1486.66 1466.89 1378.33 1339.4 1224.37 1709.06 1495.07 1113.59 1036.85 879.118 878.666 860.649 860.186 1015.26 847.714 811.309 778.51 777.279 766.79 834.497 756.275 1701.12 726.192 706.671 672.663 662.697 645.003 639.052 760.291 610.493 581.169 535.152 602.357 526.337 501.207 499.551 493.335 601.381 560.396 488.161 477.869 473.585 467.947 509.642 1191.65 626.297 486.264 466.896 424.079 423.863 419.69 409.819 570.459 407.041 400.604 661.784 399.976 398.288 391.977 388.364 386.868 455.785 408.951 374.85 365.696 365.581 380.082 365.442 360.316 370.298 343.153 344.954 356.175 342.963 341.75 341.647 341.537 341.394 391.252 312.702 312.357 311.838 307.204 303.308 308.277 302.829 368.774 299.035 292.348 291.963 289.571 448.92 342.834 288.988 394.553 328.163 286.841 286.474 284.229 279.58 277.839 271.235 269.879 321.886 299.494 260.291 279.796 259.137 257.331 255.798
threshold=0.06482172060267373 0.014411913589467668 1.653324433043269 0.17892931007053087 0.063014685086042466 1.0000000180025095e-35 0.34890983914268764 3.940172035382139 46.000000000000007 0.40768053738648052 20.500000000000004 0.059364923500912763 3449.5000000000005 0.13311560801174066 0.089924833967084825 0.089575085774610722 2.5000000000000004 1.0000000180025095e-35 0.13008217385625467 2.5000000000000004 0.023065816766852546 1.5000000000000002 0.022355104093961693 1.5457092136233983 0.025781629466387009 0.19264507422402163 0.082682851751971057 1.4076030901629777 138.50000000000003 127.50000000000001 42.500000000000007 3.940172035382139 0.022355104093961693 14.500000000000002 42.500000000000007 0.0040397150012150594 0.0086639314808855568 0.022355104093961693 14.500000000000002 0.24158594618482945 3982.5000000000005 0.017471603833322344 0.12750818647605938 1.5093702000281364e-05 36.500000000000007 0.047691955024797512 0.14044471448912457 149.00000000000003 3383.5000000000005 7.5000000000000009 39.500000000000007 1.0000000180025095e-35 0.57852776937170458 4.5000000000000009 136.50000000000003 140.50000000000003 0.027029414412778282 0.012674507554025627 13.500000000000002 140.50000000000003 0.068150272568031925 44.500000000000007 0.039850090462651859 19.500000000000004 0.040011435105774734 0.067811062332445896 -1.0000000180025095e-35 10.490218182320747 36.500000000000007 0.28417385336045636 17.500000000000004 76.500000000000014 0.067274736675500726 0.59052502632849191 69.500000000000014 3935.5000000000005 0.023065816766852546 49.500000000000007 0.076961538461538484 6.5000000000000009 0.019917040144941358 0.040011435105774734 1.5025613544596921 76.500000000000014 0.030108967304056978 0.029382584257603459 0.0043765384696261419 72.500000000000014 3904.5000000000005 0.106990231990232 126.50000000000001 3449.5000000000005 30.500000000000004 0.29490552214658577 43.500000000000007 0.11517817256447892 64.500000000000014 1.0000000180025095e-35 10.500000000000002 0.57852776937170458 0.33038281723753454 1.9447223099069839 1.9084419402385009 6.2500000000000009 0.057131976933957142 9.5000000000000018 1.0000000180025095e-35 26.500000000000004 6.5000000000000009 3284.5000000000005 137.50000000000003 58.500000000000007 19.500000000000004 0.65536723163841815 0.066865092153863798 39.552931979225654 60.500000000000007 5.5000000000000009 63.500000000000007 19.500000000000004 15.28784573230965 0.039679224970685441 0.053518821603927992 0.088508823837614284 1.5457092136233983 60.500000000000007
decision_type=2 2 2 2 2 2 2 2 2 2 2 2 2 2 2 2 2 2 2 2 2 2 2 2 2 2 2 2 2 2 2 2 2 2 2 2 2 2 2 2 2 2 2 2 2 2 2 2 2 2 2 2 2 2 2 2 2 2 2 2 2 2 2 2 2 2 2 2 2 2 2 2 2 2 2 2 2 2 2 2 2 2 2 2 2 2 2 2 2 2 2 2 2 2 2 2 2 2 2 2 2 2 2 2 2 2 2 2 2 2 2 2 2 2 2 2 2 2 2 2 2 2 2 2 2 2
left_child=1 4 16 5 52 6 42 24 13 63 26 12 45 15 46 17 18 27 -3 51 21 36 -23 73 93 116 32 -8 29 56 84 -31 103 81 106 -36 37 -20 89 -39 43 -32 50 75 114 57 -15 48 -43 80 -2 -13 -1 58 -55 65 -17 72 62 -60 -61 -62 -54 69 -25 -21 99 -18 -69 -9 -38 -72 -12 -10 113 -14 78 -78 121 -24 -47 82 112 86 -22 -86 -37 88 96 -30 -44 92 -7 94 -5 -29 -88 -67 -59 -26 -101 -66 -103 -4 -82 -71 107 108 -6 110 -64 -112 -27 -68 -45 -94 -11 125 119 -83 -120 -34 -123 -108 -125 -79
right_child=3 2 10 7 34 91 8 9 23 25 11 19 40 14 -16 28 67 -19 20 55 30 22 79 64 66 33 -28 95 38 31 41 -33 76 -35 35 83 70 39 -40 -41 -42 47 90 44 -46 49 -48 -49 -50 -51 -52 -53 53 54 -56 -57 -58 98 59 60 61 -63 109 -65 101 97 74 68 -70 105 71 -73 -74 -75 -76 -77 77 117 -80 -81 104 118 -84 -85 85 -87 87 -89 -90 -91 -92 -93 115 -95 -96 -97 -98 -99 -100 100 -102 102 -104 -105 -106 -107 123 -109 -110 -111 111 -113 -114 -115 -116 -117 -118 -119 120 -121 -122 122 -124 124 -126 -127
leaf_value=-0.012648916438921123 -0.0067436361885671245 -0.010652913586223793 -0.016160165529254523 -0.0077487506766518149 -0.0022018948511321437 -0.00077145880221544786 -0.0039222542069694225 0.041668725066324658 0.0046410234306603132 -0.037579049232394197 -0.026345013611846498 0.0021159724799759915 0.010631864716014638 0.026461185880450735 0.039315057018744236 -0.011870334056172964 -0.011534474989169473 0.030252433260874182 -0.011746791443078523 -0.009098809068107179 -0.0088323787730157175 -0.0054454346406547461 0.036288560050609271 0.013755323481338481 0.0083442928814060416 0.03215545603524915 0.0096751347687893206 0.011542970207532515 -0.0016151352079104488 0.0058368272059538375 -0.0050891236847637163 -0.014713933318887391 -0.003476761268132793 0.032283928214207343 -0.010538258771312325 0.027801059269182936 -0.019638467440571374 0.015534530641961858 0.023350661882676021 0.058677395135164262 0.0060632259933983317 0.0010547176651397559 0.0082188932797994732 0.0071934600770594036 0.055592115600419933 -0.0015690898539344217 0.012571648477303955 -0.016927505383796799 0.012279777418877952 -0.0008362521138385008 0.019264833267577209 -0.0094013686012732207 -0.010057720396029261 -0.0047313044124623624 0.026145864880097139 0.017527805118288248 0.0066493997510280872 0.0012212671904330247 -0.012460341007996027 -0.012295763667506451 -0.00017800735588559133 0.034281392557889291 -0.0076681857371911936 -0.010262891627692927 0.032011390077577667 0.020570762759884165 0.017921496513083619 -0.0081666531220920685 0.0093234561885409753 0.010187488515421252 0.016190454876572839 -0.0039612704468404503 0.067579597272201919 0.015960950136661024 0.028864455017462813 0.018964101441337217 -0.0041072809431340956 -0.043601730721337453 0.036264158907176568 -0.0032309193240526394 0.0092073131133655044 0.031358900760996997 0.0089268469539766585 -0.013273905724862759 0.0088141259435236315 -0.0049067107916567513 -0.0028825812460993791 0.01121708097845767 0.0087534803617232825 0.011307395013853232 -0.01098527914838336 0.035117734919414313 0.025362142967946182 0.01673555072050794 0.012908444394153394 0.020998171350819078 0.025167629487696103 0.0028445801634907641 -0.018157642137103618 0.025320524104210578 0.018863106247115548 -0.058157726025581356 0.023546997623568287 0.010541180699981528 0.026750935420851659 -0.042556696209040554 -0.012296386009801078 -0.01283881869270528 0.015419361907613846 0.0041686774400290652 -0.011908218904453165 0.047423745791797769 0.0097163742390827552 0.076981006095538262 0.025489427147065428 0.10205834722796152 0.038951841180047207 0.00017935187069337757 0.023380274180203702 0.010002897710121255 0.043073446152086511 0.06412985133913765 -0.018886616070651344 -0.0047580783992514234 0.027114506777064257 0.032917035305267808
leaf_weight=324249 8587 17725 5047 2057 3479 461 2837 374 3383 43 54 4912 9606 3099 3045 1309 29343 4562 1131 1750 23311 1275 2810 2788 1282 1690 4938 12298 2507 2856 15800 4381 905 14830 4715 553 1129 657 3848 712 5564 17731 8648 927 698 2826 21669 1180 5681 6011 723 10934 40978 2050 713 3421 29820 18940 105989 4365 1002 902 7552 1152 5577 1316 66313 8174 2112 2057 1729 9667 167 16160 3122 10579 14184 42 477 234 31152 8576 2659 1100 2161 9790 9036 4295 4177 7036 923 3820 8215 1777 1378 4231 372 2780 766 20654 9816 50 8797 408 879 99 9627 2485 1391 3471 136 219 736 74 4351 43 5990 603 27565 686 713 113 54 2486 251 616
leaf_count=324249 8587 17725 5047 2057 3479 461 2837 374 3383 43 54 4912 9606 3099 3045 1309 29343 4562 1131 1750 23311 1275 2810 2788 1282 1690 4938 12298 2507 2856 15800 4381 905 14830 4715 553 1129 657 3848 712 5564 17731 8648 927 698 2826 21669 1180 5681 6011 723 10934 40978 2050 713 3421 29820 18940 105989 4365 1002 902 7552 1152 5577 1316 66313 8174 2112 2057 1729 9667 167 16160 3122 10579 14184 42 477 234 31152 8576 2659 1100 2161 9790 9036 4295 4177 7036 923 3820 8215 1777 1378 4231 372 2780 766 20654 9816 50 8797 408 879 99 9627 2485 1391 3471 136 219 736 74 4351 43 5990 603 27565 686 713 113 54 2486 251 616
internal_value=1.44028e-05 -0.00717347 0.000100855 0.0173529 -0.0112123 0.0127589 0.0115867 0.0218946 0.0130256 0.0263093 0.00517609 0.0067961 0.00878542 0.0109387 0.0170472 0.00869394 -0.00473013 0.0149483 -0.002973 -0.000532877 -0.00154006 0.00519534 0.0218272 0.018902 0.0191096 0.0275121 -0.00178221 0.0113431 0.00580246 0.00351757 -0.00326223 -0.00660381 -0.00430242 0.0263682 -0.00278336 0.000789377 0.000414425 0.0154795 0.0123488 0.0379726 0.0155355 -0.000295108 0.000898175 0.0175501 0.0261674 0.00526301 0.0143095 0.00278498 0.00377852 0.00736222 -0.00472386 -0.00583118 -0.0119661 -0.0106434 0.00323664 0.0085269 0.00587063 0.000957756 -0.0108764 -0.0119687 -0.00365729 0.0161468 -0.00853426 0.00556866 0.0244662 0.00325969 0.0197812 -0.00972821 -0.00457545 0.0127773 -0.00259259 -0.000903853 0.0446297 0.0140014 0.0184759 0.0149988 -0.0011372 -0.00257066 0.0131558 0.0332506 0.00877603 0.02431 0.0167612 0.00352371 -0.00666102 -0.00242569 0.00452612 0.00380626 0.00146328 0.00791257 0.0063669 0.0276364 0.0243586 0.00606058 0.000538182 0.0139633 -0.00177345 0.00853981 0.000467982 0.0226388 0.0232402 0.0265365 0.0230852 -0.0141631 0.00968875 0.00776556 -0.00717667 -0.00246316 0.0028312 -0.00304749 -0.00621523 0.0246938 0.0253479 0.0179873 0.022276 0.0257615 0.0384064 0.0147135 0.0253326 0.0297771 0.0238768 0.00287344 0.0372862 -0.0099806 -0.00183516 0.0280329
internal_weight=1.17828e+06 832965 297372 345316 535593 171673 159134 173643 140253 67170 145020 117633 92520 103498 27813 75685 152352 23928 112723 25113 94998 19344 4319 36755 106473 63488 27387 19366 51757 38366 75654 7237 22449 57455 43967 24248 15025 2500 13391 1369 31725 40392 18881 26161 5976 60795 24768 24592 23412 40868 9310 15846 491626 167377 2763 9267 31129 19927 164614 112258 6269 1904 52356 3682 17212 5846 101261 39629 10286 2530 12525 11396 221 19543 69509 20185 16994 15445 1549 3044 34857 42625 5085 19533 35262 11951 18433 17880 13585 9543 9571 12539 8719 5212 3435 16529 9408 4096 19706 31752 30470 14424 8847 5455 32031 2156 19719 7355 4870 11378 7907 355 2426 66387 5278 8258 6033 1261 37540 9262 28278 1072 167 12364 2737 658
internal_count=1178281 832965 297372 345316 535593 171673 159134 173643 140253 67170 145020 117633 92520 103498 27813 75685 152352 23928 112723 25113 94998 19344 4319 36755 106473 63488 27387 19366 51757 38366 75654 7237 22449 57455 43967 24248 15025 2500 13391 1369 31725 40392 18881 26161 5976 60795 24768 24592 23412 40868 9310 15846 491626 167377 2763 9267 31129 19927 164614 112258 6269 1904 52356 3682 17212 5846 101261 39629 10286 2530 12525 11396 221 19543 69509 20185 16994 15445 1549 3044 34857 42625 5085 19533 35262 11951 18433 17880 13585 9543 9571 12539 8719 5212 3435 16529 9408 4096 19706 31752 30470 14424 8847 5455 32031 2156 19719 7355 4870 11378 7907 355 2426 66387 5278 8258 6033 1261 37540 9262 28278 1072 167 12364 2737 658
is_linear=0
shrinkage=0.03


Tree=32
num_leaves=127
num_cat=0
split_feature=28 28 28 33 28 34 33 16 36 28 27 34 28 27 27 33 28 27 26 37 37 27 18 28 33 25 18 1 18 18 17 17 28 34 33 37 27 36 18 18 33 6 16 34 36 17 34 27 18 8 16 34 16 8 33 27 8 27 18 4 0 16 25 27 27 33 29 28 37 36 1 27 18 33 27 28 17 16 0 17 0 33 33 8 34 16 4 28 36 28 37 16 8 27 28 33 27 27 33 27 8 0 28 11 11 33 27 11 16 34 34 12 18 11 27 37 16 18 6 1 18 33 32 18 17 27
split_gain=176571 17450.9 15513.8 6980.38 5872.09 3240.33 3086.32 2992.57 2020.1 1776.91 1457.24 1381.88 1058.81 893.559 867.284 849.565 1201 846.892 766.189 905.672 670.919 664.454 643.76 621.552 626.302 599.3 592.792 583.787 571.446 542.119 536.115 638.612 556.651 475.509 1421.52 632.987 473.971 472.293 468.242 467.475 458.383 437.776 431.552 417.116 414.638 386.578 383.837 376.424 369.218 365.346 358.818 348.375 346.253 563.096 498.809 342.557 337.632 345.43 352.014 336.84 330.922 330.501 326.308 325.413 322.306 314.318 304.938 614.591 351.264 344.243 472.077 340.481 301.126 288.377 285.194 283.292 273.044 364.187 322.746 308.089 272.62 400.064 503.267 263.966 263.888 262.724 273.458 258.991 386.14 258.955 469.802 378.253 1162.49 296.453 241.692 240.435 532.348 267.515 239.647 235.431 235.22 234.585 231.631 231.459 229.584 228.807 228.774 228.207 226.591 226.568 226.26 225.866 231.312 224.626 223.89 271.65 289.579 219.287 215.305 212.137 207.618 206.124 214.179 204.463 204.073 297.648
threshold=1.1219645237111375 5.423409150348343 0.16624505300930573 0.052765155592741718 9.8717944032260636 1.4676774517475548 0.025781629466387009 1.0000000180025095e-35 0.063014685086042466 0.51785501459197014 0.12848822407021221 0.57852776937170458 0.047955041778041364 0.019670872007458779 0.036311245721003936 0.064279935275080927 1.7504223575997926 0.036311245721003936 1.0000000180025095e-35 2.4841726515107863 0.50865283701267294 0.014973846545325393 1.0000000180025095e-35 13.364681153834583 0.011981899492835048 0.37940952255126048 3.5000000000000004 439.50000000000006 2.5000000000000004 3.5000000000000004 1.5000000000000002 6.5000000000000009 8.8358794293418814 0.10454762467725338 0.0082937579318871097 0.73453215596083743 0.27374693722197119 0.12942044372277478 16.500000000000004 1.0000000180025095e-35 0.082682851751971057 947.50000000000011 12.500000000000002 0.10102616414449164 0.022595411587304565 4.5000000000000009 1.4159305757405931 0.047187047539250425 1.5000000000000002 51.500000000000007 1.0000000180025095e-35 0.1362768408773313 1.0000000180025095e-35 43.500000000000007 0.01962086276832176 0.090389262019821462 52.500000000000007 0.2412725848941962 1.5000000000000002 192.50000000000003 16.500000000000004 2.5000000000000004 -0.12940952255126037 0.073453987472148666 0.071646505472169913 0.11144335091509766 0.0006963784507029977 84.027302325581402 10.704625215838254 0.038277474009009847 378.50000000000006 0.20833333333333337 6.5000000000000009 0.0080217689457467538 0.099375729063849991 0.341055491100828 4.5000000000000009 5.5000000000000009 39.500000000000007 1.0000000180025095e-35 63.500000000000007 0.040011435105774734 0.029648907202583199 40.500000000000007 0.05021839521237275 7.5000000000000009 72.500000000000014 0.010371837600152969 0.017348284266447907 1.7840888116925042 1.9084419402385009 1.0000000180025095e-35 46.500000000000007 0.0921235037110303 0.341055491100828 0.052765155592741718 0.0040397150012150594 0.0065611436846809154 0.02860575891516114 0.010013046234375276 33.500000000000007 30.500000000000004 0.38875824738600939 5.8750000000000009 0.19709079283887471 0.040011435105774734 0.049108830123132177 0.49545454545454554 1.5000000000000002 0.42138432990575908 2.3148474769376115 0.66678787878787882 7.5000000000000009 1.9642857142857146 0.0043765384696261419 2.6237698179724886 1.0000000180025095e-35 14.500000000000002 3409.5000000000005 330.50000000000006 1.0000000180025095e-35 0.040011435105774734 1.5093702000281364e-05 1.0000000180025095e-35 4.5000000000000009 0.0043765384696261419
decision_type=2 2 2 2 2 2 2 2 2 2 2 2 2 2 2 2 2 2 2 2 2 2 2 2 2 2 2 2 2 2 2 2 2 2 2 2 2 2 2 2 2 2 2 2 2 2 2 2 2 2 2 2 2 2 2 2 2 2 2 2 2 2 2 2 2 2 2 2 2 2 2 2 2 2 2 2 2 2 2 2 2 2 2 2 2 2 2 2 2 2 2 2 2 2 2 2 2 2 2 2 2 2 2 2 2 2 2 2 2 2 2 2 2 2 2 2 2 2 2 2 2 2 2 2 2 2
left_child=2 6 8 11 5 7 10 14 87 18 37 27 -10 26 25 16 39 76 99 22 44 -17 75 24 -6 33 65 48 63 66 43 32 -32 -3 73 -36 64 49 89 109 45 72 62 74 -13 59 60 61 102 50 51 -2 54 -54 94 -31 57 58 -15 95 -45 -46 -34 -22 103 -11 67 71 85 -70 123 -25 101 -35 84 119 77 78 79 -7 81 82 -26 -60 -9 86 -68 -1 -89 93 106 92 -92 -23 -29 -14 -97 -98 -41 108 -24 -18 -4 110 -33 -30 -91 -62 -5 -8 -19 112 -21 -106 115 116 -42 -107 -53 -20 -116 122 -65 -71 -90 -126
right_child=1 4 3 9 23 17 15 30 12 13 -12 20 40 56 -16 21 41 36 19 111 28 38 100 29 80 -27 -28 52 105 55 31 104 42 34 35 -37 -38 -39 -40 98 114 -43 -44 46 47 -47 -48 -49 -50 -51 -52 118 53 -55 -56 -57 -58 -59 83 -61 107 -63 -64 121 -66 -67 68 -69 69 70 -72 -73 -74 -75 -76 -77 -78 -79 -80 -81 -82 -83 -84 -85 -86 -87 -88 88 124 90 91 -93 -94 -95 -96 96 97 -99 -100 -101 -102 -103 -104 -105 113 117 -108 -109 -110 -111 -112 -113 -114 -115 120 -117 -118 -119 -120 -121 -122 -123 -124 -125 125 -127
leaf_value=-0.012660764524285644 -0.018837451493590351 -0.016067418390009774 -0.010518829583229642 -0.015467848100254773 0.0034850054686064954 -0.02456978920053263 -0.0088035415633909379 0.026991817116737364 -0.01233138926306581 -0.0087475897237648693 0.0082046922612592482 -0.0097283521687238136 -0.01531583367494779 0.011198156313088094 0.016189047967114213 -0.0057640986478827297 0.0039494610766097685 0.023696980624404174 -0.0039125855819556422 0.008491614804081905 -0.0036146059259411644 0.014372442896376425 -0.0024247748722170549 0.034795624666803464 0.036446858922652849 -0.01363308512487355 0.019202015432795243 -0.0005967247306240042 -0.012140178763071174 -0.049815104229975551 0.011029653073037191 0.026123177244638404 0.040573570122745643 0.037170347742850093 0.018900605645439276 -0.0057083391294529568 0.018332944456060294 0.01903794169801714 0.0034251336369793251 0.0121005676140627 -0.024881744494243543 0.018131807209927554 0.00039548387576038665 -0.0061951725573391302 0.016911623735823444 0.0091689737762725397 -0.013198323661834 -0.0029938039865102018 -0.012090020591093894 0.032172059419480238 -0.0095558336035850063 0.0022291331546334305 -0.011916902220126292 -0.0016214629842625104 0.010983124643955299 0.022754144275774119 0.0015065471288546535 0.020406535908039643 0.0043011561997660479 -0.016871008505081553 0.018199367021501319 0.0037974147544067413 0.023675267928679737 0.0059830058178058287 0.022934956214387268 0.069198185357641662 0.0047538433787882878 0.05381573460376398 0.030195002787527573 0.081115961242805831 0.030747394016581379 0.029232164594263393 -0.001996872385227816 0.087523910360676888 0.022201756752473264 -0.0096347479640815376 0.076853376531600945 0.0062654070573798298 0.043324074427550263 0.070486542306295252 0.022677542080817209 0.029992601617665909 0.0075428098942381377 0.013507982146433681 -0.023668378058878468 -0.011703251922393545 0.025416828686302455 -0.012196463527568403 -0.01016154784943797 0.030427932549447489 0.01952973141164099 0.016768465100352643 -0.0037059810117893075 0.0077792255106534465 -0.015357937239372831 0.11769450160590085 0.009704188158756101 -0.0042502835365831855 -0.0030908184270850205 0.0050920182212616976 0.0070116841966060524 0.011587766650271471 -0.0062408469506079244 0.066736780064446583 -0.038028763532638551 -0.0015963717596390666 0.019109270831906233 0.071177469612778835 0.010031610979458649 0.0092851849108437981 -0.020659735626498615 -0.012895925596603373 -0.011993905187696498 0.011804605163633823 0.0079870758004156554 0.035268824680837814 0.025762797705807073 -0.024434666675215405 0.033606494515776061 0.018303333570875904 -0.0022927526829796246 0.010304031826132562 -0.0091452836738319526 0.15643684091775314 0.010843787763330375 -0.0091653842036308053
leaf_weight=181637 718 1245 19232 995 1216 122 679 110 11545 4990 12716 1764 1490 21557 2123 1578 4102 151 1304 7346 31250 21449 7574 14962 803 4225 840 3323 9473 59 1512 126 2841 262 1231 3989 56833 694 3617 1032 196 7275 362 514 3213 1833 400 2912 33885 220 11612 3661 9485 9641 2772 7546 5947 2312 17812 2009 6584 3746 1612 1856 38730 47 654 1100 1004 110 167 29264 1770 168 242 18107 150 338 1904 41 16660 14445 1669 3326 583 204 4860 158928 123675 2553 4260 19551 3555 8598 1427 33 1365 13125 9901 19302 3465 30711 27939 42 237 3903 4338 74 458 7583 329 543 532 124 3522 446 211 419 208 550 3551 2630 1542 46 1029 1913
leaf_count=181637 718 1245 19232 995 1216 122 679 110 11545 4990 12716 1764 1490 21557 2123 1578 4102 151 1304 7346 31250 21449 7574 14962 803 4225 840 3323 9473 59 1512 126 2841 262 1231 3989 56833 694 3617 1032 196 7275 362 514 3213 1833 400 2912 33885 220 11612 3661 9485 9641 2772 7546 5947 2312 17812 2009 6584 3746 1612 1856 38730 47 654 1100 1004 110 167 29264 1770 168 242 18107 150 338 1904 41 16660 14445 1669 3326 583 204 4860 158928 123675 2553 4260 19551 3555 8598 1427 33 1365 13125 9901 19302 3465 30711 27939 42 237 3903 4338 74 458 7583 329 543 532 124 3522 446 211 419 208 550 3551 2630 1542 46 1029 1913
internal_value=1.39707e-05 0.0167049 -0.0080664 -0.00249934 0.0221723 0.0179607 0.00923102 0.00906289 -0.0112254 0.00314284 0.000512402 -0.00637334 -0.00469538 0.00694708 -0.00138153 0.011193 0.00867151 0.0205373 -0.000449931 -0.0029062 -0.00283287 0.0134807 -0.00527617 0.0278254 0.0246355 -0.00473606 -0.0041294 -0.00843469 -0.00431396 0.0296759 0.0180907 0.0243611 0.0269091 0.000715706 0.00441393 9.50346e-05 0.020084 -0.00520344 0.0139278 0.002413 -0.00152207 0.0114106 0.0318956 0.0130682 0.00366853 -0.00395681 0.0154026 0.00606263 -0.00970109 -0.00622808 -0.00674959 0.000354418 -0.00458263 -0.0067272 0.000870318 0.0221911 0.00822463 0.00911232 0.00850072 -0.00529183 0.0169977 0.0098523 0.0344563 -0.00238356 0.0226194 -0.00802028 0.0307628 0.0316653 0.0249563 0.0388617 0.0658008 0.0311143 0.010074 0.0568434 -0.00583608 -0.00849114 0.037584 0.0351348 0.0398556 -0.000659914 0.0254015 0.0280841 0.0169319 0.00574982 -0.0156271 0.0217292 0.0229661 -0.0117751 -0.0112118 0.0145186 0.0163015 0.0145386 0.00895994 0.0124858 -0.0050313 -0.00383909 -0.00266163 -0.00293573 -0.00165686 0.00421537 0.000537208 0.0106877 -0.00798502 -0.000796675 -0.00874235 -0.00953046 0.0233026 0.0187882 -0.00743017 0.00779859 -0.00670585 0.00581833 0.00710823 -0.0209115 0.00457708 0.0190962 0.00137378 -0.00381045 0.003916 0.0026779 0.00282609 0.00399835 -0.000882157 0.103326 -0.00997579 -0.00216693
internal_weight=1.17828e+06 384354 793927 287419 221973 127204 162381 28564 506508 117007 29829 170412 39326 56831 13243 132552 63053 98640 60176 39421 62708 69499 31000 94769 34793 11120 5877 107704 51073 59976 15321 6814 6327 6895 5650 5220 96085 17113 67921 19195 27781 43858 4815 8507 11635 19855 7572 9871 81056 16419 16199 4587 26648 19126 7522 7605 50954 45007 42695 18022 7172 6959 4453 37278 39252 5037 52371 45326 7045 1327 323 44226 36583 430 935 19961 2555 2405 2067 163 33577 16917 2472 21138 693 5718 5514 467182 285545 64304 34257 27366 7815 30047 4750 16013 14523 14490 10933 20755 11039 34813 47171 522 487 13795 6891 6658 1453 8262 480 8421 7878 361 7926 853 407 4322 3869 1854 7073 6028 3398 156 126617 2942
internal_count=1178281 384354 793927 287419 221973 127204 162381 28564 506508 117007 29829 170412 39326 56831 13243 132552 63053 98640 60176 39421 62708 69499 31000 94769 34793 11120 5877 107704 51073 59976 15321 6814 6327 6895 5650 5220 96085 17113 67921 19195 27781 43858 4815 8507 11635 19855 7572 9871 81056 16419 16199 4587 26648 19126 7522 7605 50954 45007 42695 18022 7172 6959 4453 37278 39252 5037 52371 45326 7045 1327 323 44226 36583 430 935 19961 2555 2405 2067 163 33577 16917 2472 21138 693 5718 5514 467182 285545 64304 34257 27366 7815 30047 4750 16013 14523 14490 10933 20755 11039 34813 47171 522 487 13795 6891 6658 1453 8262 480 8421 7878 361 7926 853 407 4322 3869 1854 7073 6028 3398 156 126617 2942
is_linear=0
shrinkage=0.03


Tree=33
num_leaves=127
num_cat=0
split_feature=28 28 28 37 28 34 33 36 13 27 28 27 28 33 27 27 5 33 28 27 36 16 9 5 9 3 3 3 28 36 8 37 37 36 13 3 28 7 28 5 3 3 14 9 3 36 3 31 33 16 16 37 14 5 9 4 5 28 5 3 5 5 5 33 33 36 5 37 27 27 7 13 16 27 28 3 4 7 7 5 5 37 5 27 5 5 28 9 3 33 7 3 27 5 3 30 33 3 27 27 30 16 9 34 16 3 28 36 5 3 27 3 5 5 1 3 28 9 36 3 27 16 5 15 28 5
split_gain=166135 16424.7 14597 6585.45 5961.02 3004.5 2521.12 1900.71 1894.7 1882.23 1445.03 1376.13 996.23 921.734 824.343 820.985 820.968 800.238 783.585 775.041 815.907 733.963 645.898 618.203 608.942 608.954 636.646 922.717 588.833 584.532 579.096 543.801 1334.84 886.214 540.839 518.525 544.501 517.533 510.092 507.039 487.477 459.726 456.676 463.408 446.184 446.03 438.727 506.325 431.292 429.137 412.855 408.874 408.4 405.423 373.556 364.229 396.8 363.021 355.469 349.972 344.609 582.847 459.458 337.437 337.117 328.968 327.567 322.266 322.262 319.34 306.375 295.869 294.385 288.108 287.627 279.486 285.923 279.264 278.646 330.326 287.55 273.598 273.576 270.884 277.857 270.288 268.782 315.456 283.921 268.561 266.723 266.243 265.029 264.768 332.478 258.527 258.2 255.526 254.848 297.273 253.11 249.578 249.4 295.963 248.554 247.233 243.685 363.319 286.511 365.464 1587.44 358.69 304.174 349.989 243.18 242.477 239.706 239.028 238.434 233.995 231.737 230.821 233.241 230.26 229.795 241.084
threshold=1.1219645237111375 3.3970942969526434 0.16624505300930573 1.653324433043269 9.8717944032260636 1.4676774517475548 0.025781629466387009 0.063014685086042466 1.0000000180025095e-35 0.099375729063849991 0.51785501459197014 0.12848822407021221 0.047955041778041364 0.048040678060612831 0.036311245721003936 0.021165154193589272 3383.5000000000005 0.01962086276832176 5.5636679508846436 0.051654107958206123 0.074368616679201693 2.5000000000000004 -1.0000000180025095e-35 4104.5000000000009 55.500000000000007 27.500000000000004 127.50000000000001 138.50000000000003 22.445611888829731 0.0084708063553290188 43.500000000000007 0.67678099669348279 0.24158594618482945 0.01384857714641711 1.0000000180025095e-35 30.500000000000004 8.8358794293418814 14.500000000000002 1.7504223575997926 3225.5000000000005 27.500000000000004 39.500000000000007 0.0028501238446996223 29.500000000000004 158.50000000000003 0.03020750238246352 138.50000000000003 11.595508557639237 0.082682851751971057 6.5000000000000009 3.5000000000000004 39.552931979225654 0.97827018899809903 2384.5000000000005 64.500000000000014 190.50000000000003 3909.0000000000005 9.0737364846598432 330.50000000000006 145.50000000000003 3309.5000000000005 3992.0000000000005 3938.5000000000005 0.068150272568031925 0.029954805683116557 0.12942044372277478 1685.5000000000002 1.3923217592054311 0.076487999272432647 0.22495712796118683 13.500000000000002 1.0000000180025095e-35 8.5000000000000018 0.049751265945630792 1.0749542004379322 42.500000000000007 182.00000000000003 7.5000000000000009 14.500000000000002 3358.5000000000005 4044.5000000000005 0.09950595727325684 1335.5000000000002 0.059240166606931481 3449.5000000000005 1672.5000000000002 0.94489103413968012 70.500000000000014 26.500000000000004 0.040011435105774734 11.500000000000002 37.500000000000007 0.067263420724094899 1671.5000000000002 26.500000000000004 0.067274736675500726 0.0082937579318871097 120.50000000000001 0.12876491654385921 0.25219298245614041 0.028041739051188914 4.5000000000000009 28.500000000000004 11.917101755160948 16.500000000000004 42.500000000000007 0.010371837600152969 0.017348284266447907 3291.5000000000005 139.50000000000003 0.0014827189222141278 42.500000000000007 3992.0000000000005 3924.5000000000005 759.50000000000011 3.5000000000000004 0.032334071694715506 41.500000000000007 0.0080016569810327908 129.50000000000003 0.029753306623641031 8.5000000000000018 1536.5000000000002 4.5000000000000009 0.37716298715792879 3414.5000000000005
decision_type=2 2 2 2 2 2 2 2 2 2 2 2 2 2 2 2 2 2 2 2 2 2 2 2 2 2 2 2 2 2 2 2 2 2 2 2 2 2 2 2 2 2 2 2 2 2 2 2 2 2 2 2 2 2 2 2 2 2 2 2 2 2 2 2 2 2 2 2 2 2 2 2 2 2 2 2 2 2 2 2 2 2 2 2 2 2 2 2 2 2 2 2 2 2 2 2 2 2 2 2 2 2 2 2 2 2 2 2 2 2 2 2 2 2 2 2 2 2 2 2 2 2 2 2 2 2
left_child=2 6 7 17 5 8 11 106 9 31 24 41 -9 54 75 42 19 30 -10 20 121 22 45 68 25 78 51 120 29 -6 71 32 57 -34 40 72 -37 -29 52 44 -26 -2 43 82 -38 -19 47 104 55 65 98 91 59 66 89 56 -14 64 -35 63 74 62 -62 -21 -3 -43 -17 -52 -18 83 -31 117 81 77 -23 -7 -77 -32 79 115 -81 -20 -15 -16 101 -61 87 123 -89 -12 -48 -27 -65 -45 -95 -25 -33 -93 -30 -100 -42 -85 103 -70 -40 -71 -1 -108 109 -109 -111 -110 113 -113 -11 -5 -115 -4 -83 -72 -28 122 -8 -55 -24 -126
right_child=1 4 3 10 28 14 16 12 18 114 13 -13 48 15 69 53 23 21 35 38 -22 60 124 95 34 26 27 37 50 70 73 96 33 58 -36 36 39 -39 46 -41 100 49 -44 93 -46 -47 90 -49 -50 -51 67 -53 -54 86 -56 -57 -58 -59 -60 85 61 -63 -64 92 -66 -67 -68 -69 102 105 119 -73 -74 -75 -76 76 -78 -79 -80 80 -82 118 -84 84 -86 -87 -88 88 -90 -91 -92 97 -94 94 -96 -97 -98 -99 99 -101 -102 -103 -104 -105 -106 -107 107 108 111 110 -112 112 -114 116 -116 -117 -118 -119 -120 -121 -122 -123 -124 -125 125 -127
leaf_value=-0.012280941944268937 -0.012455963849770393 -0.010765519817085975 -0.0054559316685216155 -0.015094481008279334 0.0048827752857750484 0.027945786049879285 0.0085474946267164783 -0.011961447657755102 -0.0043314398787225837 0.014474337772305486 -0.003416621474453819 0.008119745760591851 -0.0047662262938402552 0.091486568357795478 0.0015703955456102343 0.0070360434069172894 0.019452190886171047 0.010911305013128205 -9.2168814916463509e-05 0.00039683423247588738 0.010666205694617483 -0.010109198416274225 -0.0098084331510398699 -0.0038960437340518606 4.3021167546679544e-06 0.032086141167385507 0.0076616140225669368 0.00081653028761649528 0.025681045233892065 0.025841106321469239 -0.010756101947727376 0.038114736914634705 0.072717312629576078 -0.035064170798286796 0.00080016035919539571 0.014863614680180779 0.026214568789134723 0.025117852412196932 0.011166106534835369 0.04453085628468291 0.017537082830603234 -0.00028189901009489969 0.0064499127732300168 -0.016656599356696524 -0.023256857086142356 -0.00065755453722763941 0.01299707276441388 -0.015228155341953271 0.0044397682608683358 -0.013281063885077252 0.006768124380356566 -0.0086936818063565093 -0.0033072877447238224 0.0099347793682238467 -0.0081036234447648247 -0.014903813911410029 0.0060879942928210489 0.051234012591211416 0.0219655886668675 0.0066185077652335163 -0.00071654452349296128 -0.011630203965049105 0.020786168725331702 0.018902507577934474 0.030986027753030929 0.023141635830149703 -0.0024698859079877325 0.026477184928520248 0.0088955942138883737 0.014103416407530302 -0.016075201552294038 -0.012140431132911023 -0.0010633075120916719 0.0015919972490970697 0.00028286959814660326 0.056204883949555591 0.018979187547659673 0.00032056510590694167 0.026691615844881812 0.0072892084505874659 -0.0095655742485789546 0.031407179805939482 0.0080369142112852645 0.022178034230563526 0.026028991006633192 0.033312077535243949 0.016374828311650911 -0.0067939668424865773 0.022564756703641484 0.0055039208390427231 0.020286897908556836 0.0052223422600734086 0.0073148613334165667 -0.019041987178794829 0.0050834743629208003 0.010363348464428289 -0.01043937258621172 0.014413043050735175 0.037343844288596058 0.030407176694543143 -0.011902732501895186 0.016154812618675622 0.016377920375128141 -0.019440959275066852 -0.00090475124099184798 0.018821388928035681 -0.011830569894394983 -0.010758188113123594 -0.0099176877569516833 0.032127577224572622 -0.010368077656000927 -0.0038286128421663079 -0.010837494665431971 -0.013216615226670834 0.030886997452467889 -0.004641499746369993 0.014019186837123188 -0.014326413563938042 0.014772967194650386 0.018041053031396869 -0.014275547263519048 -0.0088462096033400262 -0.001595378879780395 0.0023693551395200995 -0.004815692184955732 0.0051425313041972434
leaf_weight=181637 5163 2941 12876 2941 1307 1472 2824 11545 1539 2103 5319 12563 13595 64 611 18181 15367 4903 907 4710 9914 26640 5946 1781 4942 375 480 3065 5601 44134 6346 100 324 112 10469 3467 2422 1062 30029 1553 269 8771 3453 2320 176 7725 12183 701 7926 2310 785 1598 3253 12278 4904 2359 3901 95 808 571 4060 3638 1147 2373 185 575 3976 15289 2875 12271 194 39389 1207 5261 2634 845 238 3025 258 2960 1316 944 79 18619 9883 849 6075 340 2315 7081 7179 18314 7066 747 1649 3201 6896 3198 8427 16345 11466 9276 4823 375 1618 53925 158928 98563 12873 965 4391 4683 2720 338 1324 6224 2084 3471 4346 2687 4463 2568 7354 5135 10261 2781
leaf_count=181637 5163 2941 12876 2941 1307 1472 2824 11545 1539 2103 5319 12563 13595 64 611 18181 15367 4903 907 4710 9914 26640 5946 1781 4942 375 480 3065 5601 44134 6346 100 324 112 10469 3467 2422 1062 30029 1553 269 8771 3453 2320 176 7725 12183 701 7926 2310 785 1598 3253 12278 4904 2359 3901 95 808 571 4060 3638 1147 2373 185 575 3976 15289 2875 12271 194 39389 1207 5261 2634 845 238 3025 258 2960 1316 944 79 18619 9883 849 6075 340 2315 7081 7179 18314 7066 747 1649 3201 6896 3198 8427 16345 11466 9276 4823 375 1618 53925 158928 98563 12873 965 4391 4683 2720 338 1324 6224 2084 3471 4346 2687 4463 2568 7354 5135 10261 2781
internal_value=1.35515e-05 0.0162038 -0.00782441 -0.00242436 0.0211923 0.0172274 0.00849415 -0.0108887 0.0090744 0.00130811 0.00200412 0.000607613 -0.00455452 0.00496495 0.0196205 0.00681709 0.0103995 -0.00708084 0.0160561 0.00903831 0.00421154 -0.00480328 -0.0014238 0.0148628 -0.000977523 0.00111582 0.00334874 -0.00340203 0.0269906 0.0246722 -0.00933791 -0.0045248 0.00365502 0.0300494 -0.00454436 0.0181448 0.0236397 0.00706998 0.010589 0.0309696 -0.00789938 -0.0050036 -0.00189165 -0.0078195 0.0228632 0.00383422 0.0121282 0.00999036 -0.00147641 -0.00170259 0.0294026 0.00595592 0.00636033 0.00831579 -0.00109454 -0.00383811 -0.00234611 -0.00653888 0.0150228 0.00838029 -0.00760624 -0.00241697 0.00402008 0.00695537 -0.00829462 0.0011592 0.00533024 0.0255147 0.0169026 0.0192092 0.0252224 -0.0107323 0.0124912 -0.00402631 -0.00917415 0.0364565 0.0480242 -0.00718051 -0.00419062 -0.00478341 0.00210191 0.0151312 0.045385 0.021386 0.0217065 0.0225783 0.0108461 0.00917248 0.0188051 0.00167744 0.0157 0.0070255 0.010228 -0.00943279 -0.00243811 0.0052658 -0.00974535 0.00658864 0.0314602 0.0327669 -0.0112279 0.0201751 0.0120494 0.00562599 0.010549 0.0179468 -0.0114219 -0.0108754 -0.00967652 -0.0103435 -0.00271156 -0.00662301 -0.00230622 0.0009598 0.0208153 -0.00799581 0.0102183 -0.00733942 0.0177413 0.0157437 -0.0121453 -0.000808988 0.00121887 0.00770378 -0.00492065 -0.00269226
internal_weight=1.17828e+06 384354 793927 287419 233358 138589 150996 506508 31449 14888 147316 29382 39326 73916 107140 56612 121614 140103 16561 93192 22660 69735 31616 28422 73400 46254 32555 9070 94769 48322 70368 11461 4465 1244 27146 15022 7618 4127 70532 4151 16677 16819 8312 4859 2598 12628 51710 32348 27781 11656 46447 23485 18822 48300 17304 19855 17496 3221 920 15569 38119 8845 5207 14149 3126 9346 22157 16074 23440 104585 47015 55736 7404 14632 29274 2555 1083 9371 13699 13441 4276 6197 143 38389 37778 1420 26143 20068 2655 12400 19362 21887 9439 4716 2396 4982 6996 21512 30373 24772 11735 27895 8073 3250 31647 66196 467182 285545 126617 103919 5356 22698 9825 7105 3427 9165 2422 16347 5290 2881 4943 12746 10178 17413 18988 13042
internal_count=1178281 384354 793927 287419 233358 138589 150996 506508 31449 14888 147316 29382 39326 73916 107140 56612 121614 140103 16561 93192 22660 69735 31616 28422 73400 46254 32555 9070 94769 48322 70368 11461 4465 1244 27146 15022 7618 4127 70532 4151 16677 16819 8312 4859 2598 12628 51710 32348 27781 11656 46447 23485 18822 48300 17304 19855 17496 3221 920 15569 38119 8845 5207 14149 3126 9346 22157 16074 23440 104585 47015 55736 7404 14632 29274 2555 1083 9371 13699 13441 4276 6197 143 38389 37778 1420 26143 20068 2655 12400 19362 21887 9439 4716 2396 4982 6996 21512 30373 24772 11735 27895 8073 3250 31647 66196 467182 285545 126617 103919 5356 22698 9825 7105 3427 9165 2422 16347 5290 2881 4943 12746 10178 17413 18988 13042
is_linear=0
shrinkage=0.03


Tree=34
num_leaves=127
num_cat=0
split_feature=28 28 28 37 28 3 36 34 36 28 10 27 28 3 27 4 5 27 36 34 37 5 28 3 5 9 9 3 28 25 36 3 37 3 15 34 3 3 7 14 1 0 3 27 3 5 27 3 31 8 37 36 1 31 24 3 7 10 27 25 37 8 3 36 27 34 5 3 5 5 28 9 10 5 11 11 37 25 31 28 34 3 5 7 0 3 34 27 28 0 14 0 14 7 5 6 34 6 37 34 0 37 34 3 28 25 3 34 10 4 0 24 14 28 9 37 29 36 12 34 28 34 3 37 27 27
split_gain=156317 15479.8 13734.3 6196.25 5188.54 2925.88 2527.98 2450.18 1788.38 1359.63 1324.83 1069.02 937.353 889.324 881.792 858.704 850.676 872.251 959.095 702.715 881.581 665.488 655.785 643.731 612.804 575.744 572.954 574.541 557.832 557.242 511.03 480.115 492.842 471.094 468.298 455.21 581.631 857.46 492.385 483.465 443.893 420.068 409.449 433.799 703.827 395.676 379.551 376.066 380.507 350.755 350.189 370.676 332.058 331.823 330.14 328.975 423.677 638.427 326.43 324.864 322.904 315.188 312.024 308.088 306.292 298.984 296.201 294.994 294.219 293.732 293.384 296.042 323.52 291.574 291.104 334.391 295.374 318.44 285.189 284.106 282.817 282.601 282.509 279.499 314.456 277.937 276.622 269.738 269.687 267.85 267.804 283.962 262.706 323.032 258.544 256.945 469.662 364.709 346.204 255.524 254.988 273.669 292.671 252.487 251.562 249.839 283.781 264.633 249.281 377.737 249.144 244.925 243.37 243.326 265.963 264.435 384.623 266.173 241.072 244.268 240.431 294.903 236.342 234.925 233.981 227.821
threshold=1.1219645237111375 5.423409150348343 0.16624505300930573 1.653324433043269 9.8717944032260636 27.500000000000004 0.019274753306614746 1.510534454572019 0.063014685086042466 0.51785501459197014 1.0000000180025095e-35 0.087804421726683221 0.047955041778041364 156.50000000000003 0.087804421726683221 192.50000000000003 3383.5000000000005 0.051654107958206123 0.074368616679201693 0.57852776937170458 0.50865283701267294 3358.5000000000005 1.7504223575997926 42.500000000000007 3260.5000000000005 33.500000000000007 55.500000000000007 12.500000000000002 13.364681153834583 -0.5 0.0084708063553290188 145.50000000000003 1.653324433043269 74.500000000000014 8.5000000000000018 30.494714548548082 127.50000000000001 138.50000000000003 14.500000000000002 0.99639375002362851 439.50000000000006 15.500000000000002 42.500000000000007 0.010013046234375276 137.50000000000003 2384.5000000000005 0.036311245721003936 26.500000000000004 0.76131021780083852 52.500000000000007 0.24158594618482945 0.0084708063553290188 18.500000000000004 3.3073229190800428 -0.37940952255126059 138.50000000000003 13.500000000000002 1.0000000180025095e-35 0.13311560801174066 0.98296291314453421 0.3441713326327826 40.500000000000007 42.500000000000007 0.096308705950299348 0.01864013063291348 0.25194351857619968 4712.5000000000009 29.500000000000004 1672.5000000000002 3303.5000000000005 0.634234399382126 39.500000000000007 1.0000000180025095e-35 2983.5000000000005 2.9444444444444451 0.19709079283887471 0.09950595727325684 0.78656609248549303 0.76131021780083852 6.1356744592253847 3.2298970229934039 12.500000000000002 1180.5000000000002 11.500000000000002 189.50000000000003 157.50000000000003 0.59052502632849191 0.023495207902885774 0.94489103413968012 97.000000000000014 0.93119681342480332 31.500000000000004 0.94875514631664049 5.5000000000000009 3383.5000000000005 1.0000000180025095e-35 4.5229126174534757 637.50000000000011 47.211339454069211 0.57105190082441804 63.500000000000007 11.425903358499502 13.770418325685014 76.500000000000014 0.11215773106761434 0.37940952255126048 26.500000000000004 0.10102616414449164 1.0000000180025095e-35 92.500000000000014 10.500000000000002 -1.0000000180025095e-35 0.7294405633384119 450.18373215212438 8.5000000000000018 10.895242786555082 0.0006963784507029977 0.038277474009009847 0.029473814842392657 0.1362768408773313 0.13970105364521065 0.59052502632849191 12.500000000000002 3.1155044680194903 0.12294618983195997 0.12750818647605938
decision_type=2 2 2 2 2 2 2 2 2 2 2 2 2 2 2 2 2 2 2 2 2 2 2 2 2 2 2 2 2 2 2 2 2 2 2 2 2 2 2 2 2 2 2 2 2 2 2 2 2 2 2 2 2 2 2 2 2 2 2 2 2 2 2 2 2 2 2 2 2 2 2 2 2 2 2 2 2 2 2 2 2 2 2 2 2 2 2 2 2 2 2 2 2 2 2 2 2 2 2 2 2 2 2 2 2 2 2 2 2 2 2 2 2 2 2 2 2 2 2 2 2 2 2 2 2 2
left_child=2 6 8 19 5 7 11 10 120 26 46 62 -10 14 24 21 17 18 112 25 33 42 31 -18 41 40 27 94 30 78 65 32 -19 70 60 36 39 -38 -39 59 67 -7 53 44 -44 -14 105 104 -49 81 82 -52 -16 63 -31 56 92 58 -58 -29 -30 -25 -2 -11 85 -6 88 -4 -33 -69 71 72 -21 -15 75 76 -12 -78 -28 -9 -34 -22 -43 -57 -85 -45 103 -17 -23 -71 91 -42 -24 -94 -5 96 -20 111 -98 -54 101 -32 -103 -13 -47 106 107 -3 109 -96 -26 -97 -8 114 -62 116 -116 -117 119 -64 -1 -122 -123 -112 -36 -93
right_child=1 4 3 9 28 13 16 79 12 15 74 86 45 73 52 87 23 22 95 20 49 66 55 61 110 -27 29 35 34 54 100 68 80 -35 124 -37 37 38 -40 -41 90 50 43 64 -46 47 -48 48 -50 -51 51 -53 99 -55 -56 83 57 -59 -60 -61 113 -63 118 -65 -66 -67 -68 69 -70 89 -72 -73 -74 -75 -76 -77 77 -79 -80 -81 -82 -83 -84 84 -86 -87 -88 -89 -90 -91 -92 125 93 -95 108 97 98 -99 -100 -101 -102 102 -104 -105 -106 -107 -108 -109 -110 -111 123 -113 -114 -115 115 117 -118 -119 -120 -121 121 122 -124 -125 -126 -127
leaf_value=-0.011304643913169215 -0.012689953595082603 -0.012339029808839818 -0.010136714033796044 -0.012022099426248165 0.04071843780320266 -0.01011200454154629 0.0018206629004630498 0.010309562471765135 -0.011602604269749057 -0.0064554867394651287 -0.0043482934041603185 0.00595441273021163 -0.0056921071044070161 -0.017068856451503158 0.018395305351394792 -0.013914860626081634 0.0079723287552378348 -0.0066860483194486481 0.010662743392632575 0.018433170836964167 -0.014914566414765008 0.0089234393853208048 0.01263363922879383 0.014577279962122762 0.0040486605902631837 -0.011434172895794629 0.0037394257340332827 0.005792127047076409 0.012162557091639929 -0.0065390395252372009 0.027658355275576894 0.0060387359498917347 0.0091545815769984024 -0.011167284595168159 -0.020198687734738201 -0.009042341073604989 -0.011780936030921871 0.00062353819073842991 0.024364317364515185 -0.0051974031210704841 0.0078266989318147556 0.02677480236270598 -0.01594745249915603 0.039788772564946076 0.031134075621186301 0.0002373560209570047 0.019191408995753046 0.0028141134764032797 0.026641360247581021 0.010123080492578094 0.052833096258269929 0.025192118831420193 0.0079825404394677918 0.0067610939828729299 0.001579798269544326 0.012490264862092664 -0.016015551403376981 0.015974969467783626 0.018441812004508642 0.018227722903441101 0.023191235362282268 0.02198829100989512 -0.014534826599596339 0.017307776026798158 0.0059589010955015363 -0.0016921626251005858 -0.0080688774593032989 -0.0077021576396556048 0.031914736927772309 -0.0050517821892874246 0.013128839831549112 -0.0045492426311652739 6.4961136791642768e-05 0.018966225877567362 0.034824149980974037 -0.020281309445009624 0.016751691562415467 -0.0056266352719415913 -0.013081065925509424 0.018503321342895465 0.00017924082707573917 -0.0058356833251400403 -0.0098192108769014647 0.011034849273480439 0.024083539031545594 -0.022684905278055292 0.015618304704627021 -0.0012458476558554698 0.016900243971967564 0.0073298545011652744 -0.0090259028727186948 -0.0038688759057481392 0.010067987877460292 -0.0024091376120320808 0.024699223710332615 0.010761710226413656 -0.015089934989330249 0.012710373013566782 0.10537500712004574 0.024467367124453434 0.021229486307777254 0.0042209089965321838 0.031640688436734024 -0.012401723816204236 -0.015687390855472425 -0.013204318411629936 -0.0094744552038422778 0.0095218923426035676 -0.0094531216492807699 -0.015143170600845701 0.038853132546628998 0.052516989204804881 -0.006450131390246935 0.074769921107934068 0.030097164700293885 0.027935455409665036 0.021573496167499675 0.047992075724789834 -0.0070119920890707932 0.0063974563828126966 -0.010687117741023095 -0.011502898326093882 -0.0031791581018174239 0.065841108292893122 0.019076807793458692 0.011551040202817496
leaf_weight=420993 4330 666 29383 3979 174 326 8105 4917 11545 7012 925 6461 11500 770 65389 1999 9447 3114 6993 1561 3856 17977 26309 13922 167 31557 1039 22874 1054 7384 15353 676 10419 1662 142 2920 4943 3028 1062 3427 2584 350 1688 409 344 1971 522 12043 635 1054 515 2870 903 3182 11572 17576 1686 1322 290 2061 6606 8211 599 528 28854 1067 790 17454 953 4089 3470 3020 1930 274 446 317 4681 652 7151 16894 4535 15446 415 2568 4712 76 2500 6215 4842 2555 5345 14219 7321 2507 669 183 893 1941 22 13469 16690 956 553 753 1632 3657 2985 1980 976 315 2790 409 5293 104 40717 1054 5396 1369 5241 3090 31187 4306 10696 324 3534 918
leaf_count=420993 4330 666 29383 3979 174 326 8105 4917 11545 7012 925 6461 11500 770 65389 1999 9447 3114 6993 1561 3856 17977 26309 13922 167 31557 1039 22874 1054 7384 15353 676 10419 1662 142 2920 4943 3028 1062 3427 2584 350 1688 409 344 1971 522 12043 635 1054 515 2870 903 3182 11572 17576 1686 1322 290 2061 6606 8211 599 528 28854 1067 790 17454 953 4089 3470 3020 1930 274 446 317 4681 652 7151 16894 4535 15446 415 2568 4712 76 2500 6215 4842 2555 5345 14219 7321 2507 669 183 893 1941 22 13469 16690 956 553 753 1632 3657 2985 1980 976 315 2790 409 5293 104 40717 1054 5396 1369 5241 3090 31187 4306 10696 324 3534 918
internal_value=1.3145e-05 0.0157176 -0.00758968 -0.00235163 0.020867 0.0169081 0.00867849 0.0100201 -0.010562 0.001944 0.00142061 -0.000542215 -0.00441788 0.0199135 0.0202419 0.004816 0.010198 0.0089298 0.00386523 -0.00686842 -0.00296325 0.0059593 0.0103673 0.0145284 0.029898 -0.00802435 -0.000948197 0.00108234 0.0261809 -0.00440803 0.023159 0.00557806 0.00417169 0.00362088 0.027934 0.00236565 0.00325645 -0.00337321 0.00678801 0.00536792 -0.00661863 0.0226788 0.00369812 0.0054279 -0.00797696 -0.00143212 -0.0056999 0.00157691 0.00400754 -0.00672916 0.0252546 0.0293975 0.0193028 -0.00136295 -0.00158276 0.0118346 0.0101309 -0.000162275 -0.0109585 0.00681999 0.0286113 0.0173267 -0.00608111 -0.00479143 0.00635631 0.00425421 0.00999082 -0.00811895 0.0211768 -0.00565866 0.00608335 0.0023285 0.0082783 -0.00761137 0.0113697 0.00977867 0.0113014 0.0140158 -0.0109472 0.0166561 0.00643269 -0.00764939 0.00692315 0.0145377 0.0194806 0.0299991 0.0070186 -0.00432904 0.0106161 -0.000290331 -0.00313999 -0.00136468 0.0110703 0.00688523 -0.00762898 0.0106817 0.00801815 0.0189971 -0.0121935 0.0234316 0.0238582 0.0264602 0.0142694 0.00403839 -0.00697585 -0.00709883 -0.00313367 0.00401948 0.00128951 0.0119448 0.0397467 0.0396095 -0.00144679 0.0289252 0.0288387 0.0296073 0.0290998 0.0392675 -0.0028766 0.00299858 -0.0110792 -0.00902455 -0.00556831 0.0416611 0.0175596 -0.00293372
internal_weight=1.17828e+06 384354 793927 287419 221973 127204 162381 38642 506508 147316 16831 22974 39326 88562 87518 73916 139407 107827 23839 140103 31999 65702 83988 31580 7757 108104 73400 46254 94769 27146 34793 19697 18068 11643 59976 40315 37395 9033 4090 28362 76547 4476 42093 31371 2032 27781 9810 16281 12678 20356 4150 3385 79761 10722 18956 64291 39435 3298 1976 24935 56300 22133 13260 7540 29339 1241 23609 53481 1629 24098 9981 6511 3491 1044 7021 6575 6258 5333 8190 21811 14954 19302 765 24856 7280 485 9714 8214 22819 6644 23066 17721 36137 9828 5939 10441 7908 2533 915 14372 33552 16862 1509 7214 3603 9288 5631 2646 1960 984 3281 592 13398 55246 55142 48536 46113 2423 8930 3689 467182 46189 15002 3114 3676 15137
internal_count=1178281 384354 793927 287419 221973 127204 162381 38642 506508 147316 16831 22974 39326 88562 87518 73916 139407 107827 23839 140103 31999 65702 83988 31580 7757 108104 73400 46254 94769 27146 34793 19697 18068 11643 59976 40315 37395 9033 4090 28362 76547 4476 42093 31371 2032 27781 9810 16281 12678 20356 4150 3385 79761 10722 18956 64291 39435 3298 1976 24935 56300 22133 13260 7540 29339 1241 23609 53481 1629 24098 9981 6511 3491 1044 7021 6575 6258 5333 8190 21811 14954 19302 765 24856 7280 485 9714 8214 22819 6644 23066 17721 36137 9828 5939 10441 7908 2533 915 14372 33552 16862 1509 7214 3603 9288 5631 2646 1960 984 3281 592 13398 55246 55142 48536 46113 2423 8930 3689 467182 46189 15002 3114 3676 15137
is_linear=0
shrinkage=0.03


Tree=35
num_leaves=127
num_cat=0
split_feature=28 28 28 33 28 34 33 3 33 28 27 34 13 27 27 3 27 37 26 3 33 30 14 3 28 16 17 18 37 28 33 18 27 3 34 16 34 15 28 18 8 34 33 4 8 33 24 27 18 28 18 27 34 3 33 18 14 27 27 0 17 3 4 7 32 0 7 3 28 33 17 33 14 14 15 17 37 27 33 18 33 16 27 10 37 7 16 34 34 37 0 33 0 28 3 14 12 0 34 27 37 16 8 35 28 37 17 33 7 27 27 18 10 0 27 3 7 28 13 34 34 27 3 24 18 30
split_gain=148354 14493.1 12814 5970.95 5163.26 2525.27 2234.96 1705.5 1449.5 1337.12 1234.75 1202.76 887.378 1531.57 805.247 777.966 765.817 731.576 826.424 687.089 680.248 983.868 685.38 651.029 593.964 545.828 542.777 522.006 519.033 512.15 509.456 505.67 472.811 464.843 440.905 415.998 404.017 396.977 455.903 396.675 396.385 915.437 394.807 459.823 378.565 372.167 450.883 342.569 338.483 338.233 331.098 567.692 329.028 327.084 325.67 323.447 322.098 315.815 315.498 303.883 304.435 299.544 299.242 296.092 295.939 295.048 299.829 294.292 287.453 285.978 282.585 279.286 276.834 275.515 275.336 292.157 275.066 272.419 284.339 271.178 260.368 259.191 270.895 400.101 342.921 320.375 256.564 256.376 255.688 249.512 252.336 252.53 243.716 237.814 245.149 271.744 237.349 237.11 373.963 235.829 258.162 315.961 234.57 233.081 231.902 229.158 244.026 285.8 223.488 233.95 222.367 221.7 217.55 217.52 217.302 414.12 499.975 408.569 356.2 228.68 341.622 471.097 241.541 216.424 216.21 226.271
threshold=1.1219645237111375 3.3970942969526434 0.16624505300930573 0.052765155592741718 10.349768061437796 1.4676774517475548 0.025781629466387009 30.500000000000004 0.07228366443559954 0.51785501459197014 0.087804421726683221 0.57852776937170458 2.5000000000000004 0.036311245721003936 0.036311245721003936 79.500000000000014 0.019670872007458779 2.4841726515107863 1.0000000180025095e-35 12.500000000000002 0.064279935275080927 0.067274736675500726 0.83339758416859433 139.50000000000003 0.010371837600152969 2.5000000000000004 4.5000000000000009 2.5000000000000004 0.8941782614145507 8.2466795937622326 0.040011435105774734 3.5000000000000004 0.014973846545325393 145.50000000000003 0.5849006463807539 1.0000000180025095e-35 0.058310496306930394 8.5000000000000018 16.4758353209752 2.5000000000000004 13.500000000000002 1.510534454572019 0.018382462470692553 219.00000000000003 43.500000000000007 0.021804550123690914 -0.70710678118654735 0.19779407501884169 1.0000000180025095e-35 0.26377411893262043 1.0000000180025095e-35 0.017063655335049156 40.449121484004422 142.50000000000003 0.027134046125247575 16.500000000000004 0.99639375002362851 0.017063655335049156 0.072780586798747993 39.500000000000007 1.0000000180025095e-35 1.0000000180025095e-35 15.500000000000002 5.5000000000000009 1.5093702000281364e-05 98.500000000000014 15.500000000000002 26.500000000000004 0.1650621005818729 0.028800942012315072 1.5000000000000002 0.034473578460920244 0.99434615785180824 0.019253938832252088 1.5000000000000002 2.5000000000000004 0.5232381454627465 0.14044471448912457 0.0065097274203476706 5.5000000000000009 0.090343490716129002 17.500000000000004 0.043143240023823713 3.7500000000000004 1.9084419402385009 6.5000000000000009 7.5000000000000009 4.1264653740153898 40.449121484004422 11.425903358499502 63.500000000000007 0.077160011493847283 128.50000000000003 0.070847127856879105 115.50000000000001 0.050022341376228789 0.666434863235976 107.50000000000001 0.63152790712306195 0.051654107958206123 5.1228334417600037 5.5000000000000009 53.500000000000007 6.5606062176072445e-05 4.0170689906812695 0.09950595727325684 7.5000000000000009 0.018382462470692553 14.500000000000002 0.009438130031101756 0.12073258417913142 1.0000000180025095e-35 5.2500000000000009 146.50000000000003 0.0921235037110303 137.50000000000003 16.500000000000004 2.2130830321917436 1.5000000000000002 8.7563879495090848 4.5229126174534757 0.039898036678820241 12.500000000000002 0.78656609248549325 1.0000000180025095e-35 0.016699666722132522
decision_type=2 2 2 2 2 2 2 2 2 2 2 2 2 2 2 2 2 2 2 2 2 2 2 2 2 2 2 2 2 2 2 2 2 2 2 2 2 2 2 2 2 2 2 2 2 2 2 2 2 2 2 2 2 2 2 2 2 2 2 2 2 2 2 2 2 2 2 2 2 2 2 2 2 2 2 2 2 2 2 2 2 2 2 2 2 2 2 2 2 2 2 2 2 2 2 2 2 2 2 2 2 2 2 2 2 2 2 2 2 2 2 2 2 2 2 2 2 2 2 2 2 2 2 2 2 2
left_child=2 6 8 11 5 7 10 12 26 17 35 25 13 67 59 29 31 18 -5 -13 21 22 111 48 -10 42 40 33 61 104 -28 80 -22 52 -29 53 -31 38 89 105 41 -1 -4 -44 -27 46 -38 69 49 -20 51 65 62 -2 -23 114 -19 -52 86 60 -7 -6 -21 -12 81 -43 -67 97 124 -16 102 -47 -57 87 96 -76 -64 78 -17 -24 -11 82 83 85 -84 -18 -56 -70 -40 90 -30 -92 -37 -32 112 -96 -61 98 -3 100 101 -71 -63 -91 -9 -14 107 -107 109 -25 -39 -8 -95 -46 119 116 -116 -117 -118 120 122 -122 -34 -99 125 -26
right_child=1 4 3 9 28 14 20 15 24 16 63 19 39 -15 47 77 64 56 23 27 32 54 79 108 68 44 30 34 37 36 93 -33 55 -35 -36 92 45 110 88 -41 -42 50 43 -45 113 71 -48 -49 -50 -51 57 -53 -54 -55 58 72 -58 -59 -60 74 -62 70 76 -65 -66 66 -68 -69 73 99 -72 -73 -74 -75 75 -77 -78 -79 -80 -81 -82 -83 84 -85 -86 -87 -88 -89 -90 103 91 -93 -94 94 95 -97 -98 123 -100 -101 -102 -103 -104 -105 -106 106 -108 -109 -110 -111 -112 -113 -114 -115 115 117 118 -119 -120 -121 121 -123 -124 -125 -126 -127
leaf_value=-0.010485388291138206 -0.0018967365558035232 0.024587440656954035 -0.0078311848463213599 0.0032376029324449151 0.051424899188126531 -0.026350897066575243 0.010034338438713708 -0.0070677877987548711 -0.012546935588408895 -0.0084783411678228046 0.0085669980873406479 -0.0092096595968309842 -0.00077482772193499059 0.022325372709604753 -0.023982863793539446 0.047569682845255222 0.011772033422726187 0.0092589391954460056 0.015400071573426138 -0.00334707733810539 -0.004143825387954712 0.01768272454090038 -0.00064654424871965781 0.028344423956276007 0.0071464590042178136 -0.010976477296730913 -0.0098009491489668959 0.012908928025292315 0.027485014192953548 -0.024446895731532053 -0.0099499370918997142 0.017780745368407562 0.0034035472815401365 -0.01339239889888756 -0.0074292678932261639 -0.012578380694838706 0.011472952739610845 -0.0085704218091503265 0.028299797954142711 -0.0020689425097021631 -0.011379514854628514 -0.0045403498526879593 -0.0041350529123879683 0.0087529205559404438 -0.0078730969560509532 0.012677354144409616 0.037284093307813466 0.016936892161320122 -0.0013044587878578045 -0.0089026737613748779 -0.0080941578401743444 -0.016811642316569033 -0.0085349723232007336 0.016853592785402667 0.002495170369472229 0.006711358367513025 -0.0046937883197240189 0.03797765545050303 0.010636490615282801 0.041331180512064511 0.056516255328529753 0.020606451323051726 0.010085615298665267 -0.0082690077688670222 0.011785135521053319 0.0020998745839086032 0.018598273395962487 -0.012336052508414292 -0.0084572068984179131 0.028627497289037587 0.0049608909560363698 0.042112950663527715 -0.018964911145696629 0.028986606406599415 0.0074824078459641893 0.046334989936728223 0.0023281311012984885 0.011330573532488768 -0.010220443406122378 -0.013689012590433397 0.05020284339137699 0.0007855019642174487 -0.0013535981326541844 0.015283217482761069 0.0075356176193126685 -0.00011962274475339615 -0.02873317127929292 0.092643288671970359 0.083010482571341776 0.0035764282027017638 0.024767792639966882 0.017451573419245588 -0.0037479263713935175 -0.0090865807091499839 0.13704424985817501 0.026006728251615548 0.083247779675505368 -0.010676089644405669 -0.0065046915440963938 0.021093905116707223 -0.028156981190045675 -0.042439581337182411 -0.023849973161833002 0.027938549691958435 0.015149854378731918 0.02511198404038642 -0.019996736301529792 0.010526977799285272 0.025270229139172568 -0.0018487147694596878 0.019088569435718079 0.0033729860995796784 0.011479356935330105 0.00058247326212028871 0.0086991797840246816 0.0048543785557874728 -0.019158275639742949 0.017721193027036147 0.017601075737691315 0.038717470042255904 -0.015998994668938477 0.012345588505821689 0.01545480402054227 0.010449778341211365 -0.0036404510280914535 -0.013227279068507852
leaf_weight=173452 3496 675 27468 18594 229 133 9527 500 3110 4946 12591 11513 745 1876 129 82 3940 8857 530 6458 1575 5696 7803 292 4684 46903 4029 1034 13817 138 689 817 1568 1969 13282 5567 741 279 48947 1617 279219 5150 18308 2884 8280 1823 3422 71295 9466 18716 16546 1879 2668 1101 1424 2642 1790 135 24594 1540 57 5337 5138 1016 10778 5794 1196 4998 380 306 1487 345 441 662 448 285 20636 2051 1169 1758 69 6668 5655 7301 12627 4226 284 24 77 1009 11730 6655 5686 622 21 358 132 2258 719 33227 180 69 109 544 2739 2567 155 2286 696 1105 4195 8516 1810 4091 7496 3026 1068 8350 305 344 777 1645 32971 541 5164 548
leaf_count=173452 3496 675 27468 18594 229 133 9527 500 3110 4946 12591 11513 745 1876 129 82 3940 8857 530 6458 1575 5696 7803 292 4684 46903 4029 1034 13817 138 689 817 1568 1969 13282 5567 741 279 48947 1617 279219 5150 18308 2884 8280 1823 3422 71295 9466 18716 16546 1879 2668 1101 1424 2642 1790 135 24594 1540 57 5337 5138 1016 10778 5794 1196 4998 380 306 1487 345 441 662 448 285 20636 2051 1169 1758 69 6668 5655 7301 12627 4226 284 24 77 1009 11730 6655 5686 622 21 358 132 2258 719 33227 180 69 109 544 2739 2567 155 2286 696 1105 4195 8516 1810 4091 7496 3026 1068 8350 305 344 777 1645 32971 541 5164 548
internal_value=4.9375e-05 0.0153311 -0.00736688 -0.00231267 0.0200148 0.0163427 0.00809619 0.0088627 -0.0102436 0.00290494 0.000680858 -0.00589254 0.00299388 -0.00237705 0.0185247 0.0171797 0.00619481 -0.000219533 -0.00175685 -0.00258783 0.00988943 0.00759905 0.00344918 -0.00477152 -0.000919295 -0.00781222 -0.0105204 -0.00109839 0.0254306 0.0214581 -0.00252748 -0.00410545 0.0120839 0.000789466 -0.0059603 -0.00501008 0.0263339 0.0260679 0.0265383 0.011059 -0.0106449 -0.00964023 -0.00545763 -0.00238114 -0.00974518 0.0274408 0.0326898 0.0181175 -0.00594903 -0.00823342 -0.00486517 -0.0014667 0.00158958 0.00259404 0.0111791 0.0125054 0.00691317 -0.0077213 0.00977062 0.0350339 -0.00149075 0.0176669 0.00242764 0.0073099 0.00736819 0.000908353 0.00492278 -0.00741913 0.00223565 0.0205997 0.0165518 0.0173615 0.00303856 0.0170721 0.0379195 0.0225888 0.00387457 0.00460085 -0.00643244 -0.00304469 -0.00767096 0.00619033 0.00725819 0.0101803 0.004786 0.00561796 -0.00269736 -0.00245124 0.0283857 0.0238553 0.0244217 0.0221195 -0.00811646 0.00584532 0.00971687 0.0321592 0.0446404 -0.00155822 0.00855068 0.02077 0.00137554 0.0155512 0.0197167 0.0121102 0.0117201 0.0147489 0.0170582 0.0182417 0.0113817 0.00446223 0.0173637 0.00689029 0.00621948 -0.0050769 0.0130125 0.0105101 0.00565073 0.0142986 -0.0109925 0.0143705 0.0141439 0.00325238 0.0149077 -0.00659281 0.00071433 0.00501251
internal_weight=1.17811e+06 384930 793177 287705 233663 139248 151267 31447 505472 117073 29457 170632 18437 11067 107801 13010 57027 60046 49399 62698 121810 59602 27604 30805 14572 107934 490900 51185 94415 9708 7529 5832 62208 36869 14316 15850 6469 87253 82779 7370 483371 204152 48660 21192 59274 6331 4163 105206 28712 19246 30700 14019 34900 4597 31998 60633 10647 16681 26302 2595 190 7162 32232 13607 51195 12140 6990 9191 11462 33911 6933 2168 3083 1066 2405 733 25774 3302 1251 9561 5015 40417 33749 15467 18282 8166 1708 404 49024 33755 32202 18385 11253 3500 2811 379 1672 4193 1394 33782 555 375 5446 1553 3239 5753 5008 4853 2093 1397 4474 18043 2432 12371 57550 20245 8869 11376 1373 37305 36961 2422 34539 2799 10396 5232
internal_count=1178107 384930 793177 287705 233663 139248 151267 31447 505472 117073 29457 170632 18437 11067 107801 13010 57027 60046 49399 62698 121810 59602 27604 30805 14572 107934 490900 51185 94415 9708 7529 5832 62208 36869 14316 15850 6469 87253 82779 7370 483371 204152 48660 21192 59274 6331 4163 105206 28712 19246 30700 14019 34900 4597 31998 60633 10647 16681 26302 2595 190 7162 32232 13607 51195 12140 6990 9191 11462 33911 6933 2168 3083 1066 2405 733 25774 3302 1251 9561 5015 40417 33749 15467 18282 8166 1708 404 49024 33755 32202 18385 11253 3500 2811 379 1672 4193 1394 33782 555 375 5446 1553 3239 5753 5008 4853 2093 1397 4474 18043 2432 12371 57550 20245 8869 11376 1373 37305 36961 2422 34539 2799 10396 5232
is_linear=0
shrinkage=0.03


Tree=36
num_leaves=127
num_cat=0
split_feature=28 28 28 33 28 3 33 34 36 16 28 27 34 28 5 27 9 3 27 27 33 3 25 5 5 16 28 18 18 0 28 36 3 17 5 3 34 34 0 1 18 33 3 16 3 16 34 27 5 8 18 18 27 26 18 3 30 27 3 3 3 3 27 34 5 30 27 4 9 9 16 31 31 25 0 34 27 12 0 5 9 36 25 15 6 33 6 16 18 0 36 8 33 25 18 3 5 17 28 27 33 26 28 3 28 28 34 3 5 29 3 34 25 27 8 36 28 18 34 16 0 36 27 0 3 18
split_gain=139587 13651.6 12056.7 5618.07 4492.87 2472.51 2435.79 2222.71 1581.91 1360.86 1258.1 1177.77 1131.68 839.182 800.299 798.765 758.354 741.877 838.123 720.557 653.538 646.482 563.875 533.544 525.811 513.569 503.742 491.156 475.785 461.42 453.149 573.067 438.472 432.685 424.711 468.65 414.847 413.803 433.141 412.667 404.913 400.603 400.078 426.47 388.191 386.437 382.909 603.17 380.087 356.192 349.657 329.244 327.301 322.222 320.279 367.271 411.149 312.527 311.994 890.844 408.52 538.159 362.928 309.766 299.723 297.57 297.058 291.786 289.456 289.234 285.394 317.154 283.48 281.294 335.029 276.889 342.741 269.206 295.877 261.025 260.678 294.49 263.58 265.983 260.514 394.172 316.048 259.469 258.643 258.092 280.985 271.933 255.889 278.485 255.793 266.179 250.398 249.628 249.391 249.251 244.98 242.996 242.34 241.662 239.997 238.636 303.364 257.528 235.514 233.027 259.379 286.489 303.804 255.351 232.779 232.469 230.902 227.425 267.908 227.42 223.719 528.629 223.689 322.562 314.438 223.304
threshold=1.1219645237111375 5.423409150348343 0.16624505300930573 0.052765155592741718 10.349768061437796 27.500000000000004 0.025781629466387009 1.510534454572019 0.066865092153863798 1.0000000180025095e-35 0.51785501459197014 0.087804421726683221 0.57852776937170458 0.047955041778041364 3383.5000000000005 0.051654107958206123 58.500000000000007 146.50000000000003 0.036311245721003936 0.019670872007458779 0.041277773734636335 12.500000000000002 -0.5 3225.5000000000005 4104.5000000000009 2.5000000000000004 1.7504223575997926 2.5000000000000004 3.5000000000000004 62.500000000000007 22.445611888829731 0.017045545088725664 149.00000000000003 2.5000000000000004 3414.5000000000005 3.5000000000000004 0.5849006463807539 0.25194351857619968 17.500000000000004 499.50000000000006 1.0000000180025095e-35 0.01962086276832176 39.500000000000007 6.5000000000000009 138.50000000000003 5.5000000000000009 2.6646217035127422 0.0010467403708775711 3358.5000000000005 43.500000000000007 1.0000000180025095e-35 2.5000000000000004 0.10975387182562446 1.0000000180025095e-35 1.0000000180025095e-35 27.500000000000004 0.028041739051188914 0.19108984186320013 127.50000000000001 139.50000000000003 126.50000000000001 111.50000000000001 0.097381106612567284 40.449121484004422 3992.0000000000005 0.011109654942813371 0.076487999272432647 15.500000000000002 19.500000000000004 25.500000000000004 16.500000000000004 11.595508557639237 1.1240604527534923 -0.70710678118654757 12.500000000000002 0.57852776937170458 0.27374693722197119 0.0097754368401893003 10.500000000000002 4561.5000000000009 13.500000000000002 0.060029932556094116 -0.5 10.500000000000002 145.00000000000003 0.11144335091509766 637.50000000000011 9.5000000000000018 2.5000000000000004 128.50000000000003 0.010052399574017341 28.500000000000004 0.0065097274203476706 -0.12940952255126037 4.5000000000000009 72.500000000000014 3376.5000000000005 6.5000000000000009 9.0737364846598432 0.1676706827309237 0.090343490716129002 1.5000000000000002 753.48153646919047 42.500000000000007 0.11215773106761434 0.13970105364521065 0.80031288691257363 12.500000000000002 1666.5000000000002 0.0006963784507029977 139.50000000000003 40.449121484004422 0.25881904510252057 0.24532361399425368 1.0000000180025095e-35 0.090967150924366871 5.5083136303799369 4.5000000000000009 0.10454762467725338 1.0000000180025095e-35 107.50000000000001 0.030490724865750832 0.21593504186754633 164.50000000000003 133.50000000000003 1.0000000180025095e-35
decision_type=2 2 2 2 2 2 2 2 2 2 2 2 2 2 2 2 2 2 2 2 2 2 2 2 2 2 2 2 2 2 2 2 2 2 2 2 2 2 2 2 2 2 2 2 2 2 2 2 2 2 2 2 2 2 2 2 2 2 2 2 2 2 2 2 2 2 2 2 2 2 2 2 2 2 2 2 2 2 2 2 2 2 2 2 2 2 2 2 2 2 2 2 2 2 2 2 2 2 2 2 2 2 2 2 2 2 2 2 2 2 2 2 2 2 2 2 2 2 2 2 2 2 2 2 2 2
left_child=2 6 8 12 5 7 11 9 105 50 16 42 25 -10 15 20 34 18 23 28 87 -14 -18 37 66 39 40 32 100 51 31 -6 63 46 35 -5 -29 -7 -39 -4 -17 -41 -2 89 70 102 53 -48 94 -27 98 -22 -47 -15 55 -24 -57 -9 60 97 61 -37 -61 67 69 104 -16 -23 -43 -36 71 -28 -13 -11 -75 116 96 78 -25 -80 81 -68 -83 -84 85 -31 -86 -8 -40 114 -91 -92 93 -19 -21 -96 -77 -60 120 -33 -12 -62 109 -69 -35 -1 -107 -108 -93 113 111 -111 -113 -32 -44 -79 -20 118 -76 -71 121 -3 124 -124 -101 -49
right_child=1 4 3 10 30 17 14 57 13 73 19 72 21 33 24 26 22 92 75 48 29 27 54 77 -26 49 44 36 -30 84 45 99 -34 65 64 58 -38 38 88 41 -42 68 43 -45 -46 52 47 125 -50 -51 -52 -53 -54 -55 -56 56 -58 -59 59 62 101 -63 -64 -65 -66 -67 80 103 -70 119 -72 -73 -74 74 117 76 -78 115 79 -81 -82 82 83 -85 86 -87 -88 -89 -90 90 91 108 -94 -95 95 -97 -98 -99 -100 122 -102 -103 -104 -105 -106 106 107 -109 -110 110 -112 112 -114 -115 -116 -117 -118 -119 -120 -121 -122 -123 123 -125 -126 -127
leaf_value=-0.010641542102840015 -0.011901893934924506 0.018447748914295958 -0.0067505654608048422 -0.013384218139642636 0.0064738533214518893 0.0040049670704977352 -0.0010339599534951696 0.020058249592783191 -0.010968363827334213 0.019066974233016194 -0.008223990993774799 -0.007047694149473446 -0.0089333698683917075 0.00070805085408688943 0.018522658217964682 0.010802131678540239 -0.010987561757496947 0.092412632554769503 -0.03307220963809801 0.006587775590509228 0.020375951836991552 -0.0032971470387370715 0.0032244159993369582 -0.0295642701536417 0.0055462121977874852 -0.010647182984157023 0.010661137506739469 0.012521660318129787 0.017247323194812786 0.0040847143467187767 0.033175610232249228 0.026628579622097592 -0.013721476706627772 0.0078766809162030462 0.003458842927894043 0.0040936881361580794 -0.0072063898495769623 -0.020585850828056092 0.034366797630455817 -0.0046744144072051125 0.001925068830859235 0.010349997806089892 0.0087980225212109017 -0.013901080404801531 0.014436234294133092 0.0046314314112671316 0.10403087087548696 0.0058753723482150664 0.01041057501247105 -0.0049245941666515069 0.038005341180612009 -0.0019419074598140758 0.02333372931890457 -0.009103017304590795 0.0039563619617610981 0.026474700209618819 -0.0095340572090447974 0.012823672013235555 -0.012452814910999116 0.0022904970760790622 0.015522223207428541 -0.015637027274231826 0.024286516439556163 -0.0083112518776387954 -0.0052735857502164609 0.0022085155224771179 -0.0076131434067749654 0.00029466290499761781 -0.013751686461574849 0.025071789543143617 -0.0012284325529401854 -0.0071932566375370417 0.008294396166232211 -0.029229245439574524 -0.0080070290413308664 0.019266814102514251 0.016980727773668412 0.046151367905712143 0.039427409931361235 -0.00067390182373151613 0.015328723035424542 -0.0079344190267499892 0.022862609890162606 -0.010884859977588058 0.036128680631034554 -0.018102644157178441 0.0073352346199740005 -0.015837305897443386 0.0087764613250790602 -0.0046665340102433452 0.0030877125124636759 0.0081613515445196558 -0.0070878767261735752 -0.036483250151981006 -0.0051981688619406998 0.0062748699809696612 0.025076429774727557 0.028649362125535947 0.05065632985599005 -0.025716038974933325 0.048696757995564 -0.028345081583928251 0.1029802601154034 0.0061946474710920943 0.033083259289663644 -0.0099281477494226368 -0.011041298605342524 -0.0019183346188797745 0.032883984627064745 0.023845207897358708 0.00053432706378064019 0.15081234222108669 0.031524651724359261 0.027293303946009422 -0.0076591882707162245 0.10600057594111709 0.010453028156515288 -0.014689332841768522 0.013440735985329496 0.010748379009393471 -0.010203797831732246 -0.01095521873557832 0.021168740057978953 0.029726333428957905 0.016008872254531598 -0.0042385005012391258
leaf_weight=420905 5116 908 38075 1952 1900 856 5870 9538 11225 2554 4946 1186 11513 4393 15995 8295 7563 48 115 24150 3158 6633 3876 72 5186 46903 33500 1034 817 9048 10028 13980 1789 804 3051 11175 13282 158 2344 6507 10451 3565 996 2103 24091 925 52 4569 19737 12371 158 733 9405 9589 6726 297 7295 12310 4539 2028 3081 1400 1012 2673 1245 3605 1115 10643 513 1477 2092 920 12593 222 611 22292 47330 1376 939 173 6370 479 1320 250 462 783 1333 1302 419 1441 1620 659 1213 22 3881 3427 9532 137 67 176 69 118 39 15131 589 32822 3933 9539 732 5938 432 33 46 19669 3463 61 2378 352 3688 3074 6720 1397 25006 4711 2127 3447
leaf_count=420905 5116 908 38075 1952 1900 856 5870 9538 11225 2554 4946 1186 11513 4393 15995 8295 7563 48 115 24150 3158 6633 3876 72 5186 46903 33500 1034 817 9048 10028 13980 1789 804 3051 11175 13282 158 2344 6507 10451 3565 996 2103 24091 925 52 4569 19737 12371 158 733 9405 9589 6726 297 7295 12310 4539 2028 3081 1400 1012 2673 1245 3605 1115 10643 513 1477 2092 920 12593 222 611 22292 47330 1376 939 173 6370 479 1320 250 462 783 1333 1302 419 1441 1620 659 1213 22 3881 3427 9532 137 67 176 69 118 39 15131 589 32822 3933 9539 732 5938 432 33 46 19669 3463 61 2378 352 3688 3074 6720 1397 25006 4711 2127 3447
internal_value=4.78938e-05 0.0148712 -0.00714587 -0.00224329 0.0197043 0.016039 0.00826704 0.00968631 -0.00993633 0.00143851 0.00281779 0.000532776 -0.00571576 -0.00407268 0.0100096 0.00873159 -0.000212947 0.0187787 0.0191088 0.00600897 0.00376781 -0.00251019 -0.00410291 0.0295649 0.0142551 -0.00757785 0.0101509 -0.00106543 -0.00398229 0.00722932 0.0246677 0.0226196 0.000765782 -0.00121095 0.00270909 0.000740237 -0.00578149 0.0223481 0.0277236 -0.0052939 0.00585312 -5.41604e-05 -0.0049695 -0.0017494 0.0114804 0.0267768 -0.00301743 0.00218692 0.00714715 -0.00945283 -0.0062405 0.0161716 0.021659 -0.00602048 -0.00124105 -0.00428934 -0.00812539 0.015982 0.00191397 -0.00302946 0.00433209 0.00189703 0.00961286 0.0015046 0.00837107 0.00675882 0.0160242 0.00231423 0.00731808 0.0106057 0.00953003 0.0101839 0.00697386 0.0110024 0.00677562 0.0182894 0.0185995 0.0399647 0.0293726 0.0331886 0.0118326 0.00479399 0.0115456 0.0174888 0.00423649 0.00231758 0.0147461 -0.00372135 0.0304861 0.0011184 0.00622799 0.0114419 -0.00386938 0.0519025 0.00509965 0.000181977 0.0210069 -0.0112486 -0.0070094 0.0232865 -0.00744083 0.0139041 0.0282378 0.00375833 0.0185347 -0.0104167 -0.00837227 -0.00458168 0.0211714 0.0281571 0.0229882 0.0246003 0.0813537 0.0292796 -0.00398317 0.0486919 0.00844525 0.00849419 0.0103924 0.015397 -0.0074375 0.000627382 0.0218273 0.0225254 0.0128202 0.00152626
internal_weight=1.17811e+06 384930 793177 287705 222268 127853 162662 38525 505472 16677 117073 29909 170632 38273 132753 102038 60046 89328 88045 57027 22689 62698 25757 6398 30715 107934 79349 51185 5832 15517 94415 47900 36869 27048 34289 25442 14316 3777 2921 48660 18746 10585 16130 11014 60603 46515 22050 8068 51195 59274 9250 3891 10330 13982 18194 11468 7592 21848 23490 7716 15774 12575 3040 35080 8847 4998 25529 32407 4078 7602 36512 34420 13779 7427 4873 81647 79154 2621 1184 1112 9534 3164 2049 1570 11626 9831 1795 7172 2763 8911 4452 3011 1283 70 31458 7308 31824 4676 9092 46000 5015 3199 36185 25774 1393 467199 46294 13472 1391 36146 6449 6017 79 29697 4459 1437 2493 4651 4299 4551 9025 2305 32020 29717 2303 8016
internal_count=1178107 384930 793177 287705 222268 127853 162662 38525 505472 16677 117073 29909 170632 38273 132753 102038 60046 89328 88045 57027 22689 62698 25757 6398 30715 107934 79349 51185 5832 15517 94415 47900 36869 27048 34289 25442 14316 3777 2921 48660 18746 10585 16130 11014 60603 46515 22050 8068 51195 59274 9250 3891 10330 13982 18194 11468 7592 21848 23490 7716 15774 12575 3040 35080 8847 4998 25529 32407 4078 7602 36512 34420 13779 7427 4873 81647 79154 2621 1184 1112 9534 3164 2049 1570 11626 9831 1795 7172 2763 8911 4452 3011 1283 70 31458 7308 31824 4676 9092 46000 5015 3199 36185 25774 1393 467199 46294 13472 1391 36146 6449 6017 79 29697 4459 1437 2493 4651 4299 4551 9025 2305 32020 29717 2303 8016
is_linear=0
shrinkage=0.03


Tree=37
num_leaves=127
num_cat=0
split_feature=28 28 28 37 28 34 33 3 33 28 33 13 27 33 30 27 18 33 3 33 27 14 28 28 9 3 28 3 3 13 17 25 37 33 14 27 6 7 34 18 28 17 27 33 33 24 37 7 18 34 30 33 3 27 27 33 12 18 25 32 18 13 3 18 27 0 14 33 27 27 6 25 31 33 33 10 3 33 27 17 10 9 14 28 14 27 33 3 34 9 30 37 25 7 3 34 27 3 28 37 33 37 33 3 0 33 37 3 3 2 27 17 26 37 32 28 13 27 14 14 28 37 28 3 14 17
split_gain=131337 12851 11344.1 5329.81 4566.75 2224.31 1992.55 1497.73 1292.8 1050.42 801.072 1251.42 777.856 760.638 1245.05 733.39 697.915 720.909 686.695 677.241 687.551 640.625 549.923 532.528 524.199 530.183 516.023 503.703 756.328 500.324 495.759 485.604 479.639 463.595 454.269 433.743 430.558 407.099 401.483 398.249 454.346 393.507 368 366.433 356.916 359.153 352.192 327.573 316.192 314.504 530.799 492.764 475.588 314.248 312.175 300.979 299.483 297.795 296.208 294.003 291.837 290.369 413.483 289.555 305.545 285.284 289.073 275.688 334.935 308.031 293.609 272.236 267.961 266.212 718.917 265.203 262.161 394.362 277.859 261.665 261.584 261.175 259.818 258.473 254.766 252.556 265.178 250.13 249.352 248.52 244.759 243.065 268.689 240.933 281.619 240.138 237.969 263.462 235.781 233.339 232.447 238.097 230.175 226.385 224.334 333.736 290.833 259.046 223.052 230.102 222.902 228.646 222.334 221.282 219.065 218.462 606.482 218.273 218.179 216.945 216.752 216.352 216.258 236.829 255.871 215.622
threshold=1.1219645237111375 3.3970942969526434 0.16624505300930573 1.653324433043269 9.8717944032260636 1.4676774517475548 0.018382462470692553 30.500000000000004 0.07228366443559954 0.51785501459197014 0.03579804002230625 1.5000000000000002 0.080850736661129338 0.064279935275080927 0.067274736675500726 0.036311245721003936 5.5000000000000009 0.01962086276832176 132.50000000000003 0.048040678060612831 0.01186526339151811 0.82929760787992512 1.0749542004379322 0.010371837600152969 55.500000000000007 27.500000000000004 5.5636679508846436 127.50000000000001 138.50000000000003 1.0000000180025095e-35 4.5000000000000009 -0.5 1.5025613544596921 0.040011435105774734 0.64894845462139461 0.014973846545325393 3375.5000000000005 14.500000000000002 0.058310496306930394 5.5000000000000009 13.364681153834583 5.5000000000000009 0.036311245721003936 0.020014698588784692 0.01962086276832176 -0.70710678118654735 39.552931979225654 13.500000000000002 1.0000000180025095e-35 0.57852776937170458 0.016699666722132522 0.039850090462651859 12.500000000000002 0.12955135696662776 0.051654107958206123 0.032707366722294566 0.013712060166532368 16.500000000000004 0.78656609248549303 1.5093702000281364e-05 5.5000000000000009 1.0000000180025095e-35 27.500000000000004 1.0000000180025095e-35 0.12876491654385921 39.500000000000007 0.85352528736329614 0.041277773734636335 0.040917708905622172 0.11273803284416493 3257.5000000000005 0.37940952255126048 0.76131021780083852 0.027134046125247575 0.027029414412778282 5.2500000000000009 42.500000000000007 0.081078081123127962 0.062000803074628581 13.500000000000002 1.2500000000000002 18.500000000000004 0.99434615785180824 0.1650621005818729 0.019253938832252088 0.17140901693234609 0.0065097274203476706 26.500000000000004 0.10924732958422818 59.500000000000007 0.028041739051188914 0.13644120383827238 0.37940952255126048 6.5000000000000009 3.5000000000000004 4.1264653740153898 0.0040397150012150594 103.50000000000001 17.079658265883428 0.09950595727325684 0.0185642311739239 0.23821805405295035 0.019690470821438058 26.500000000000004 63.500000000000007 0.040011435105774734 1.8226871978188368 137.50000000000003 137.50000000000003 1.0000000180025095e-35 0.029753306623641031 6.5000000000000009 1.0000000180025095e-35 5.1228334417600037 1.0000000180025095e-35 0.13970105364521065 1.0000000180025095e-35 0.049751265945630792 0.82561121049493147 0.99791675977751482 0.80139390966197055 0.34890983914268764 0.070847127856879105 115.50000000000001 0.050022341376228789 6.5000000000000009
decision_type=2 2 2 2 2 2 2 2 2 2 2 2 2 2 2 2 2 2 2 2 2 2 2 2 2 2 2 2 2 2 2 2 2 2 2 2 2 2 2 2 2 2 2 2 2 2 2 2 2 2 2 2 2 2 2 2 2 2 2 2 2 2 2 2 2 2 2 2 2 2 2 2 2 2 2 2 2 2 2 2 2 2 2 2 2 2 2 2 2 2 2 2 2 2 2 2 2 2 2 2 2 2 2 2 2 2 2 2 2 2 2 2 2 2 2 2 2 2 2 2 2 2 2 2 2 2
left_child=2 6 8 16 5 7 12 10 30 24 11 87 56 14 21 65 17 47 26 42 41 67 29 -10 25 48 -9 46 110 36 49 90 63 -32 -12 -15 43 -30 -28 40 104 108 -11 -19 45 -40 -27 103 93 -1 51 115 -53 54 113 -38 88 -37 75 76 -23 62 -33 81 71 66 -7 68 -8 -69 -70 -65 -55 74 102 99 77 -22 120 -71 -67 -6 -59 -25 95 86 -20 91 -2 -90 -26 -3 -93 94 -5 -85 -54 -98 -83 -13 -100 -102 -31 -4 105 107 -106 -34 -21 -110 -29 -112 -43 -17 -14 -51 -117 -16 -72 -77 -78 -24 -35 -124 -125 -49
right_child=1 4 3 9 32 15 13 18 23 19 34 58 114 35 117 53 -18 22 85 20 59 60 121 83 31 27 38 28 37 73 33 61 39 122 -36 57 55 -39 44 -41 -42 112 -44 -45 -46 -47 -48 125 -50 50 -52 52 96 72 -56 -57 -58 82 -60 -61 -62 -63 -64 64 -66 80 -68 69 70 79 118 -73 -74 -75 -76 119 78 -79 -80 -81 -82 98 -84 84 -86 -87 -88 -89 89 -91 -92 92 -94 -95 -96 -97 97 -99 100 -101 101 -103 -104 -105 106 -107 -108 -109 109 -111 111 -113 -114 -115 -116 116 -118 -119 -120 -121 -122 -123 123 124 -126 -127
leaf_value=-0.010586412073328255 -0.020070471766014251 -0.013589167410419101 -0.010723568759045342 -0.016754126049910629 0.017405877768312511 -0.018869797210150127 -0.01845952100639215 -0.0063033203059668155 -0.011842189142750006 -0.0083219469429583783 0.026822367756644129 -0.00086895181376311914 0.0036437821221620651 -0.0041436450322469079 0.0016613845759601991 0.012773075021340129 -0.012219767942722459 0.023022651465824592 0.045835439275812219 -0.0093274616736811443 -0.0030054304612072277 -0.0011537113410777435 -0.0060283168241199638 0.00071242857576302664 0.0032416651526000349 0.0065968174906514531 -0.025861752013302153 0.0088727411895750015 0.001184386068666678 0.0066593288169453039 -0.0091990916659377316 0.0033042712541227984 0.0032626042199284146 -0.0093360671197727906 -0.0033776389286789836 0.012289486416235522 -0.0047750695678548307 0.022853296148645764 0.010842581417010508 0.017344594611625665 0.026977435648090353 -0.023676635010675948 0.001698597814156865 -0.0025566396463046013 0.016107531545648431 0.031780335422122059 -0.0079539357132713609 0.0012948644085471958 -0.0081401877657329477 -0.0099273570839301332 -0.010695270404201956 -0.011870232941812142 -0.0087825769952539143 0.018313960013147498 0.022208544911172072 0.019517117603943181 -0.0098569072154791708 0.0062773290585569986 -0.0068768255682909382 0.011318227509870242 -0.013843516835409202 0.0029663934314525658 -0.008869211076364715 0.0021381905260390807 0.014963451687129687 0.044692689975126834 0.080007882267236707 0.013529078016126395 0.0027727128195255751 -0.0043188786979937773 0.017056866335063366 -0.050250862660615341 0.015012104190226817 -0.0073118921177353514 0.016247857272636026 0.0054583539022059419 0.0069127003928951911 0.0099988516983372314 0.00291308326409571 0.079943159209454759 0.024747971908491238 -0.03617741812416847 -0.018597325643359804 -0.0083627103223024215 0.027680806129294366 0.011044918305867136 -0.010273108156563262 -0.011073179003873564 -0.0021993895604623319 0.014400961958003783 -0.012189063321676071 0.0096796192062205411 -0.0083677521778058404 0.0067981703484261474 0.0015268596482081809 0.089483668059110635 -0.00020829749635579346 -0.014211673156050264 0.041494086556631504 0.019000579117656822 -0.042644757026312305 0.025005179974718808 -0.0093932889562457923 -0.006910258567870118 0.032464031586227945 0.025987953008490192 0.017933798596551361 0.047226111453593421 -0.021112276017665861 0.035705933289067578 -0.01409382946035043 0.029717243817719546 0.044014331848835048 -0.02663760312832892 0.016807941798227817 0.0068096637400496896 -0.0092894341155114191 0.011161775073393217 0.08949432638975291 -0.032355521511213452 0.01332932970065384 0.0099477392178805371 0.0059807272546229225 0.13325217349188667 0.025506405541621271 0.088085072911702658
leaf_weight=311745 496 1071 22253 1143 3791 158 623 632 3110 4437 1764 617 8161 1575 2324 386 16187 520 81 3995 6277 8784 962 10396 1064 21891 157 465 3116 995 4029 3882 958 689 601 57550 652 1041 901 6207 49557 55 12854 16416 4220 4059 1607 2824 7096 45818 83800 6010 4409 37951 13144 1551 7231 2642 791 10695 2003 7912 7111 399 4072 1353 32 5569 11887 1356 925 115 53031 30543 1685 1270 15145 3153 10109 34 1052 47 441 380 662 1693 1183 5138 2881 1130 7089 1988 1185 3254 2254 24 19082 1291 1099 3858 49 1054 4186 37833 1381 14012 12123 138 94 202 4228 110 212 192 1322 2810 8406 34294 39 153 6895 3686 2432 21 358 26
leaf_count=311745 496 1071 22253 1143 3791 158 623 632 3110 4437 1764 617 8161 1575 2324 386 16187 520 81 3995 6277 8784 962 10396 1064 21891 157 465 3116 995 4029 3882 958 689 601 57550 652 1041 901 6207 49557 55 12854 16416 4220 4059 1607 2824 7096 45818 83800 6010 4409 37951 13144 1551 7231 2642 791 10695 2003 7912 7111 399 4072 1353 32 5569 11887 1356 925 115 53031 30543 1685 1270 15145 3153 10109 34 1052 47 441 380 662 1693 1183 5138 2881 1130 7089 1988 1185 3254 2254 24 19082 1291 1099 3858 49 1054 4186 37833 1381 14012 12123 138 94 202 4228 110 212 192 1322 2810 8406 34294 39 153 6895 3686 2432 21 358 26
internal_value=4.64569e-05 0.0144251 -0.0069315 -0.00217599 0.0188354 0.0153639 0.00761232 0.00833583 -0.00963824 0.00180814 0.00284629 0.000447361 -0.000911201 0.00900319 0.0068061 0.0174181 -0.00636078 -0.00559676 0.0161654 0.00432605 0.00590777 0.00240452 -0.00327825 -0.000832304 -0.000739322 0.00120259 0.0199313 0.00329397 -0.00275817 -0.00409359 -0.00989964 -0.00405539 0.0239023 -0.00226072 0.0191479 0.0113991 -0.000148404 0.00661074 0.0217071 0.0246588 0.0252396 -0.00526686 -0.000872749 -0.00177126 0.0225206 0.0279769 0.00560171 -0.00785116 -0.00373536 -0.0100186 -0.00898728 -0.00735759 -0.00429931 0.0170277 0.0212597 0.0123276 -0.00607374 0.0118029 0.0103618 0.00688213 -0.00351004 -0.00141612 -0.00457034 0.0178956 0.0122123 0.0331726 -0.00221671 0.00552694 0.00302262 0.0103758 0.00406405 -0.0095831 0.0163894 -0.006112 -0.000774343 0.0126738 0.00574108 0.00134266 0.00703123 -0.00225779 0.0359684 0.0222108 0.0027192 0.00215502 0.0162237 0.00346927 -0.00667754 -0.00662126 -4.06219e-06 0.00247735 -0.0101753 -0.00123155 0.00293958 0.000964189 -0.00462421 -0.00255005 -0.00246325 -0.00109567 0.0303102 0.016261 0.0317293 0.0219999 -0.00631042 -0.00832253 0.0222295 0.0247409 0.0194197 0.00879816 -0.00746566 0.0176623 -0.010867 -0.0129829 0.0300705 -0.000318361 0.00547896 -0.00900872 -0.00525605 0.0105588 0.0199874 0.00139263 0.00892008 0.00664116 0.00572633 0.00941826 0.0314765 0.00208663
internal_weight=1.17811e+06 384930 793177 287705 233663 138661 151267 31362 505472 147386 18436 16071 21221 130046 67838 107299 140319 124132 12926 74123 56832 31220 61196 14572 73263 46205 9969 32458 8960 56548 490900 27058 95002 7529 2365 62208 19139 4157 9337 84376 78169 4558 17291 16936 9180 4960 23498 62936 13747 483371 171626 87826 30792 104704 13722 2203 11738 60633 6689 52274 10787 18905 10993 10626 4586 2595 190 20433 13474 6959 12851 514 90982 37409 6866 5898 41579 9430 32149 1390 2405 6040 3083 11462 1066 2957 1264 9382 4507 4011 8153 4244 3173 6651 3397 404 24782 20373 2249 4475 2202 1103 5181 60086 28612 15108 13504 1096 4291 296 4803 4338 267 578 9483 57034 11216 36618 964 1423 22040 4648 3500 2811 379 2850
internal_count=1178107 384930 793177 287705 233663 138661 151267 31362 505472 147386 18436 16071 21221 130046 67838 107299 140319 124132 12926 74123 56832 31220 61196 14572 73263 46205 9969 32458 8960 56548 490900 27058 95002 7529 2365 62208 19139 4157 9337 84376 78169 4558 17291 16936 9180 4960 23498 62936 13747 483371 171626 87826 30792 104704 13722 2203 11738 60633 6689 52274 10787 18905 10993 10626 4586 2595 190 20433 13474 6959 12851 514 90982 37409 6866 5898 41579 9430 32149 1390 2405 6040 3083 11462 1066 2957 1264 9382 4507 4011 8153 4244 3173 6651 3397 404 24782 20373 2249 4475 2202 1103 5181 60086 28612 15108 13504 1096 4291 296 4803 4338 267 578 9483 57034 11216 36618 964 1423 22040 4648 3500 2811 379 2850
is_linear=0
shrinkage=0.03


Tree=38
num_leaves=127
num_cat=0
split_feature=28 28 28 33 34 36 28 37 28 36 3 9 3 28 3 13 8 9 28 3 33 3 34 36 36 26 37 13 30 14 36 3 0 33 37 36 31 36 3 13 13 15 28 34 0 33 37 30 3 0 31 7 17 7 33 28 17 9 28 24 15 8 9 9 10 8 33 34 28 14 28 34 36 34 9 31 0 3 24 28 13 0 34 31 3 28 28 33 9 17 31 17 0 3 9 9 7 28 8 32 1 4 34 25 4 9 24 10 15 37 33 0 9 28 7 6 17 34 6 30 4 37 0 35 37 14
split_gain=123622 15151.2 9058.91 4740.83 3311.89 3214.8 1627.4 1052.82 1004.71 988.099 1394.71 1117.21 915.004 1045.97 811.452 827.22 873.046 848.922 785.098 769.718 710.888 670.173 612.858 604.606 1027.8 592.257 542.043 1573.32 684.271 517.19 502.371 482.211 580.962 476.357 451.292 431.878 419.09 429.843 399.157 418.62 395.156 383.425 411.237 379.501 371.016 362.869 422.865 351.581 348.343 749.937 532.181 481.442 347.641 363.229 344.967 341.54 335.909 335.254 333.992 328.693 327.779 324.954 322.958 318.771 315.747 313.773 310.527 306.981 309.023 303.185 298.716 431.006 650.635 400.002 296.398 293.504 289.245 281.241 1018.04 279.432 278.962 277.071 275.674 275.211 273.146 269.343 290.46 261.146 260.254 278.915 258.275 250.012 249.741 249.702 248.349 247.168 243.26 382.189 235.788 235.117 234.508 247.955 225.14 304.306 222.868 222.034 219.092 216.066 333.694 215.558 211.122 205.813 204.578 254.55 211.165 203.201 202.87 202.394 201.692 204.869 201.492 200.97 244.877 234.67 226.032 200.183
threshold=1.395567352106527 0.37716298715792879 9.8717944032260636 0.040011435105774734 1.510534454572019 0.075715537636944566 4.0087131622564351 0.098781481803810925 0.13970105364521065 0.065848700393555712 140.50000000000003 56.500000000000007 30.500000000000004 8.2466795937622326 29.500000000000004 1.0000000180025095e-35 52.500000000000007 23.500000000000004 0.034002047479848668 127.50000000000001 0.077471914492014834 120.50000000000001 0.57105190082441804 0.021529953072532772 0.022624811445732938 1.0000000180025095e-35 0.70539843492679677 1.0000000180025095e-35 0.028041739051188914 0.67860707157114353 0.022595411587304565 34.500000000000007 54.500000000000007 0.064279935275080927 1.5025613544596921 0.012965685782532771 10.490218182320747 0.021529953072532772 147.50000000000003 1.0000000180025095e-35 1.0000000180025095e-35 8.5000000000000018 16.4758353209752 0.57852776937170458 202.50000000000003 0.052765155592741718 1.9084419402385009 0.016699666722132522 140.50000000000003 79.500000000000014 10.490218182320747 11.500000000000002 7.5000000000000009 5.5000000000000009 0.032707366722294566 0.98359331711795972 2.5000000000000004 2.5000000000000004 8.4764651539111426 -0.5 1.5000000000000002 46.500000000000007 67.500000000000014 21.500000000000004 6.2500000000000009 43.500000000000007 0.047391380513516074 0.16004877840218271 0.36746456190192367 0.99503972966243948 2.3270276604878855 0.24512402110014134 0.01384857714641711 0.17930791458769646 64.500000000000014 1.5457092136233983 183.50000000000003 75.500000000000014 -1.0000000180025095e-35 1.3996869292076892 1.0000000180025095e-35 101.50000000000001 0.51924687750275045 10.490218182320747 134.50000000000003 1.0749542004379322 1.2512556495593821 0.0065097274203476706 21.500000000000004 8.5000000000000018 3.7498140564159965 2.5000000000000004 91.500000000000014 72.500000000000014 -1.0000000180025095e-35 14.500000000000002 1.5000000000000002 53.46613350612899 2.5000000000000004 1.0000000180025095e-35 829.00000000000011 115.50000000000001 40.449121484004422 0.25881904510252057 22.500000000000004 19.500000000000004 -1.0000000180025095e-35 4.7500000000000009 6.5000000000000009 2.1726668353380734 0.11144335091509766 98.500000000000014 64.500000000000014 116.83888534169409 3.5000000000000004 2355.0000000000005 5.5000000000000009 0.51924687750275045 3409.5000000000005 0.089924833967084825 196.50000000000003 11.425903358499502 63.500000000000007 6.5606062176072445e-05 1.8226871978188368 0.9957130827276911
decision_type=2 2 2 2 2 2 2 2 2 2 2 2 2 2 2 2 2 2 2 2 2 2 2 2 2 2 2 2 2 2 2 2 2 2 2 2 2 2 2 2 2 2 2 2 2 2 2 2 2 2 2 2 2 2 2 2 2 2 2 2 2 2 2 2 2 2 2 2 2 2 2 2 2 2 2 2 2 2 2 2 2 2 2 2 2 2 2 2 2 2 2 2 2 2 2 2 2 2 2 2 2 2 2 2 2 2 2 2 2 2 2 2 2 2 2 2 2 2 2 2 2 2 2 2 2 2
left_child=1 5 4 23 7 8 45 35 -1 10 11 19 26 22 117 17 66 67 -7 40 25 30 82 65 -25 -20 28 -28 43 85 59 32 98 -12 96 44 -8 -38 39 47 77 42 121 58 62 60 57 -33 49 -48 84 -50 53 -29 56 -21 -32 79 -9 81 109 105 -2 -52 120 80 83 -16 111 91 -30 73 -73 -72 -34 -19 -61 -5 -79 -47 118 -15 92 -17 -51 -26 -87 -23 89 -59 107 -22 -14 -66 116 -49 100 -98 -11 106 101 -4 112 -104 -76 -35 -42 -41 -109 -6 -39 -69 113 114 -44 -56 -67 -10 119 -3 -27 122 -36 -123 -124 -119
right_child=2 3 34 9 6 18 36 12 14 31 33 -13 13 21 15 16 -18 75 20 55 69 87 -24 24 29 64 27 52 70 -31 54 38 74 61 41 -37 37 110 -40 90 99 -43 102 -45 -46 46 48 95 51 50 63 -53 -54 -55 115 -57 -58 88 -60 76 -62 -63 -64 -65 93 94 -68 68 -70 -71 71 72 -74 -75 104 -77 -78 78 -80 -81 -82 -83 -84 -85 -86 86 -88 -89 -90 -91 -92 -93 -94 -95 -96 -97 97 -99 -100 -101 -102 -103 103 -105 -106 -107 -108 108 -110 -111 -112 -113 -114 -115 -116 -117 -118 125 -120 -121 -122 123 124 -125 -126 -127
leaf_value=-0.0099876168807081517 -0.014808941795555659 -0.0046596560180813965 0.0070818789327111217 0.013016502845600143 -0.010343311240066778 -0.010758938909878384 0.016199558815229324 -0.0093852674653411503 -0.010112539025076766 0.027192738556050065 -0.011684198928076555 -0.010322495676104543 0.0026806145202260771 0.034689043696088592 -0.0036286905195173197 -0.0096273205945121981 0.034080445366614913 -0.00088448591007378008 0.00174775439350915 -0.01086894054446761 0.0047305613732390129 0.082649910449981684 0.014591723831826124 0.012280587668350733 -0.0025632005759367031 -0.0061142599233386065 -0.0097578623317324791 0.01265908326241286 0.0077987954388475484 -0.0066889431208689782 -0.0099287828458866599 0.020329908271337505 0.0029532820377320668 -0.0015044773686726624 0.025285209055261375 0.0031377163733051078 0.045010722845000385 0.020062825461039852 -0.010352401849210473 0.0031578161268671461 -0.0084137114185865065 0.015437489278643452 0.031150787732046385 0.016311786383909767 0.04488806787526832 0.02963248329052779 0.015315329242604144 -0.0047344417278735156 0.010114779224530458 0.0022776903024766437 -0.013698145737097813 0.021114888693299944 -0.029694709645034116 -0.017161878938171601 0.041690989591091236 0.010088683025980438 0.026973386277493676 0.02740116759350578 0.0386339925580165 0.04118476651015622 0.0013730847926842237 0.0018486530407466556 0.018190577884310298 0.016291973282384742 -0.0023920797555892878 0.0028658569856571418 0.00088424386952597005 0.0059072280370524605 -0.013983110868586942 -0.0044103650574059215 0.024739287726159364 0.048282267647895803 0.01622450184418699 -0.0051569557916701795 0.027859830807400753 -0.013915109188759817 0.016430449150316235 -0.023158416230751579 0.0095431184109175601 0.0068458566763138452 -0.0092940113384607052 0.0021472486908946718 -0.029658702643675042 -0.0021183695870347291 0.015114486020175875 0.0057541066391571232 -0.01607985429182119 -0.0076772356531402686 0.013104875930685987 -0.050328428851706637 0.012723494647523641 0.016584687487817575 0.0096943413407536028 0.01298233867619095 -0.0067773250858009287 0.011819203427018383 0.026090566350301162 -0.020828104531619606 0.0095398995152350795 0.0061067365226225006 0.0028147123324507237 0.020734039491439031 0.15009766886311193 0.028489682156106699 -0.0076040357927296765 0.015471219159878483 0.0021615063542844894 0.011642195504420737 0.0032157992905917916 0.011683213427174497 0.049295523853692326 0.01537385011098308 0.023617455819896299 0.043283763810947257 0.025464259480100608 0.01371251450176258 0.055104527360595325 -0.0057014819579688627 0.02078144764740195 0.042956278589894856 -0.015922733904931565 0.0026867881802079613 0.031455974408636032 0.026834847119529687 0.018899739868603951 -0.012029411728773615
leaf_weight=423798 3225 9853 1684 5416 422 8862 90743 3144 47971 865 850 9602 8654 427 2259 25007 465 3024 15397 5146 9988 30 12563 4184 15285 22655 6891 6993 11141 21026 710 4565 12749 754 13994 5098 677 13771 988 12621 3552 4539 8395 746 106 576 6246 928 11934 4726 2275 5116 193 388 437 810 323 3853 136 2495 6257 2455 291 371 4308 4165 3712 4625 507 2757 583 677 3598 1303 166 3204 512 1053 4598 3044 29174 525 193 5329 2180 7600 591 724 1936 42 6555 1907 9680 1220 3916 6483 3308 164 3201 3782 1327 4143 31 46 4063 8633 3501 10655 7014 7624 226 3737 18203 911 19596 502 68 23180 298 82 2056 1009 1406 565 15681 5583
leaf_count=423798 3225 9853 1684 5416 422 8862 90743 3144 47971 865 850 9602 8654 427 2259 25007 465 3024 15397 5146 9988 30 12563 4184 15285 22655 6891 6993 11141 21026 710 4565 12749 754 13994 5098 677 13771 988 12621 3552 4539 8395 746 106 576 6246 928 11934 4726 2275 5116 193 388 437 810 323 3853 136 2495 6257 2455 291 371 4308 4165 3712 4625 507 2757 583 677 3598 1303 166 3204 512 1053 4598 3044 29174 525 193 5329 2180 7600 591 724 1936 42 6555 1907 9680 1220 3916 6483 3308 164 3201 3782 1327 4143 31 46 4063 8633 3501 10655 7014 7624 226 3737 18203 911 19596 502 68 23180 298 82 2056 1009 1406 565 15681 5583
internal_value=4.50633e-05 -0.00613575 0.0153245 0.00068415 0.0122678 -0.00851947 0.0147571 0.00736652 -0.00928283 0.00463647 0.00141425 -0.00149781 0.00853479 0.0117915 -0.00696027 -0.00406181 -0.00674846 0.00128069 -0.00242142 0.00154385 -0.00119585 0.0225572 0.00947671 -0.0042851 -0.00193506 -0.00304172 0.0050977 0.000614839 0.00813805 -0.00327159 0.0259439 0.00691726 0.00310967 0.0100091 0.0231852 -0.00248981 0.0169602 0.021664 0.00852594 0.00890799 0.0041443 0.023919 0.0244012 -0.00300161 -0.0104106 0.0106538 0.0120506 0.0137806 0.0104417 0.00723221 0.00194671 0.0134155 0.0100522 0.0110915 0.0135728 -0.00801876 0.00160984 0.0176427 -0.00739422 0.0321061 0.00652306 0.0115662 -0.0120778 -0.00949318 -0.00548042 -0.00669098 -0.00730606 0.00624428 0.008759 0.0045534 0.0107301 0.0160309 0.0213013 0.00408457 0.000670334 -0.0075881 0.0369699 0.00813146 0.00344956 0.0104716 -0.00779912 0.0167432 0.00600827 -0.00830825 0.00632985 -0.000210875 0.00417873 -0.00408332 0.0220947 0.026563 0.00732421 0.00663101 0.00638373 0.00100097 -0.00133226 0.00974637 0.0173587 0.0238744 0.0132954 7.17682e-05 0.0141966 0.0167886 0.0261924 0.0774487 -0.00621198 0.0141077 -0.00316434 0.00615576 0.0082972 0.010528 0.0205348 0.0101379 0.0261087 0.0276777 0.0271698 0.0267334 0.00370503 -0.0089195 -0.00353721 -0.00426665 -0.00693034 0.0218131 0.0223428 0.0113549 0.0199329 -0.00692976
internal_weight=1.17811e+06 838798 339309 217247 244307 621551 162019 82288 552401 121005 50152 37460 73568 37775 128603 51869 34513 17356 69150 27858 60288 6685 31090 96242 48686 45636 35793 14465 21328 44502 5931 70853 21044 12692 95002 8720 105417 14674 49809 48821 21902 84376 79837 4026 3622 56602 42299 11976 32848 15798 9552 17050 7574 7381 1972 5956 1033 9451 3280 3959 14303 11842 3516 2646 30239 47556 34048 11128 8869 14652 17302 6161 4275 1886 16978 6228 3007 11067 5651 3620 39407 952 18527 30336 6906 23476 8191 754 5831 3895 36845 11895 18334 5528 8149 7411 10626 3472 4066 10835 7154 5827 47182 77 4229 9387 7053 30290 17669 8046 13997 8362 47105 28902 27991 939 4233 76734 10233 9935 24711 32655 31081 1574 17087 28763
internal_count=1178107 838798 339309 217247 244307 621551 162019 82288 552401 121005 50152 37460 73568 37775 128603 51869 34513 17356 69150 27858 60288 6685 31090 96242 48686 45636 35793 14465 21328 44502 5931 70853 21044 12692 95002 8720 105417 14674 49809 48821 21902 84376 79837 4026 3622 56602 42299 11976 32848 15798 9552 17050 7574 7381 1972 5956 1033 9451 3280 3959 14303 11842 3516 2646 30239 47556 34048 11128 8869 14652 17302 6161 4275 1886 16978 6228 3007 11067 5651 3620 39407 952 18527 30336 6906 23476 8191 754 5831 3895 36845 11895 18334 5528 8149 7411 10626 3472 4066 10835 7154 5827 47182 77 4229 9387 7053 30290 17669 8046 13997 8362 47105 28902 27991 939 4233 76734 10233 9935 24711 32655 31081 1574 17087 28763
is_linear=0
shrinkage=0.03


Tree=39
num_leaves=127
num_cat=0
split_feature=28 28 28 33 28 33 34 13 36 28 34 31 5 28 28 18 9 25 5 25 5 9 18 9 34 36 5 13 18 17 17 28 28 36 5 17 8 28 31 36 5 34 16 16 34 28 33 36 34 8 13 8 30 26 34 0 0 5 36 33 1 9 30 7 16 0 5 29 34 30 25 8 12 9 8 0 34 34 17 28 0 7 18 5 9 8 32 28 18 36 24 34 12 16 9 34 8 33 17 28 29 28 33 0 28 10 5 18 8 5 18 5 18 33 33 0 34 5 1 34 5 28 33 28 0 34
split_gain=116319 11390.3 10048 4720.5 3732.72 2050.44 1994.13 1994.32 1308.34 1033.35 946.989 944.703 738.348 704.746 653.695 652.514 647.581 587.296 495.542 490.42 482.099 475.973 464.186 476.824 443.867 727.144 467.592 435.288 415.554 469.834 499.593 525.56 391.044 502.884 389.933 382.157 379.445 371.106 362.316 404.534 356.813 351.788 347.614 342.752 335.992 569.971 330.742 644.287 321.481 313.332 305.525 304.29 295.944 286.81 286.62 284.916 277.768 276.604 275.274 469.135 272.553 270.731 270.717 267.644 264.35 261.028 258.856 255.524 246.529 611.114 242.284 240.944 236.312 235.779 235.233 234.156 232.627 227.659 260.044 224.584 219.172 262.713 282.99 216.291 215.561 339.45 215.466 214.471 214.069 249.331 212.099 231.788 211.684 211.011 208.974 207.935 438.341 412.738 350.346 294.976 207.092 206.915 202.966 202.954 201.812 199.897 199.452 198.038 204.403 194.23 210.593 193.025 246.36 192.714 191.433 331.062 314.408 190.95 239.726 209.335 190.205 193.682 189.027 187.645 187.544 185.197
threshold=1.1219645237111375 5.423409150348343 0.16624505300930573 0.052765155592741718 9.8717944032260636 0.025781629466387009 1.4725583569209766 1.0000000180025095e-35 0.066865092153863798 0.51785501459197014 0.57852776937170458 1.1240604527534923 3383.5000000000005 0.047955041778041364 2.3270276604878855 2.5000000000000004 58.500000000000007 0.37940952255126048 3449.5000000000005 -0.5 4104.5000000000009 41.500000000000007 5.5000000000000009 42.500000000000007 0.10102616414449164 0.0091432307296578936 3173.5000000000005 1.0000000180025095e-35 2.5000000000000004 1.5000000000000002 6.5000000000000009 8.8358794293418814 22.445611888829731 0.017045545088725664 3414.5000000000005 2.5000000000000004 43.500000000000007 1.2619127940524837 10.490218182320747 0.021529953072532772 4044.5000000000005 0.23311672308941855 1.0000000180025095e-35 5.5000000000000009 2.6646217035127422 0.052310143307246676 0.030108967304056978 0.037784930604639215 0.5849006463807539 10.500000000000002 1.0000000180025095e-35 13.500000000000002 0.089924833967084825 1.0000000180025095e-35 0.10924732958422818 14.500000000000002 159.50000000000003 3992.0000000000005 0.12613097003856424 0.10945185963927211 512.50000000000011 25.500000000000004 0.011109654942813371 13.500000000000002 2.5000000000000004 111.50000000000001 4426.5000000000009 0.0011744934561199623 0.5849006463807539 0.067274736675500726 0.98296291314453421 45.500000000000007 0.17208968567664221 59.500000000000007 25.500000000000004 30.500000000000004 0.33873941013063796 4.2717890404023526 5.5000000000000009 753.48153646919047 164.50000000000003 5.5000000000000009 6.5000000000000009 2220.5000000000005 20.500000000000004 51.500000000000007 1.5093702000281364e-05 0.11215773106761434 1.5000000000000002 0.10763037102454237 -0.70710678118654735 0.30309195497599734 0.56252589063794545 1.0000000180025095e-35 70.500000000000014 0.57852776937170458 13.500000000000002 0.039850090462651859 3.5000000000000004 0.1650621005818729 0.0006963784507029977 1.6932582413058437 0.033166012189348539 3.5000000000000004 0.1650621005818729 3.2500000000000004 1678.5000000000002 9.5000000000000018 52.500000000000007 3242.5000000000005 7.5000000000000009 1666.5000000000002 1.0000000180025095e-35 0.089704088963185838 0.040011435105774734 63.500000000000007 5.2695653977519035 1665.5000000000002 753.50000000000011 0.50483118786382908 3788.5000000000005 84.027302325581402 0.088508823837614284 0.21257644683773652 63.500000000000007 0.18653366434375127
decision_type=2 2 2 2 2 2 2 2 2 2 2 2 2 2 2 2 2 2 2 2 2 2 2 2 2 2 2 2 2 2 2 2 2 2 2 2 2 2 2 2 2 2 2 2 2 2 2 2 2 2 2 2 2 2 2 2 2 2 2 2 2 2 2 2 2 2 2 2 2 2 2 2 2 2 2 2 2 2 2 2 2 2 2 2 2 2 2 2 2 2 2 2 2 2 2 2 2 2 2 2 2 2 2 2 2 2 2 2 2 2 2 2 2 2 2 2 2 2 2 2 2 2 2 2 2 2
left_child=2 5 8 10 6 11 7 17 95 16 21 42 14 -10 15 55 34 24 49 122 -14 27 23 46 -3 90 102 41 29 72 31 -31 33 -6 70 44 -29 -17 -8 -40 -28 -4 54 79 53 -46 48 64 83 113 94 -19 56 -15 -2 -7 -50 61 59 75 -43 -36 87 80 -48 -44 -20 86 69 -25 77 -38 -9 74 -56 -57 -33 78 -5 100 114 -82 -83 -12 85 -13 -45 -37 89 -47 -26 -92 105 -63 -21 -1 97 -97 -98 -100 120 -22 -27 -74 -90 -41 117 108 -51 110 -30 112 -60 -11 116 -116 -35 118 119 -16 121 124 -18 -70 -34 -86
right_child=1 4 3 9 32 12 38 28 13 18 22 84 20 35 106 37 19 51 66 50 101 -23 -24 68 25 26 40 36 109 30 -32 76 43 63 57 62 71 -39 39 92 -42 60 65 67 45 88 47 -49 52 107 -52 -53 -54 -55 73 58 -58 -59 111 -61 -62 93 -64 -65 -66 -67 -68 -69 123 -71 -72 -73 103 -75 -76 -77 -78 -79 -80 -81 81 82 -84 -85 125 -87 -88 -89 104 -91 91 -93 -94 -95 -96 96 98 -99 99 -101 -102 -103 -104 -105 -106 -107 -108 -109 -110 -111 -112 -113 -114 -115 115 -117 -118 -119 -120 -121 -122 -123 -124 -125 -126 -127
leaf_value=-0.0099528107937039284 -0.021917059580877377 -0.012230871567359001 -0.0066507678515737023 -0.0019141035587411023 0.0055540828860484726 0.017119382054474785 0.01589739339198409 0.019054462558740392 -0.010057276712069267 -0.0043687681936809674 -0.012960170726584092 -0.0076511896322273305 0.014913464380712099 0.00072173034690020297 -0.0074838298707104777 -0.0051495500932547877 -0.011484144797702059 0.011247694532233631 0.01006222211511917 -0.00510909785916293 -0.0052869240189822378 -0.010382385666125947 -0.0094608950814416629 0.020854966539143475 0.0050094099522355086 -0.0041701759645005436 0.021691982646373245 -0.0086466408450124148 0.0041761846446185281 0.0068294619569476221 -0.011803164878384171 0.02022560707533496 0.029085772698568067 0.018922941235023541 0.003202574486054861 0.0075311505018886343 0.006796753408740923 0.0041893191776785008 0.043660401310950538 0.021566596636384775 -0.0042875411139952167 -0.001923201545092131 -0.013192083160784913 0.018609474680538446 0.10106337836155524 0.0066307095844268579 0.011482064263868101 -0.0035739819187524105 -0.0076438395043271273 0.0065539373739162817 0.0036155088954778272 -0.012030687539810939 0.011806795708090409 -0.0085345316233209761 0.0036261091780502809 0.00067672010009704481 0.001922046198162531 -0.005137523154986192 0.015241875051049344 -0.010466261754980204 0.0074271220903621531 0.024071772401306223 0.0020343299293503082 0.012433117715556887 0.0026501905401873048 -0.0037105497086957996 -0.0076857642252723896 0.0044175911514668272 0.003440714776232129 -0.0083364090354857943 0.010421522253558123 -0.0045489496425375918 -0.032081466558817273 0.01482332037555153 -0.019251809392150859 0.0081680912748431436 0.036788505423880458 0.0097709014063141354 0.012266153934279735 0.097783012756934531 0.029202006152471448 0.022837233197574646 -0.00032140579491436895 0.019005298387086669 0.0025258397678378673 0.033986229537701119 0.029366971935137012 0.03135959832347196 -0.0094773079259673643 -0.01166820380323226 0.024615949181859022 0.062612377066905076 0.029656209920270321 0.010274775121424639 0.017203769306177081 -0.0076377996867896718 -0.0099769377045160687 -0.00075603084067410518 -0.0010936003049168534 0.041973068877762441 0.020880239760037403 0.0084122216122992366 0.025650149531628127 0.0090482090086597237 0.028882659263908862 0.01368377999129748 0.0053512896432175291 -0.0019547886309641926 -0.00089124679281812826 0.016034616921752072 -0.023343448099400196 0.021642292293451833 -0.01075413400410106 0.015274256504843571 0.024565595837730176 0.017852328625307029 0.0009734121160474967 0.015104361194110032 0.023691728759446182 0.0096892697698478664 0.035991992500425951 0.039099705722196863 0.0069508533865120081 -0.0074261478487365491 0.023838111611455114 0.010023688951389904
leaf_weight=312470 404 1300 10086 20221 1919 2985 83949 2970 11225 5566 239 1746 25529 4393 680 5211 7024 574 18740 10404 1337 27009 7207 1076 166 3849 1666 42374 2003 923 317 1065 9494 5450 3051 804 1943 14446 677 7474 666 9947 4550 7244 52 5213 6782 7649 9707 24014 7398 4228 1020 9589 2253 4137 3802 1245 1132 1351 3908 1477 3605 2921 5543 6139 770 906 1575 1613 2099 12667 111 1352 493 40681 2693 1887 1235 39 6597 2797 572 939 4677 196 2180 589 1902 769 291 287 1755 3074 392 40337 102282 9737 2220 153 6449 3849 217 3964 132 4726 3902 3597 3851 1109 286 2039 462 489 15833 11351 1047 13418 1042 10552 1901 1007 539 15546 17295 8099
leaf_count=312470 404 1300 10086 20221 1919 2985 83949 2970 11225 5566 239 1746 25529 4393 680 5211 7024 574 18740 10404 1337 27009 7207 1076 166 3849 1666 42374 2003 923 317 1065 9494 5450 3051 804 1943 14446 677 7474 666 9947 4550 7244 52 5213 6782 7649 9707 24014 7398 4228 1020 9589 2253 4137 3802 1245 1132 1351 3908 1477 3605 2921 5543 6139 770 906 1575 1613 2099 12667 111 1352 493 40681 2693 1887 1235 39 6597 2797 572 939 4677 196 2180 589 1902 769 291 287 1755 3074 392 40337 102282 9737 2220 153 6449 3849 217 3964 132 4726 3902 3597 3851 1109 286 2039 462 489 15833 11351 1047 13418 1042 10552 1901 1007 539 15546 17295 8099
internal_value=4.37113e-05 0.0135753 -0.00652317 -0.00204756 0.01799 0.00754283 0.014631 0.00766937 -0.0090706 0.00259164 -0.00523059 0.000446675 0.00914158 -0.00373802 0.00791407 0.00637935 -0.000155084 -0.000871846 0.00548378 -0.00374973 0.0132195 -0.00693397 -0.00229824 -0.00136797 0.00389278 0.00682764 0.00356337 -0.00578304 0.0149953 0.0176095 0.0246446 0.0271129 0.0224897 0.0206045 0.00254512 -0.00111551 -0.00720919 0.00171362 0.0166567 0.0210131 0.0142724 -0.00238856 -0.00480139 0.0244548 -0.00281325 0.00206185 0.000704136 0.00326544 -0.00255298 0.0034671 -0.00108078 -0.00924814 -0.00377508 -0.00562631 0.00219127 0.00811679 -0.0049516 0.00797033 0.0075772 0.00695154 0.00071419 0.010117 0.00637447 0.0212247 0.00751005 -0.00774657 0.00936176 0.019635 -0.00510017 0.00334448 0.000658599 -0.00304007 0.0126186 0.00456799 -0.000481252 0.00747659 0.0320947 -0.000219282 -0.00109789 0.0258307 0.0218131 0.0257212 0.0189053 0.0125199 0.0058634 -0.00344885 0.0210979 0.0176065 0.00141962 0.00427834 0.0348986 0.0434827 0.0199144 0.0147525 -0.00429892 -0.00950745 -0.00860805 -0.00629962 -0.00971255 0.00168314 0.0257531 0.00488045 -0.00257868 0.00792787 -0.00698787 0.018513 0.0116709 0.00466985 0.005525 0.00573015 0.000737733 0.0155282 0.00770727 -0.0027824 0.0206567 0.0217624 0.0160304 0.0126308 0.00992659 0.00864959 0.0268113 0.0261834 -0.0101703 -0.00642648 0.0256979 0.0072789
internal_weight=1.17811e+06 384930 793177 287705 222268 162662 127266 28685 505472 117073 170632 29909 132753 38273 102038 72444 60046 13244 57027 25757 30715 107934 62698 55491 8442 7142 6398 80925 15441 12043 4998 4681 95002 48487 34289 27048 56984 19657 98581 14632 2332 23941 15191 46515 22050 8068 35681 19974 15707 37517 18194 4802 14529 13982 4502 52787 13509 8847 49802 46169 13855 7602 4998 46568 12325 10689 19510 10330 19810 2689 25442 14610 7045 4098 2746 44818 3758 23343 21456 36185 43647 9966 3369 1178 14718 1942 9424 1393 8016 5982 744 578 13955 4551 10796 467199 154729 50074 104655 2373 36146 5186 4066 4075 2034 12200 29594 31462 27865 3398 2289 3633 1594 6055 33681 27184 6497 25692 12274 11232 29697 27796 7563 17121 26789 12776
internal_count=1178107 384930 793177 287705 222268 162662 127266 28685 505472 117073 170632 29909 132753 38273 102038 72444 60046 13244 57027 25757 30715 107934 62698 55491 8442 7142 6398 80925 15441 12043 4998 4681 95002 48487 34289 27048 56984 19657 98581 14632 2332 23941 15191 46515 22050 8068 35681 19974 15707 37517 18194 4802 14529 13982 4502 52787 13509 8847 49802 46169 13855 7602 4998 46568 12325 10689 19510 10330 19810 2689 25442 14610 7045 4098 2746 44818 3758 23343 21456 36185 43647 9966 3369 1178 14718 1942 9424 1393 8016 5982 744 578 13955 4551 10796 467199 154729 50074 104655 2373 36146 5186 4066 4075 2034 12200 29594 31462 27865 3398 2289 3633 1594 6055 33681 27184 6497 25692 12274 11232 29697 27796 7563 17121 26789 12776
is_linear=0
shrinkage=0.03


Tree=40
num_leaves=127
num_cat=0
split_feature=28 28 28 33 34 33 27 28 3 28 27 17 28 27 13 27 28 0 28 3 17 27 3 16 4 4 34 34 24 33 26 3 27 33 37 37 16 9 27 4 30 37 3 34 33 9 15 33 9 3 3 26 3 3 3 4 30 34 34 28 3 15 28 37 27 17 25 28 3 0 37 27 3 11 27 27 33 17 16 0 37 25 27 34 6 17 37 37 17 27 0 34 37 28 27 3 13 16 6 0 0 3 37 28 1 37 0 3 0 33 11 3 16 37 16 35 27 16 34 37 8 37 37 28 28 37
split_gain=108304 13520.3 7933.96 3619.27 3110.4 2593.78 1949.07 1469.06 1102.47 1083.74 1003.92 1272.44 1402.79 953.126 808.217 852.252 743.181 865.763 730.317 653.891 606.905 602.636 576.02 545.676 543.85 499.714 483.248 458.591 468.003 451.802 442.349 438.946 435.489 459.863 404.74 395.528 387.518 529.846 433.338 543.231 447.731 380.342 362.318 356.564 468.467 345.184 344.659 333.64 401.877 333.247 1001.72 556.549 463.423 410.962 409.162 381.782 362.349 346.743 325.995 321.493 364.052 317.34 353.576 310.866 310.109 308.897 305.25 601.353 320.039 300.227 275.039 361.13 308.689 273.918 273.723 269.888 380.803 268.277 364.752 280.099 263.535 263.43 261.689 260.502 259.614 258.379 258.151 363.765 257.535 255.001 282.8 254.335 311.117 578.717 245.964 255.954 243.898 243.73 242.911 241.158 240.469 238.331 237.515 234.894 232.493 226.476 251.018 222.336 221.871 212.841 211.74 211.722 211.079 210.862 209.963 206.105 203.838 202.434 292.056 212.695 221.554 201.678 205.409 267.48 201.784 201.184
threshold=1.395567352106527 0.40621709224718944 9.8717944032260636 0.039850090462651859 1.510534454572019 0.048040678060612831 0.0040397150012150594 5.423409150348343 140.50000000000003 0.047955041778041364 0.096356162808523702 1.5000000000000002 5.423409150348343 0.015756479513430011 1.0000000180025095e-35 0.027874385876238052 0.025301790857299902 100.50000000000001 0.91667256235770611 42.500000000000007 6.5000000000000009 0.036311245721003936 26.500000000000004 7.5000000000000009 196.50000000000003 171.50000000000003 0.1362768408773313 1.4631875647697374 -0.25881904510252113 0.030108967304056978 1.0000000180025095e-35 12.500000000000002 0.031448058896583746 0.052765155592741718 0.8941782614145507 0.5232381454627465 1.0000000180025095e-35 64.500000000000014 0.049436297465138446 196.50000000000003 0.050555650984225216 0.40768053738648052 26.500000000000004 0.21634156084660722 0.024010936787969537 36.500000000000007 8.5000000000000018 0.027134046125247575 -1.0000000180025095e-35 75.500000000000014 140.50000000000003 1.0000000180025095e-35 127.50000000000001 120.50000000000001 72.500000000000014 72.500000000000014 0.089924833967084825 3.9597026766033712 0.33873941013063796 1.2952726025040529 151.50000000000003 8.5000000000000018 13.364681153834583 0.09360594067554294 0.27374693722197119 1.5000000000000002 0.91597561503675351 1.2251864002152961 151.50000000000003 79.500000000000014 1.9084419402385009 0.040917708905622172 42.500000000000007 1.7596153846153848 0.071646505472169913 0.13311560801174066 0.041277773734636335 4.5000000000000009 5.5000000000000009 39.500000000000007 3.0612912432896051 0.1294095225512602 0.096356162808523702 4.2717890404023526 3375.5000000000005 3.5000000000000004 0.09360594067554294 0.09950595727325684 1.0000000180025095e-35 0.0553852558519543 79.500000000000014 0.10102616414449164 0.43405867751287869 4.0087131622564351 0.029753306623641031 42.500000000000007 4.5000000000000009 11.500000000000002 3671.5000000000005 58.500000000000007 166.50000000000003 139.50000000000003 0.34890983914268764 450.18373215212438 661.50000000000011 10.704625215838254 63.500000000000007 26.500000000000004 42.500000000000007 0.00534295234043049 9.7500000000000018 42.500000000000007 16.500000000000004 1.8226871978188368 15.500000000000002 6.5606062176072445e-05 0.12073258417913142 2.5000000000000004 40.449121484004422 1.7026858551990689 44.500000000000007 0.095584850594051959 0.73453215596083743 2.636016201345448 2.649165968753072 10.704625215838254
decision_type=2 2 2 2 2 2 2 2 2 2 2 2 2 2 2 2 2 2 2 2 2 2 2 2 2 2 2 2 2 2 2 2 2 2 2 2 2 2 2 2 2 2 2 2 2 2 2 2 2 2 2 2 2 2 2 2 2 2 2 2 2 2 2 2 2 2 2 2 2 2 2 2 2 2 2 2 2 2 2 2 2 2 2 2 2 2 2 2 2 2 2 2 2 2 2 2 2 2 2 2 2 2 2 2 2 2 2 2 2 2 2 2 2 2 2 2 2 2 2 2 2 2 2 2 2 2
left_child=1 5 4 23 10 13 8 32 -7 -10 11 19 41 -1 15 22 -8 94 31 81 46 77 -15 26 30 121 -3 28 -27 86 -19 99 -6 75 65 -20 37 66 39 -38 125 -13 -39 109 -45 -30 58 -46 -49 54 51 52 53 -51 56 100 69 -54 -14 60 -44 62 105 -12 74 104 67 68 -37 114 71 -35 -73 -53 110 76 96 78 79 88 -11 91 -78 -69 -31 -32 -24 -88 -9 90 -72 108 93 -93 95 112 -34 -65 -43 -5 -52 -92 -60 117 -4 106 -36 -94 -2 -28 -23 -71 -18 -108 -33 -107 -63 -64 119 -119 -121 -21 123 -123 -124 -40
right_child=2 3 34 18 7 6 16 21 9 80 63 12 20 14 -16 -17 17 24 35 25 -22 64 29 -25 -26 27 43 -29 45 84 85 49 33 70 61 36 38 42 40 -41 -42 98 59 44 47 -47 -48 48 -50 50 55 73 57 -55 -56 -57 -58 -59 102 -61 -62 116 103 97 -66 -67 -68 83 -70 111 89 72 -74 -75 -76 -77 82 -79 -80 -81 -82 -83 -84 -85 -86 -87 87 -89 -90 -91 101 92 107 -95 -96 -97 -98 -99 -100 -101 -102 -103 -104 -105 -106 115 113 -109 -110 -111 -112 -113 -114 -115 -116 -117 -118 118 -120 120 -122 122 124 -125 -126 -127
leaf_value=-0.0093465422687961913 0.032772284726088396 -0.010613151963338049 0.022487377701109919 0.0087539137832362279 -0.0051694788509979847 -0.0098333241408328671 -0.011240471485166896 -0.027477687627077103 -0.0114961112800178 0.034872144607767566 0.0020549509981213961 -0.0077300724009378343 0.015157391827370848 -0.0066709807893533387 -0.0080211996329342672 -0.010935439719085662 0.0025163074266783213 0.0023943648741257457 -0.026018137746760921 -0.020268134173321233 -0.01283181234304793 -0.0079894367685117342 -0.01047527437222146 -0.0084308709944559586 -0.013231288173281636 0.0028220118038706763 0.030917675889188975 -0.026904034255498862 0.0096057331237685058 0.0077344461515911336 -0.0044192962543631613 0.0084377798478898931 0.0022038173752038604 0.025961890987696565 0.023645886484517837 0.016429184461787597 0.012777327430480752 -0.026840067389813406 0.001732753657898605 -0.010123545707839472 0.012990053691707129 0.009385519194324593 0.025019913481021089 -0.0058406880224983323 0.0082736387129777791 0.031872924788122203 -0.0219927829884945 0.0048338243573586275 -0.0037748371789001044 -0.0056955225794278249 0.0033288022795360237 -0.010779056200396996 -0.011949732146064016 0.014175653092551617 0.012990904501648984 -0.010853043748591824 0.017239832748372107 0.039870390339595517 0.048101191970370931 -0.024643223644910509 -0.030858138912306057 -0.010463232025504112 0.025631427057458873 0.010988424504643823 0.014344060969066567 0.0030264217200903936 0.024696586078391768 0.0023279811513649113 -0.035332180342269592 -0.0029151313237008787 0.010867539986157663 0.0025940436344572392 0.016370003644629361 0.028069553190541125 0.018109388932501597 0.0093099421442604108 0.011882438875180829 0.06787221042094406 -0.00027292794651455349 0.036085861476033543 0.11374497216939926 -0.0087665191957689969 -0.0055631122339093548 -0.02596024590227082 0.02401674039812678 0.0036095596309634942 0.021993501296881393 0.00044842863478675274 0.058089757686437558 0.011875592010852917 -0.012107782232189794 -0.005873168102277556 0.0034600469615199566 0.021411362301900425 -0.006775513571552573 0.0086481576528918726 -0.018688468777250479 0.0025069251595172082 0.08100107337940822 -0.0079833819879002871 0.01317437833075805 0.0082115449350503456 0.028100029666612254 0.070554936078129973 0.009701759249073242 0.0023044711988615364 0.025300153291864972 -0.0098738713562721101 -0.016258590402373346 0.0042748766469440985 0.076764899662562766 0.0034448212003071609 -0.022239061816609822 0.016315797818208758 -0.0066839560278633336 0.024591163323276054 0.016136032843098721 0.01370941238497162 0.12643285900354384 0.02739690992029041 0.020523802199893099 -0.00054136502293521442 0.00043060359850050588 0.019218966337606492 -0.018255107530355454 -0.015693735023391494
leaf_weight=439308 89 5789 3729 927 1600 44586 6208 120 715 814 4515 2602 1448 6230 53799 7013 6712 17162 310 437 400 505 1674 17467 3853 1722 284 249 1044 4658 30968 10231 903 2642 13804 7846 10300 463 14393 1025 3454 1365 604 19856 3960 1567 133 7018 16024 1382 3533 7468 2106 2907 5293 903 1763 123 676 241 127 276 30684 39420 56646 1560 2094 1555 109 7503 2749 1896 6424 167 38663 8991 2610 162 351 1886 40 6977 1100 361 1087 4083 776 7740 43 30867 1252 1278 2117 1546 1496 11408 1135 3305 44 4718 6066 888 2550 98 1949 1159 2913 2403 1245 5420 28 12659 325 12188 899 551 4283 2619 24 6354 12574 1668 1697 978 750 622
leaf_count=439308 89 5789 3729 927 1600 44586 6208 120 715 814 4515 2602 1448 6230 53799 7013 6712 17162 310 437 400 505 1674 17467 3853 1722 284 249 1044 4658 30968 10231 903 2642 13804 7846 10300 463 14393 1025 3454 1365 604 19856 3960 1567 133 7018 16024 1382 3533 7468 2106 2907 5293 903 1763 123 676 241 127 276 30684 39420 56646 1560 2094 1555 109 7503 2749 1896 6424 167 38663 8991 2610 162 351 1886 40 6977 1100 361 1087 4083 776 7740 43 30867 1252 1278 2117 1546 1496 11408 1135 3305 44 4718 6066 888 2550 98 1949 1159 2913 2403 1245 5420 28 12659 325 12188 899 551 4283 2619 24 6354 12574 1668 1697 978 750 622
internal_value=-2.20867e-05 -0.00580313 0.0143024 0.00128386 0.011438 -0.00785051 -0.00402989 0.0138567 -0.00896355 0.0157527 0.00668853 0.00283656 0.0124022 -0.00878957 -0.00584075 -0.00182038 -0.00126016 -0.000445001 0.00470657 -0.000585482 0.0226736 0.0161474 0.00106362 -0.00377911 -0.00235449 0.00536086 -0.00238663 0.0126874 0.0149626 0.00408757 -0.00155185 0.00277938 0.010282 0.0106842 0.021668 0.00774761 0.00798995 0.012227 0.0060843 0.0107046 0.00325116 -0.000932029 -0.00499855 -0.00148059 -0.00234268 0.0229695 0.0256281 0.00022959 -0.00115286 0.00349745 0.000776358 -0.00443263 0.00200603 0.00777277 0.00524691 0.00779624 0.00400689 -0.00909021 0.0269832 0.00540538 0.015312 0.0222318 0.0226552 0.00954122 0.0157636 0.0148501 0.014293 0.012086 0.0157199 0.00326134 0.0121418 0.0162991 0.0132307 -0.00992932 0.017815 0.00606405 0.000986844 0.0305066 0.0279844 0.032825 0.0385664 -0.00442639 0.0067099 -0.0030019 0.0108152 -0.00348404 0.000294621 0.00241167 -0.00490468 0.0108673 0.00450149 -0.000936984 0.00125192 0.00906376 0.00492371 0.00587259 -0.00943148 0.0103323 0.0116219 -0.00523485 0.00955062 -0.00367621 0.0322912 0.0241529 0.0180987 0.0200942 0.0207218 -0.00362876 -0.0129874 0.00560141 -0.00353705 0.00107806 0.00137299 0.0180489 0.00721636 0.00948574 0.0145257 0.0240658 0.0218388 0.0217223 0.0228311 -0.000709696 0.000968497 0.00676234 -0.00529652 0.00101086
internal_weight=1.17708e+06 838625 338451 187970 243686 650655 128370 161461 46155 1569 82225 34985 9218 522285 82977 29178 82215 76007 112152 25767 5207 98404 22165 75818 56066 10112 58351 4582 4333 15935 52213 68648 63057 61457 94765 43504 43194 13400 29794 11325 18469 4011 1435 52562 46858 2611 4807 27002 23042 63003 24655 14153 6518 4289 38348 10502 33055 2229 4674 972 731 87527 82968 47240 95842 7238 11965 9871 7955 31292 46718 10962 8320 7635 39196 14739 5748 2562 2400 2049 854 15655 3710 1916 5745 35051 10190 8516 163 35756 4889 8678 7344 2824 19941 18445 2038 42725 1409 5645 9599 2140 3226 52353 5678 30615 28905 4520 1334 5704 533 20162 7037 15101 11130 1710 4559 52255 21571 21547 18928 5530 5093 2646 2447 15015
internal_count=1177076 838625 338451 187970 243686 650655 128370 161461 46155 1569 82225 34985 9218 522285 82977 29178 82215 76007 112152 25767 5207 98404 22165 75818 56066 10112 58351 4582 4333 15935 52213 68648 63057 61457 94765 43504 43194 13400 29794 11325 18469 4011 1435 52562 46858 2611 4807 27002 23042 63003 24655 14153 6518 4289 38348 10502 33055 2229 4674 972 731 87527 82968 47240 95842 7238 11965 9871 7955 31292 46718 10962 8320 7635 39196 14739 5748 2562 2400 2049 854 15655 3710 1916 5745 35051 10190 8516 163 35756 4889 8678 7344 2824 19941 18445 2038 42725 1409 5645 9599 2140 3226 52353 5678 30615 28905 4520 1334 5704 533 20162 7037 15101 11130 1710 4559 52255 21571 21547 18928 5530 5093 2646 2447 15015
is_linear=0
shrinkage=0.03


Tree=41
num_leaves=127
num_cat=0
split_feature=27 27 37 27 33 37 9 7 5 31 27 17 27 37 30 6 5 5 5 7 32 17 18 37 7 34 27 33 27 33 8 33 34 37 37 30 27 37 34 33 33 27 14 31 34 37 18 27 18 16 27 17 27 17 16 18 9 34 34 7 5 4 8 27 7 37 16 8 31 5 5 37 16 33 27 37 13 16 27 17 7 4 33 5 34 9 5 37 6 33 37 9 33 14 17 5 1 5 24 18 33 34 10 5 9 5 14 5 34 1 14 33 33 16 16 14 37 34 34 4 13 11 32 10 16 32
split_gain=88772.8 14829.6 4677.04 4430.08 1875.7 1771.38 1696.26 2273.36 1627.81 1374.7 1190.5 1279.89 1137.25 1121 1070.04 1041.88 1424.43 917.741 878.306 821.422 726.208 711.261 706.534 670.727 649.413 602.96 600.557 598.401 571.11 568.25 559.505 540.268 538.711 905.766 884.001 585.713 527.535 522.305 479.994 475.871 451.717 409.563 407.555 407.253 401.71 389.954 384.338 366.967 355.892 336.387 333.147 318.156 499.739 332.02 315.349 296.621 293.269 310.415 291.14 289.062 288.16 287.883 282.002 278.776 274.673 273.064 269.51 246.932 276.937 244.568 415.65 240.437 437.964 245.286 236.14 234.491 295.206 410.734 232.934 245.795 232.768 273.172 226.176 237.469 223.235 231.923 330.703 222.283 246.164 221.245 299.047 223.939 220.646 220.419 222.913 220.074 219.367 224.308 219.09 216.335 214.31 601.749 219.481 213.29 210.119 345.473 262.791 207.035 207.002 205.869 203.499 270.98 203.488 200.361 199.267 196.845 196.561 193.076 223.043 192.549 191.068 187.905 187.099 308.246 206.092 185.54
threshold=0.06482172060267373 0.019670872007458779 1.653324433043269 0.17892931007053087 0.047391380513516074 0.3441713326327826 32.500000000000007 4.5000000000000009 3449.5000000000005 3.940172035382139 0.023065816766852546 1.5000000000000002 0.13311560801174066 0.40768053738648052 0.089924833967084825 163.50000000000003 3383.5000000000005 3982.5000000000005 3992.0000000000005 6.5000000000000009 1.5093702000281364e-05 2.5000000000000004 4.5000000000000009 0.09360594067554294 5.5000000000000009 0.57852776937170458 0.097381106612567284 0.017471603833322344 0.19264507422402163 0.025781629466387009 44.500000000000007 0.047691955024797512 0.10102616414449164 0.6315919389423581 0.24158594618482945 0.020808492953123394 0.0040397150012150594 0.09950595727325684 0.17930791458769646 0.079973515884388488 0.010002733087774133 0.031448058896583746 0.9957130827276911 11.735478263972789 1.4159305757405931 0.072757950584363754 3.5000000000000004 0.11621467663383581 1.5000000000000002 15.500000000000002 0.14236882163323786 2.5000000000000004 0.023065816766852546 6.5000000000000009 3.5000000000000004 1.5000000000000002 19.500000000000004 0.28417385336045636 1.9447223099069839 5.5000000000000009 3938.5000000000005 146.50000000000003 16.500000000000004 0.19264507422402163 5.5000000000000009 2.2712916870277948 9.5000000000000018 13.500000000000002 3.940172035382139 3904.5000000000005 3642.5000000000005 4.443967757566706 1.0000000180025095e-35 0.068150272568031925 0.022355104093961693 2.102991367849492 1.0000000180025095e-35 5.5000000000000009 0.0553852558519543 2.5000000000000004 6.5000000000000009 92.500000000000014 0.068150272568031925 3982.5000000000005 0.50172218043487149 46.000000000000007 1672.5000000000002 12.964372332131054 1790.5000000000002 0.040011435105774734 1.2630174323853105 19.500000000000004 0.029954805683116557 0.39431941999832371 7.5000000000000009 1660.5000000000002 411.00000000000006 3383.5000000000005 -0.5 2.5000000000000004 0.024453333101333592 1.1513481848720755 1.0000000180025095e-35 4901.5000000000009 64.500000000000014 3935.5000000000005 0.4797638547638548 1675.5000000000002 3.2850463059253969 162.50000000000003 0.11908493805045529 0.052765155592741718 0.00852098141005426 3.5000000000000004 13.500000000000002 0.99503972966243948 5.8032983683334809 0.25534312325886172 0.1362768408773313 194.50000000000003 1.0000000180025095e-35 11.750000000000002 1.0000000180025095e-35 1.0000000180025095e-35 13.500000000000002 1.0000000180025095e-35
decision_type=2 2 2 2 2 2 2 2 2 2 2 2 2 2 2 2 2 2 2 2 2 2 2 2 2 2 2 2 2 2 2 2 2 2 2 2 2 2 2 2 2 2 2 2 2 2 2 2 2 2 2 2 2 2 2 2 2 2 2 2 2 2 2 2 2 2 2 2 2 2 2 2 2 2 2 2 2 2 2 2 2 2 2 2 2 2 2 2 2 2 2 2 2 2 2 2 2 2 2 2 2 2 2 2 2 2 2 2 2 2 2 2 2 2 2 2 2 2 2 2 2 2 2 2 2 2
left_child=1 4 10 5 -1 45 12 54 21 29 11 32 25 56 50 16 31 20 36 61 60 30 23 -12 55 -7 71 -25 108 109 75 49 92 34 38 -36 -10 -29 59 -21 -37 -22 44 89 -39 -2 78 -28 84 51 -14 74 53 -53 96 93 57 -11 125 -34 -18 -17 -19 -31 -23 -45 -59 -47 99 70 -38 72 73 -27 -4 119 77 -77 80 -80 81 -33 87 115 112 86 -86 88 -56 90 91 -30 -3 94 -13 -50 97 -8 -41 -69 101 -35 -103 121 105 -63 -107 -76 -15 -5 -49 -112 -9 -73 -74 -84 -16 118 -95 -6 -106 -57 123 -71 -124 -48
right_child=3 2 15 9 8 6 7 48 18 13 22 24 14 28 116 19 17 62 -20 39 41 64 -24 27 -26 26 47 37 43 63 -32 46 33 100 35 40 69 42 -40 98 -42 -43 -44 65 -46 67 58 110 95 -51 -52 52 -54 -55 82 103 -58 66 -60 -61 -62 104 -64 -65 -66 -67 -68 68 -70 122 -72 113 114 -75 107 76 -78 -79 79 -81 -82 -83 83 -85 85 -87 -88 -89 -90 -91 -92 -93 -94 117 -96 -97 -98 -99 -100 -101 -102 102 -104 -105 120 106 -108 -109 -110 -111 111 -113 -114 -115 -116 -117 -118 -119 -120 -121 -122 -123 124 -125 -126 -127
leaf_value=-0.0090664146391524585 -0.020003719473054939 -0.0157284017510111 -0.0098723655233257691 0.00958874239968136 -0.0052945589249358974 -0.0073569758413930732 0.021983078306283616 0.030002538717406636 -0.0083703502849002791 0.033631172559512444 -0.010672596544693803 0.020799810563000929 0.01917683355027397 0.029694188631324284 0.022832907343919552 0.0016755335741444146 0.0081940809378131772 0.0071849285367381584 -0.0074767166937861574 0.003332625553876339 0.041810100886712567 0.014070215861367828 -0.010384156790272265 -0.0056733129583315996 -0.004936076506287297 -0.011396641819273254 0.0020740966876372936 0.017350387588039716 0.027284952718814613 0.018291539081068103 -0.0094029251715997547 0.014462325903005991 0.022418383175600645 -0.005131858802247341 -0.0060850946702436176 0.046761819157484799 0.010939376352522954 0.0015029654134745218 -0.010067656121881943 0.0053426840909686999 0.018702839944390176 0.019767719535259107 -0.0061101467822095509 0.032769670304539179 -0.0064747290214882897 -0.0037260725507887726 0.0020990609031339784 0.0034900718964718277 -0.00039639449454366633 -0.015028546192037055 0.0090511435859934337 0.042299687386259673 0.0011753415991604731 -0.017355321898604885 0.013827881585271777 0.0056984519996772631 -0.0091330219574487746 0.0069598093922283314 -0.0067294771402611328 -0.013641741854706031 0.015580636415104814 -0.0042001278375816487 -0.0050025507827221099 0.013869801948835947 -0.00065436668352595987 0.02198544515531458 -0.044444826692342752 0.0031247762686381236 0.010335960708934709 0.019025723387527723 -0.0039994521461739416 0.02091351460093804 0.013229817134624556 0.0065738973668355198 0.0033051767993551263 0.0042194465955699848 -0.0048686895104601818 0.13414313789118421 0.014757474872554235 -0.0050047626807047845 0.0026394064499642633 0.0054015512013828888 0.025345018413601476 -0.062907950585258415 0.0038275977537950731 0.015407538390367357 0.016726670905119947 0.025413072835351425 -0.0013047009380649744 0.018857908446534202 0.0056675674236530407 0.0036918774472858096 0.012294854470661707 0.036928493102991976 -0.033491595437129339 0.0077745496867773116 0.01756360964715474 0.030324888898513792 0.02217712056018508 -0.0090533868743200366 -0.012910136897240847 0.056202402977110114 -0.00017458775739991262 0.064268940892070525 -0.0094532930675098412 0.022463724034786921 -0.0029633830744676074 -0.0040868801032630103 -0.029853717920915134 -0.0023810168556815561 -0.0027187998967156523 0.014710508154883541 0.0031090107936721329 0.006127860613369676 0.0019314143020171448 -0.0034399805172629977 0.038099405965012198 0.042674555497418686 -0.0046534644406620819 -0.015394205790243322 -0.0013748629436675618 0.04779386473271776 0.016515837093755564 0.0058060311379948895 0.052448825996289861 0.016457479266254679
leaf_weight=439618 783 2610 2318 3000 16570 3214 9104 272 2076 394 11221 1245 3443 6045 1777 9507 12099 3592 6053 10977 909 1360 16683 40373 1123 1313 27480 1384 1395 15091 49652 4544 857 4201 659 674 3358 33278 2240 1042 2208 4587 12252 2627 6850 5457 7116 4091 4058 1372 19413 553 1329 99 4827 1483 1143 2095 3410 261 7829 4873 3259 85746 7054 10803 96 7093 4089 2254 3347 3040 8822 1426 8816 4775 6920 22 5049 638 11311 8783 3038 29 4732 11924 2876 1108 1210 39429 2769 489 280 273 72 11031 5590 4258 2094 1611 2705 206 89 64 8667 905 614 5561 53 2273 945 5336 3666 1132 1671 230 1325 949 202 1893 3786 102 609 5368 188 914
leaf_count=439618 783 2610 2318 3000 16570 3214 9104 272 2076 394 11221 1245 3443 6045 1777 9507 12099 3592 6053 10977 909 1360 16683 40373 1123 1313 27480 1384 1395 15091 49652 4544 857 4201 659 674 3358 33278 2240 1042 2208 4587 12252 2627 6850 5457 7116 4091 4058 1372 19413 553 1329 99 4827 1483 1143 2095 3410 261 7829 4873 3259 85746 7054 10803 96 7093 4089 2254 3347 3040 8822 1426 8816 4775 6920 22 5049 638 11311 8783 3038 29 4732 11924 2876 1108 1210 39429 2769 489 280 273 72 11031 5590 4258 2094 1611 2705 206 89 64 8667 905 614 5561 53 2273 945 5336 3666 1132 1671 230 1325 949 202 1893 3786 102 609 5368 188 914
internal_value=-2.14241e-05 -0.00532494 0.00028247 0.0127769 -0.008185 0.00935661 0.0104344 0.0139625 -0.00470977 0.0161571 -0.00347876 0.00286168 0.00759477 0.0195098 0.0128204 0.0042638 0.00602427 0.0111326 0.0023517 0.000363205 0.0137587 -0.00657048 -0.00464786 -0.00373954 0.0154217 0.00527484 0.00600958 -0.00291313 0.0204468 0.0140295 -0.00744486 0.00335699 -0.00121386 0.00120461 0.00897286 0.0194305 0.00581051 -0.000840428 -0.00205464 0.00627706 0.0252649 0.0234134 -0.00132107 0.0195212 0.000141143 0.000727509 0.00530018 0.00388883 0.00917162 -0.000691163 0.0105765 0.000362108 0.0117292 0.0332416 0.0202472 0.0206294 0.00352085 0.00911597 0.000614645 0.0140001 0.011096 -0.00258058 0.00138738 0.0145315 0.00172565 0.0240949 0.00470748 0.00161696 0.0038961 0.00775704 0.00348222 0.010622 0.00864204 -0.00204068 -0.000986693 -0.00422347 -0.000904013 0.0048153 0.00706778 0.0125404 0.00580457 0.00849093 0.016061 0.0225607 0.0114826 0.0127963 0.00870375 0.0130617 0.0107948 0.0181278 0.011941 0.0211613 -0.0130133 0.0266779 0.0178317 0.00557708 0.0225537 0.0246413 0.0165835 0.000870753 -0.00623784 -0.00222348 0.0391938 0.0105755 -0.00472773 -0.000306175 0.0121857 0.000445941 0.0291766 0.00442901 0.00869687 0.0120882 0.00496656 0.0169017 0.0114306 0.0233191 0.0293539 0.0348593 0.0192452 -0.00633007 -0.00699726 0.00840743 0.0111616 0.0097154 0.0249919 0.00373338
internal_weight=1.17708e+06 832214 281097 344862 551117 171414 152381 67953 111499 173448 144544 22503 84428 67338 25958 136553 94088 32275 23253 42465 25424 88246 122041 105358 5513 58470 55256 94137 63610 106110 79832 61813 16990 14100 6899 3541 17200 53764 3358 14113 2882 5496 52380 57512 40128 19033 41765 37852 38559 20048 22856 18676 1981 652 29394 4390 3728 2585 11440 1118 19928 28352 6851 100837 8414 13430 2191 18250 12793 15124 6705 17404 13232 2739 16695 30180 11717 4797 30325 5687 24638 13327 10442 3297 23470 19532 7608 7145 6037 44082 4653 1884 2890 2741 1317 15089 18952 13362 3136 8704 7201 4496 295 1649 18845 6392 1519 14377 6098 5273 10372 6281 3938 4172 10493 3268 3102 1424 475 18463 12453 1585 8419 7622 797 8030
internal_count=1177076 832214 281097 344862 551117 171414 152381 67953 111499 173448 144544 22503 84428 67338 25958 136553 94088 32275 23253 42465 25424 88246 122041 105358 5513 58470 55256 94137 63610 106110 79832 61813 16990 14100 6899 3541 17200 53764 3358 14113 2882 5496 52380 57512 40128 19033 41765 37852 38559 20048 22856 18676 1981 652 29394 4390 3728 2585 11440 1118 19928 28352 6851 100837 8414 13430 2191 18250 12793 15124 6705 17404 13232 2739 16695 30180 11717 4797 30325 5687 24638 13327 10442 3297 23470 19532 7608 7145 6037 44082 4653 1884 2890 2741 1317 15089 18952 13362 3136 8704 7201 4496 295 1649 18845 6392 1519 14377 6098 5273 10372 6281 3938 4172 10493 3268 3102 1424 475 18463 12453 1585 8419 7622 797 8030
is_linear=0
shrinkage=0.03


Tree=42
num_leaves=127
num_cat=0
split_feature=28 28 28 33 36 34 28 28 3 3 27 28 28 28 18 3 34 27 16 3 27 25 33 26 9 17 34 3 28 36 27 36 33 27 37 16 9 4 27 30 33 14 3 26 33 36 11 10 3 3 26 3 3 3 18 3 34 28 3 28 18 28 33 25 28 3 8 8 8 3 16 9 34 37 27 3 33 33 27 11 17 16 0 14 27 36 27 17 13 37 3 0 3 28 34 16 9 17 4 37 27 18 3 17 33 33 18 34 37 28 0 3 9 3 3 33 1 36 28 33 8 0 33 0 37 1
split_gain=96206.3 11955 7069.3 3211.56 2958.99 2751.62 1303.05 1031.43 997.074 891.815 1126.59 725.045 716.004 652.419 648.015 638.58 628.231 585.512 583.903 959.564 635.007 583.369 504.882 483.305 429.972 426.619 425.706 401.833 387.702 377.854 378.445 377.847 371.208 370.498 366.084 363.362 472.764 412.792 540.35 379.869 345.381 338.213 333.245 329.579 331.904 353.944 328.635 316.286 303.196 935.454 522.551 435.521 385.915 374.034 367.024 354.796 325.921 302.255 337.506 299.448 355.158 298.006 355.173 296.296 546.14 298.529 296.09 290.042 439.179 310.629 300.068 304.163 297.344 286.023 393.999 307.134 282.175 265.23 264.18 257.365 250.449 344.154 265.297 317.483 249.832 248.666 247.031 243.563 253.784 242.371 241.637 501.031 356.394 326.344 240.781 239.876 390.899 238.8 236.769 235.599 235.22 234.677 233.246 233.015 232.376 227.817 226.034 224.665 283.832 525.771 224.044 222.68 291.777 249.333 221.796 218.645 249.452 218.463 214.197 211.882 211.724 211.256 210.488 298.429 305.276 209.758
threshold=1.395567352106527 0.40621709224718944 9.8717944032260636 0.039850090462651859 0.075715537636944566 1.510534454572019 3.883346114950458 0.13970105364521065 42.500000000000007 30.500000000000004 0.096356162808523702 0.047955041778041364 7.903805866577069 0.91667256235770611 4.5000000000000009 156.50000000000003 0.57105190082441804 0.036311245721003936 1.5000000000000002 73.500000000000014 0.0074937699731432855 0.1294095225512602 0.07228366443559954 1.0000000180025095e-35 59.500000000000007 1.5000000000000002 0.1362768408773313 12.500000000000002 8.8358794293418814 0.020809122986465488 0.031448058896583746 0.12310606060606062 0.047391380513516074 0.14044471448912457 1.5025613544596921 1.0000000180025095e-35 64.500000000000014 192.50000000000003 0.045832368446145681 0.050555650984225216 0.017471603833322344 0.99503972966243948 26.500000000000004 2.5000000000000004 0.0078216419965634765 0.019274753306614746 0.18368196964087377 6.2500000000000009 75.500000000000014 140.50000000000003 1.0000000180025095e-35 127.50000000000001 120.50000000000001 72.500000000000014 9.5000000000000018 147.50000000000003 3.9597026766033712 1.2952726025040529 151.50000000000003 13.204086036603259 2.5000000000000004 0.60875829732753828 0.079973515884388488 0.91597561503675351 1.2251864002152961 151.50000000000003 16.500000000000004 29.500000000000004 24.500000000000004 42.500000000000007 1.5000000000000002 -1.0000000180025095e-35 0.51924687750275045 1.9084419402385009 0.040917708905622172 42.500000000000007 0.058080361528637402 0.0065097274203476706 0.090389262019821462 1.7596153846153848 4.5000000000000009 5.5000000000000009 39.500000000000007 0.85352528736329614 0.19779407501884169 0.0037622137548572079 0.023065816766852546 1.0000000180025095e-35 1.5000000000000002 0.4857143950105226 138.50000000000003 191.50000000000003 134.50000000000003 2.3270276604878855 4.2717890404023526 7.5000000000000009 63.500000000000007 2.5000000000000004 80.500000000000014 10.704625215838254 0.029753306623641031 3.5000000000000004 117.50000000000001 7.5000000000000009 0.028800942012315072 0.030535232246673649 1.0000000180025095e-35 0.10102616414449164 0.43405867751287869 4.0087131622564351 58.500000000000007 12.500000000000002 43.500000000000007 74.500000000000014 42.500000000000007 0.01962086276832176 975.50000000000011 0.016777584690451895 450.18373215212438 0.018597210857404737 53.500000000000007 196.00000000000003 0.040011435105774734 63.500000000000007 1.9084419402385009 621.50000000000011
decision_type=2 2 2 2 2 2 2 2 2 2 2 2 2 2 2 2 2 2 2 2 2 2 2 2 2 2 2 2 2 2 2 2 2 2 2 2 2 2 2 2 2 2 2 2 2 2 2 2 2 2 2 2 2 2 2 2 2 2 2 2 2 2 2 2 2 2 2 2 2 2 2 2 2 2 2 2 2 2 2 2 2 2 2 2 2 2 2 2 2 2 2 2 2 2 2 2 2 2 2 2 2 2 2 2 2 2 2 2 2 2 2 2 2 2 2 2 2 2 2 2 2 2 2 2 2 2
left_child=1 4 5 14 7 9 29 -1 -9 10 21 -6 16 27 26 43 33 80 19 24 -20 25 23 -13 40 107 -3 110 -27 -7 -31 67 -22 115 46 36 63 38 -37 99 -10 97 -38 44 85 121 95 111 53 50 51 52 -50 54 61 66 -53 58 -44 122 118 98 -63 64 65 -15 -51 68 69 105 72 -72 -69 74 -32 -76 -77 -17 -62 -52 81 82 83 -8 104 -14 102 -45 -89 -74 91 -75 -93 -92 -66 120 117 100 -29 -40 -24 -12 -34 -30 -19 -28 -42 -2 109 -109 -5 -25 113 -113 125 -11 -117 -97 -61 -71 -4 -46 -36 -124 -125 -86
right_child=2 3 34 13 11 6 17 8 18 12 101 22 15 35 -16 77 -18 84 20 -21 32 -23 41 47 -26 28 31 48 103 30 73 -33 86 -35 59 37 42 -39 39 -41 106 -43 57 87 45 -47 -48 -49 49 55 79 56 -54 -55 -56 -57 -58 -59 -60 60 78 62 -64 -65 94 -67 -68 70 -70 119 71 -73 89 90 75 76 -78 -79 -80 -81 -82 -83 -84 -85 114 -87 -88 88 -90 -91 93 92 -94 -95 -96 96 -98 -99 -100 -101 -102 -103 -104 -105 -106 -107 -108 108 -110 -111 -112 112 -114 -115 -116 116 -118 -119 -120 -121 -122 -123 123 124 -126 -127
leaf_value=-0.0088745183383907786 -0.012179180197138151 -0.0098365924463791644 0.018631745080150374 0.0084127416755871483 -0.0091021118746006345 -0.033137630519080669 -0.025981709374726273 -0.0081055464984873 -0.0010086637422850478 -0.0074234516060780482 0.0091504081502620949 0.0022220499337233723 0.074127090387046332 0.015280336746160314 -0.010335482974225365 0.059687278819084165 0.012764122889367858 -0.024026401448249819 0.032898347778417818 -0.0089088744924031189 -0.0072458702205934608 -0.0079451893873448975 0.0058648040059216186 -0.012528143270122732 -0.010416151966548715 -0.0044772022519503117 -0.0085285897551511305 0.021864736046748861 0.022521345599186563 -0.0049115914911031719 0.024464839248657225 0.018229108135554901 0.00082565530206439033 0.0072151652413290765 0.0060754773571743709 0.012153101547036164 -0.02584097558644562 -0.0070481658751736275 0.0020663794554393487 0.012466785133507149 0.009609766555360777 -0.0050256128768429676 0.024036625281195247 -0.01217907739879742 0.033921262645623118 0.015907317350173193 -0.003862020820083599 0.00218315565672632 -0.0055668677327623409 0.041476805159651423 -0.010494613925844921 -0.011635230458222137 0.013689251691410539 0.012357291741181267 -0.0058998327267766309 -0.0088986816012657406 0.038604860363937003 -0.024051932425110667 -0.029765609934574035 0.023372507766044291 -0.052250939850904503 0.00050451313935611633 0.0093885435155490471 0.023552774917135033 0.0019010321469470372 -0.034483532191677525 0.0084510433040860325 -0.00034552900078552406 -0.0097512394785232125 -0.0031009508961714516 0.0052186343251096768 -0.0047510518650822602 0.021873712609272643 0.008767178919484777 -0.00022648270812995733 -0.0069371420123121317 0.016480877774145121 -0.011618806678700045 0.017577213817873555 0.027161937028972686 0.065268403976051895 -0.00071910246824606866 0.034604218213227386 0.079424132890999311 0.010685603436157678 -0.013751832648674906 -0.0083378148090123543 0.088577469947726223 0.011924263237113202 0.0059318296688709166 0.0063552398076224823 -0.011231002348983271 0.0067375563156271395 0.014259609481910849 -0.025285503203436279 -0.018574711409758547 -0.054843111926195572 0.015672882904406063 0.0074740886975773833 -0.017555747795996321 -0.0093508361185999818 -0.00089525141172068371 0.018513498074201825 -0.018584146701303639 0.016954768442093971 -0.00083272834723124346 3.8439473316485305e-05 -0.0055719631834244224 -0.0034578893441847003 0.020434534286974445 -0.0077197319791553953 0.0040732389983039775 -0.0067135428732255859 -0.01110100032761693 0.014410341401634327 0.0022114637887513822 0.056370131877752451 0.018108895296548924 0.080091888129711145 0.0040371251145050087 -0.021157485697204707 0.0087534265465543659 0.022322643798060128 0.029003282561712748 0.014333100856179469 -0.011537289754228217
leaf_weight=424351 1334 6316 8953 927 10207 188 131 87546 6514 2973 18619 15730 32 7917 10921 50 12856 125 379 8000 32161 8412 9944 3653 1879 845 7661 1186 1858 1600 2625 849 1918 13747 1171 9714 463 2202 14157 3371 9957 2957 604 438 2963 2235 756 5635 1382 251 7468 2106 2907 5293 3193 1070 123 241 127 46567 49 15410 5494 2103 1561 110 9181 3537 7958 6332 3939 9156 1363 19704 1707 510 5034 769 10042 167 162 351 1886 32 11853 307 1387 43 405 2318 7545 2139 1855 12471 361 196 98 2028 7772 573 1007 2358 1032 133 32924 6316 2858 1278 4520 1546 4718 4876 15418 1218 58224 4092 78 574 60 9152 122 334 12912 1431 11834 395
leaf_count=424351 1334 6316 8953 927 10207 188 131 87546 6514 2973 18619 15730 32 7917 10921 50 12856 125 379 8000 32161 8412 9944 3653 1879 845 7661 1186 1858 1600 2625 849 1918 13747 1171 9714 463 2202 14157 3371 9957 2957 604 438 2963 2235 756 5635 1382 251 7468 2106 2907 5293 3193 1070 123 241 127 46567 49 15410 5494 2103 1561 110 9181 3537 7958 6332 3939 9156 1363 19704 1707 510 5034 769 10042 167 162 351 1886 32 11853 307 1387 43 405 2318 7545 2139 1855 12471 361 196 98 2028 7772 573 1007 2358 1032 133 32924 6316 2858 1278 4520 1546 4718 4876 15418 1218 58224 4092 78 574 60 9152 122 334 12912 1431 11834 395
internal_value=-2.07813e-05 -0.00546938 0.0134799 0.00119476 -0.0073946 0.0107762 0.0130511 -0.00811198 -0.00600574 0.00630899 0.0031687 -0.00168918 0.00941744 0.00441893 -0.00357452 0.0177519 0.00754634 0.0149983 -0.00322403 -5.54326e-05 -0.00573368 -0.00193973 -0.0004779 -0.0020563 0.00328423 0.00244779 -0.00243677 0.00259742 0.0125493 0.00932098 0.00946561 -0.00163895 -0.00613484 0.00433524 0.0204326 0.00729322 0.0113835 0.00545541 0.00644527 0.00338212 0.00461606 0.00413072 -0.00489408 0.0207842 0.0233581 0.0251239 0.0152059 -0.00424132 0.00328446 0.000688957 -0.0043448 0.00189412 0.00748455 0.00495318 0.00376758 0.00747268 -0.0088629 0.00508372 0.0146893 0.0210978 0.0223411 0.00480127 0.00283942 0.0133216 0.011159 0.0145984 0.00932991 -0.00193112 -0.00349782 -0.00180865 0.00095492 -0.00175215 0.00586613 0.00989486 0.0145059 0.0109006 0.0143266 -0.00726557 0.0172381 -0.00967095 0.0291657 0.0267288 0.0314307 -0.00528854 0.0146477 -0.00545648 0.00210399 0.00372881 0.0192816 0.0118348 0.00885312 0.00680326 -0.00288557 0.0112801 -0.00320528 0.0166557 0.00158898 0.00621681 0.00937935 0.00130307 0.00446565 0.00802119 0.0070134 0.0197755 0.0167998 -0.00505094 0.00747517 -0.000853407 0.00120386 0.0086653 -0.00507052 -0.0056799 -0.00451698 0.00104038 0.0136384 -0.0012073 0.0032245 0.00877125 0.0234455 0.00111809 0.0180968 0.0313717 0.0185193 0.019076 0.0159157 0.00996891
internal_weight=1.17708e+06 838625 338451 187970 650655 243686 161461 577982 153631 82225 40903 72673 41322 112152 75818 7576 33746 106083 66085 29208 36877 19926 62466 46530 21208 11514 64897 68648 2836 55378 55190 58581 36498 20890 94765 43504 13487 30017 27815 18101 19329 15936 1435 6757 5871 5532 10699 30800 63003 24655 14153 6518 4289 38348 33055 10502 2229 972 731 84066 56718 29862 20904 12052 9949 8027 9432 57732 37419 29461 20313 13095 7218 53590 9876 7251 5544 819 10091 7635 2562 2400 2049 163 103521 339 4337 886 448 3681 43714 23698 3994 20016 1922 9943 868 12979 8958 14730 10951 20977 2950 1991 33049 13977 12815 8678 7344 2824 5645 25165 21512 6094 70472 7143 4170 770 46627 15484 9075 3297 27348 26177 13265 12248
internal_count=1177076 838625 338451 187970 650655 243686 161461 577982 153631 82225 40903 72673 41322 112152 75818 7576 33746 106083 66085 29208 36877 19926 62466 46530 21208 11514 64897 68648 2836 55378 55190 58581 36498 20890 94765 43504 13487 30017 27815 18101 19329 15936 1435 6757 5871 5532 10699 30800 63003 24655 14153 6518 4289 38348 33055 10502 2229 972 731 84066 56718 29862 20904 12052 9949 8027 9432 57732 37419 29461 20313 13095 7218 53590 9876 7251 5544 819 10091 7635 2562 2400 2049 163 103521 339 4337 886 448 3681 43714 23698 3994 20016 1922 9943 868 12979 8958 14730 10951 20977 2950 1991 33049 13977 12815 8678 7344 2824 5645 25165 21512 6094 70472 7143 4170 770 46627 15484 9075 3297 27348 26177 13265 12248
is_linear=0
shrinkage=0.03


Tree=43
num_leaves=127
num_cat=0
split_feature=28 28 28 33 28 34 33 36 13 33 28 34 27 9 14 27 28 18 37 27 4 31 9 25 33 28 18 34 16 27 37 28 9 11 12 36 14 9 37 11 17 17 28 36 0 15 28 17 14 9 33 25 34 11 18 16 18 28 34 27 28 18 27 6 17 16 0 14 16 33 28 18 28 27 12 28 25 37 0 37 37 28 14 34 25 29 28 14 4 27 4 18 4 28 36 37 27 0 27 27 17 27 1 35 14 0 18 27 12 32 0 14 13 36 1 9 33 16 24 28 27 11 36 28 36 37
split_gain=90538 9006.82 7794.67 3739.05 3422.31 1601.17 1432.21 993.318 914.427 1188.58 867.409 741.433 658.616 655.057 710.123 579.396 576.425 543.721 495.346 469.356 450.164 449.127 401.999 390.987 388.249 716.187 373.424 352.474 428.625 349.226 344.448 342.368 340.57 331.182 330.751 329.147 323.294 406.097 311.471 309.212 297.724 341.024 529.635 294.264 1060.06 285.236 330.349 277.783 273.968 269.883 398.827 268.13 261.261 248.46 244.263 239.966 233.563 232.09 260.282 435.03 336.71 231.11 390.999 230.202 227.559 333.815 250.392 298.72 226.13 222.455 211.22 222.73 211.202 203.659 199.353 199.347 197.286 196.956 244.936 211.094 193.787 192.903 191.962 187.067 390.659 189.603 247.73 186.561 183.475 183.376 233.741 218.024 183.976 183.056 294.057 182.397 433.313 327.709 397.645 214.441 200.825 182.256 181.673 181.123 179.517 178.095 177.79 176.215 242.172 175.559 172.334 171.482 171.193 170.516 378.134 168.698 166.428 165.607 164.779 163.191 211.117 198.701 177.51 173.86 202.437 168.561
threshold=1.1027174473240156 2.6136564282984813 0.16624505300930573 0.052765155592741718 9.8717944032260636 1.4676774517475548 0.025781629466387009 0.066865092153863798 1.0000000180025095e-35 0.033166012189348539 0.80139390966197055 0.57852776937170458 0.12848822407021221 58.500000000000007 0.0028501238446996223 0.036311245721003936 0.034002047479848668 2.5000000000000004 0.50865283701267294 0.036311245721003936 196.50000000000003 0.22820309318772833 41.500000000000007 0.37940952255126048 0.064279935275080927 1.5458260513094546 2.5000000000000004 0.1362768408773313 2.5000000000000004 0.014973846545325393 1.5025613544596921 0.16103285251108321 26.500000000000004 1.720779220779221 0.0097754368401893003 0.12942044372277478 0.99699172706088202 21.500000000000004 0.09950595727325684 0.18368196964087377 6.5000000000000009 1.5000000000000002 8.8358794293418814 0.030490724865750832 112.50000000000001 8.5000000000000018 13.364681153834583 3.5000000000000004 0.99370390337603987 35.500000000000007 0.040011435105774734 -0.5 0.21634156084660722 0.19709079283887471 1.5000000000000002 6.5000000000000009 16.500000000000004 0.11215773106761434 2.7394679166868641 0.0010467403708775711 0.078519407622857432 1.5000000000000002 0.10975387182562446 331.50000000000006 4.5000000000000009 5.5000000000000009 39.500000000000007 0.85352528736329614 16.500000000000004 0.077160011493847283 2.5557908564165062 3.5000000000000004 450.18373215212438 0.12073258417913142 0.17208968567664221 0.21257644683773652 0.78656609248549303 10.704625215838254 63.500000000000007 1.8226871978188368 2.0956141794453682 0.634234399382126 0.021945304437564501 40.449121484004422 0.25881904510252057 0.0006963784507029977 84.027302325581402 0.87503003363767429 215.50000000000003 0.010013046234375276 141.50000000000003 1.0000000180025095e-35 134.00000000000003 0.010371837600152969 0.017348284266447907 1.9084419402385009 0.04456851498841867 92.500000000000014 0.033161635488878433 0.031448058896583746 2.5000000000000004 0.057131976933957142 450.50000000000006 6.5606062176072445e-05 0.99503972966243948 6.5000000000000009 7.5000000000000009 0.0081626362872366954 0.1410309126180837 1.0000000180025095e-35 150.50000000000003 0.5557438794726931 2.5000000000000004 0.023540165097258856 26.500000000000004 78.500000000000014 0.071845153424100805 13.500000000000002 -0.5 6.1742341983976887 0.071646505472169913 9.7500000000000018 0.032597968522763407 7.1808502755296582 0.079427570093457953 19.816609261392877
decision_type=2 2 2 2 2 2 2 2 2 2 2 2 2 2 2 2 2 2 2 2 2 2 2 2 2 2 2 2 2 2 2 2 2 2 2 2 2 2 2 2 2 2 2 2 2 2 2 2 2 2 2 2 2 2 2 2 2 2 2 2 2 2 2 2 2 2 2 2 2 2 2 2 2 2 2 2 2 2 2 2 2 2 2 2 2 2 2 2 2 2 2 2 2 2 2 2 2 2 2 2 2 2 2 2 2 2 2 2 2 2 2 2 2 2 2 2 2 2 2 2 2 2 2 2 2 2
left_child=2 6 7 11 5 8 12 93 9 19 13 22 35 36 51 64 -9 33 32 23 21 -12 27 43 25 34 49 -4 38 -26 39 57 -13 40 -8 55 37 47 -29 61 41 74 -43 44 -3 46 77 76 -19 50 111 -15 87 -42 -38 -2 95 58 60 -60 -18 -6 -63 106 65 66 67 -7 -23 -62 71 -27 83 -47 -10 -51 102 78 -32 -80 -49 -34 -33 85 -85 86 -48 -30 107 91 92 -53 -91 -1 -95 96 112 99 -99 -97 -98 -102 -5 -79 -58 -101 -61 108 -16 -75 -92 -20 -31 -40 -115 -109 -70 -36 -68 -17 121 122 -121 124 -122 -125
right_child=1 4 3 10 30 15 24 16 17 -11 20 18 -14 14 88 119 31 48 26 -21 -22 68 -24 -25 29 70 -28 28 52 56 45 82 81 -35 117 -37 54 -39 113 -41 53 42 -44 -45 -46 73 72 80 -50 75 -52 89 -54 -55 -56 -57 104 -59 59 63 69 62 -64 -65 -66 -67 118 -69 116 -71 -72 -73 -74 109 -76 -77 -78 103 79 -81 -82 -83 -84 84 -86 -87 -88 -89 -90 90 110 -93 -94 94 -96 97 100 98 -100 105 101 -103 -104 -105 -106 -107 -108 115 -110 -111 -112 -113 -114 114 -116 -117 -118 -119 -120 120 123 -123 -124 125 -126 -127
leaf_value=-0.0091863571499065134 -0.0028095728426290969 0.03173689761053259 -0.0091084507336039004 -0.0034304956446743282 0.018425967346459061 -0.025202257687808902 0.0057653052694774439 -0.0095929743554072078 0.015522236931911855 0.022138654068328663 -0.0055242209771083923 0.0090883149036182411 0.0053202385569289037 -0.010057839827058207 0.076924830388058626 0.012624039500368466 -0.0054220765719020904 0.0058601734413854627 -0.00021287744073783963 0.0090245952362342039 -0.0090184387627907613 0.011139860435420625 -0.0093990418515909804 -0.011726768951084671 -0.004694217723003007 0.0090357834248753453 -0.007594322687750934 0.016588008714041539 0.0039078945043203826 0.0082695732496001501 0.021766983291747952 -0.0025864051721367107 -0.0043648378272792138 0.032220951607921433 -0.00092235152150616992 0.016889163126093249 0.0027511544314841197 0.0068822298357754889 -0.0037866781008780081 -0.0037461603314630568 0.026469502532389014 0.0035945786458474616 0.026869083304174955 -0.015138369171815078 -0.0031372527409215161 -0.012472254165338472 0.022494940063599429 0.002929206128915006 -0.012721280985010358 0.0072517223694465224 0.0063119918405046853 -0.011049863836842857 -0.0073674150499099178 -0.036362272435703225 -0.0088189584297866733 -0.011316873998869032 0.0040761694451278384 -0.00705718358295778 0.091925260670044834 0.0076056892488917975 0.0074005251754557079 -0.034446382743697011 0.011267260853797952 -0.0097401499654948473 0.062589028393564047 -0.00099701749366673791 0.01852136288712054 0.077041406370699408 0.0055845631533713467 -0.022950978964695092 -0.016798151449200889 0.0024505734489865191 0.06634664541604568 0.011329770851173033 0.0066587815919627027 -0.0061735999080286099 0.0043438542593474908 0.001723261818320292 0.027318561913507448 0.014836674022952429 0.016978775135263524 0.0077799770525131783 0.018360994428885169 0.16089803748660617 0.018255805335938929 0.017060773110247864 0.036815921373005475 -0.0085426152780467904 -0.019666748038360049 -0.00059060239675097438 0.0097054784914334929 0.042903742278399673 0.011549072629965481 -0.0088290726083668624 -0.0068934843180201259 -0.020706271745941855 0.012352300153634669 -0.012323474530187818 0.0072948519155457527 0.082220688733187594 -0.0048328442281474629 0.0094067203647804094 0.0054399596000101391 0.022615664660416798 -0.018251058047567988 0.012449247589465629 -0.020455301457264829 0.0034050941686125298 0.0099375337103710451 0.025601818157864959 -0.0063415894910543282 -0.0067591160762934376 0.023945459725730554 -0.0030034998083231451 0.0090992262095323968 -0.026481852683910102 -0.012429292359907669 -0.010815984312009967 0.038750477561119358 0.029736952491432097 0.011553396736052051 0.073902900389262602 -0.01653924975598204 0.014286194742986971 0.023471041301399775 0.02388494434573727
leaf_weight=181746 12025 939 16208 12190 7978 131 7048 10040 3904 2196 1906 5322 11272 7436 68 49210 10527 3318 11032 2932 1418 17025 26734 4159 1596 32722 13732 840 3454 770 13776 586 4607 851 9321 648 3225 22480 17226 756 80 1215 3191 987 4766 263 43468 2036 910 1080 6758 2920 30929 194 3346 3969 2348 6401 51 4901 3232 186 1779 936 163 353 486 32 3047 233 309 5383 98 3259 5503 12709 6544 1159 1355 12188 1561 1581 1200 27 48 5741 1115 1578 315 3388 661 69 1681 158944 127148 176 7502 977 19269 33 1382 1951 2505 551 376 14675 212 14453 170 1018 6784 5347 3376 6888 3506 172 544 1820 1425 91 1834 28 414 56455 4268 1696
leaf_count=181746 12025 939 16208 12190 7978 131 7048 10040 3904 2196 1906 5322 11272 7436 68 49210 10527 3318 11032 2932 1418 17025 26734 4159 1596 32722 13732 840 3454 770 13776 586 4607 851 9321 648 3225 22480 17226 756 80 1215 3191 987 4766 263 43468 2036 910 1080 6758 2920 30929 194 3346 3969 2348 6401 51 4901 3232 186 1779 936 163 353 486 32 3047 233 309 5383 98 3259 5503 12709 6544 1159 1355 12188 1561 1581 1200 27 48 5741 1115 1578 315 3388 661 69 1681 158944 127148 176 7502 977 19269 33 1382 1951 2505 551 376 14675 212 14453 170 1018 6784 5347 3376 6888 3506 172 544 1820 1425 91 1834 28 414 56455 4268 1696
internal_value=-2.01579e-05 0.0119037 -0.00582584 -0.00186199 0.0153467 0.0125532 0.00579558 -0.00806147 0.00694016 0.00164042 0.00228963 -0.00470133 -0.000278995 0.000966 -0.00204382 0.0142452 -0.00341778 0.0113586 -0.00209412 -0.0016255 0.0073765 0.00840874 -0.00621103 -0.00450322 0.00732273 0.00558312 -0.00337058 -0.00515398 -0.00415906 0.00913175 0.0198196 -0.00122538 0.00352384 0.0140469 0.000679067 -0.00407148 0.003095 0.00396094 -0.00140835 0.0147498 0.012949 0.0135632 0.0204509 -1.38628e-05 0.00260277 0.0204649 0.0208824 0.00131677 0.00186085 -0.00179985 0.0001801 -0.00537462 -0.00633601 -0.0180172 -0.00314043 -0.00492071 0.0095494 -0.00208243 -0.000497557 0.00467383 -0.00275209 0.0161561 0.00694017 0.0039382 0.0282759 0.0259714 0.0305615 -0.00512988 0.00969687 0.00535957 0.00790518 0.00810551 0.0223484 0.0131511 0.0103372 -0.00512208 1.10899e-05 0.0183322 0.0189505 0.0160855 0.00902634 -0.0012619 0.011488 0.0222629 0.069607 0.0221923 0.0228531 3.50173e-06 0.00299013 -0.00312831 -0.00153372 -0.00980436 0.0034352 -0.00844182 -0.00796884 0.0100144 0.0127861 0.00883251 0.00634814 0.0122119 0.00962995 0.00350241 -0.00191838 0.00845526 0.000994291 0.0126058 0.0064422 0.00347031 0.0290768 0.0147268 -0.00491686 -0.00234993 0.0210341 -0.00195567 0.00107887 0.0030536 0.00285565 -0.00253858 0.0336059 0.0139264 0.0149157 -0.00388725 -0.00820037 0.0150717 0.0198891 0.0145661
internal_weight=1.17708e+06 385444 791632 285475 246496 151731 138948 506157 35145 15979 115944 169531 27914 92004 38117 116586 38319 19166 62168 13783 23940 22522 107363 10851 111034 56603 50658 80629 64421 54431 94765 28279 11510 14938 18189 16642 53887 47316 28460 10699 14087 13813 4406 6692 5705 84066 79526 24836 4228 36926 23137 22939 35961 274 6571 15994 52835 26493 20092 6100 13992 9943 1965 6049 2590 2427 2074 163 20616 3465 38414 38105 50497 4540 9407 13789 21239 29029 27319 13543 3597 6188 1786 50399 75 50324 44583 5032 15178 15503 12514 2989 5069 467838 286092 50111 14981 35130 20246 14884 10835 3333 14695 1710 2724 14708 5113 14863 238 4277 7445 16379 4146 27620 10394 14625 3591 11141 1911 113996 64786 533 505 64253 6102 58151
internal_count=1177076 385444 791632 285475 246496 151731 138948 506157 35145 15979 115944 169531 27914 92004 38117 116586 38319 19166 62168 13783 23940 22522 107363 10851 111034 56603 50658 80629 64421 54431 94765 28279 11510 14938 18189 16642 53887 47316 28460 10699 14087 13813 4406 6692 5705 84066 79526 24836 4228 36926 23137 22939 35961 274 6571 15994 52835 26493 20092 6100 13992 9943 1965 6049 2590 2427 2074 163 20616 3465 38414 38105 50497 4540 9407 13789 21239 29029 27319 13543 3597 6188 1786 50399 75 50324 44583 5032 15178 15503 12514 2989 5069 467838 286092 50111 14981 35130 20246 14884 10835 3333 14695 1710 2724 14708 5113 14863 238 4277 7445 16379 4146 27620 10394 14625 3591 11141 1911 113996 64786 533 505 64253 6102 58151
is_linear=0
shrinkage=0.03


Tree=44
num_leaves=127
num_cat=0
split_feature=28 28 28 34 36 34 28 28 5 5 27 13 28 28 33 33 36 4 5 27 5 5 5 5 33 33 18 10 8 27 0 4 4 36 36 9 36 26 27 33 5 25 13 18 37 37 28 36 0 0 34 28 33 18 7 29 28 37 36 1 37 30 1 33 18 28 15 28 27 5 33 27 0 37 10 10 27 18 37 5 5 4 18 0 27 10 4 27 27 28 33 0 5 5 9 5 18 37 6 5 33 5 37 18 1 37 0 34 34 15 27 6 25 36 32 4 27 26 15 28 36 36 37 1 15 6
split_gain=85219.5 10612.6 6251.45 2877.16 2620.23 2437.2 1160.17 913.569 835.156 915.207 810.899 688.861 1413.69 643.23 619.263 598.746 651.997 503.436 990.119 503.433 492.72 484.65 684.647 502.678 466.213 465.411 462.272 448.3 1048.13 459.156 443.043 428.896 428.608 426.134 421.567 499.62 401.966 384.961 382.274 386.083 379.493 358.25 354.886 354.263 350.665 857.861 371.14 540.838 451.327 338.268 329.115 326.323 405.408 355.453 306.544 297.414 351.516 312.995 307.204 520.243 291.875 291.043 285.43 284.57 276.926 265.754 265.404 264.31 259.952 262.48 257.829 252.563 246.182 245.681 243.707 284.08 242.498 249.894 241.652 238.455 237.995 236.18 233.42 233.244 229.916 225.105 223.822 222.618 222.325 219.928 217.868 217.173 214.755 212.233 215.486 211.977 210.094 314.796 250.316 209.343 203.781 203.336 202.89 202.541 201.882 198.972 198.305 231.198 223.151 198.648 197.728 197.727 196.621 195.171 203.292 194.892 192.171 191.316 189.566 189.48 189.218 184.411 184.271 183.509 182.276 179.772
threshold=1.395567352106527 0.40621709224718944 9.8717944032260636 0.57852776937170458 0.075715537636944566 1.510534454572019 5.423409150348343 0.13970105364521065 3449.5000000000005 4104.5000000000009 0.096356162808523702 1.0000000180025095e-35 8.8358794293418814 0.034002047479848668 0.017471603833322344 0.0080217689457467538 0.0084708063553290188 78.000000000000014 1668.5000000000002 0.036311245721003936 1664.5000000000002 3373.5000000000005 3982.5000000000005 1678.5000000000002 0.077160011493847283 0.032707366722294566 9.5000000000000018 1.0000000180025095e-35 17.500000000000004 0.0074937699731432855 115.50000000000001 196.50000000000003 230.50000000000003 0.022595411587304565 0.12942044372277478 -1.0000000180025095e-35 0.020809122986465488 1.0000000180025095e-35 0.03297771034169731 0.089704088963185838 3942.5000000000005 0.78656609248549303 1.0000000180025095e-35 2.5000000000000004 0.73453215596083743 0.24158594618482945 2.636016201345448 0.013699218537413254 66.500000000000014 42.500000000000007 0.56572431657503508 13.364681153834583 0.011981899492835048 3.5000000000000004 3.5000000000000004 0.0006963784507029977 84.027302325581402 10.704625215838254 0.038277474009009847 524.50000000000011 0.5232381454627465 0.067274736675500726 886.50000000000011 0.0082937579318871097 7.5000000000000009 0.7345871747393683 5.5000000000000009 0.74906919933808813 0.27374693722197119 3373.5000000000005 0.11144335091509766 0.20833333333333337 187.50000000000003 0.23821805405295035 3.2500000000000004 6.2500000000000009 0.049436297465138446 1.0000000180025095e-35 0.09360594067554294 3449.5000000000005 126.50000000000001 182.00000000000003 14.500000000000002 58.500000000000007 0.090389262019821462 6.2500000000000009 72.500000000000014 0.029753306623641031 0.056013147944206858 9.0737364846598432 0.052765155592741718 32.500000000000007 3309.5000000000005 3982.5000000000005 29.500000000000004 3928.5000000000005 1.5000000000000002 1.5025613544596921 666.00000000000011 3887.5000000000005 0.030535232246673649 75.500000000000014 2.102991367849492 1.0000000180025095e-35 96.500000000000014 0.34890983914268764 39.500000000000007 3.3484883021927287 4.768300754832099 1.0000000180025095e-35 0.083316606449886269 3.5000000000000004 -0.78656609248549325 0.036703082025273892 1.0000000180025095e-35 192.50000000000003 0.031448058896583746 1.5000000000000002 4.5000000000000009 0.7402314576431609 0.020809122986465488 0.076295858971078698 0.19507791719669246 71.500000000000014 5.5000000000000009 3375.5000000000005
decision_type=2 2 2 2 2 2 2 2 2 2 2 2 2 2 2 2 2 2 2 2 2 2 2 2 2 2 2 2 2 2 2 2 2 2 2 2 2 2 2 2 2 2 2 2 2 2 2 2 2 2 2 2 2 2 2 2 2 2 2 2 2 2 2 2 2 2 2 2 2 2 2 2 2 2 2 2 2 2 2 2 2 2 2 2 2 2 2 2 2 2 2 2 2 2 2 2 2 2 2 2 2 2 2 2 2 2 2 2 2 2 2 2 2 2 2 2 2 2 2 2 2 2 2 2 2 2
left_child=1 4 5 34 7 10 20 -1 17 88 11 44 50 -6 -9 30 -17 18 41 106 116 23 40 27 31 33 36 28 -16 -29 -14 37 -25 -18 35 76 -19 -15 39 66 83 67 70 78 45 49 -47 -48 -49 81 62 52 -4 55 -45 56 71 86 -59 74 73 -44 -13 -46 79 -20 -38 -5 69 82 -40 101 -31 -52 -60 -76 -3 -78 80 -26 -12 -2 -21 -23 -55 -39 -57 -69 95 -51 102 -37 -54 94 -81 -10 -88 -98 -99 -92 -64 -53 -22 -30 -80 -56 109 118 -109 -8 117 -89 -110 125 -115 -101 -7 -67 -108 -97 -118 -71 -79 -42 -119 -86
right_child=2 3 51 8 13 6 19 14 9 -11 43 12 15 24 21 16 25 26 65 68 90 22 -24 32 64 -27 -28 29 103 72 -32 -33 -34 -35 -36 91 38 85 42 -41 123 -43 61 54 63 46 47 48 -50 89 60 53 92 84 105 57 -58 58 59 -61 -62 -63 100 -65 -66 110 -68 87 -70 121 -72 -73 -74 -75 75 -77 77 122 104 93 -82 -83 -84 -85 113 -87 96 111 -90 -91 99 -93 -94 -95 -96 119 97 98 -100 115 -102 -103 -104 -105 -106 -107 107 108 112 -111 -112 -113 -114 114 -116 -117 120 124 -120 -121 -122 -123 -124 -125 -126 -127
leaf_value=-0.0083542330789796015 -0.0024006510424007671 -0.0041460964152815576 0.00011677355915111091 -0.0044276494729279135 -0.009122198392386113 -0.0046243240674956271 -0.025448820019970422 -0.0080330761186276235 0.0078115231846645206 -0.0042279134142644203 0.038354198086868831 -0.005698000965709285 -0.014630777641918412 0.0025373738620935544 0.0078324674781169914 0.035938565036871865 0.016041111079285873 -0.010028856417669809 0.0050645282452408246 0.014872370282248191 -0.014828983971476554 -0.0040543890694299568 -0.0058794030971105957 -0.0082425351141570662 0.0022410476144593839 0.038951668243247022 -0.010108556919319766 0.033620773835065669 -0.0096756731793179833 -0.0072919787969350173 0.029016258528358055 -0.013418604949670567 0.04763722781091928 -0.00042421141935786692 0.01624947163065785 -0.0041823428742962772 -0.0086669169788761713 -0.0046021464134119398 0.0086296587975609185 0.015423907098424344 0.0097194358625949471 0.0060318753337943653 -0.0020864338772381076 0.007723468524618019 0.036798315598764494 0.0036830456762947483 0.058486494663333097 0.064081168894110058 0.0065454774708452084 -0.011298186361011828 -0.007878253397806045 0.0081126980415133169 0.015844179375674446 -0.049009871272479785 -0.014325141652952879 -0.0032830114608622474 0.038921620938130085 0.020845233397389001 0.06427523156808268 0.0090324718713067301 -0.0023134423407532695 0.0047834711032822734 -0.024471960893044105 -0.0078015640887356052 -0.011403380556223941 0.018332127286818985 0.01074286414003423 0.023324572553542533 0.012670549705543493 0.014835345177883126 -0.019363271711102008 0.020288422373568482 0.0014459642624684841 0.020437735157337648 0.20055606691106673 0.066090380904766224 0.010298928237008738 0.0049861035734786539 0.00926203869673594 0.0014454245329441795 0.001229770953030141 0.035981292573858327 0.0023625689064807622 0.005726190905688819 0.0033307447660677501 0.0019738357502449575 0.01713334036621459 -0.00097881430232582382 0.0053373799775482253 0.062282924072162522 0.01078009738960491 -0.0094970481324517225 0.020920667963710317 -0.0015542334817834685 0.017593139938385141 0.0083151755290271287 -0.045951974995625325 0.034990312689725238 -0.0091491229043520507 0.017068091563986473 0.054546086677984031 0.025796194019627731 0.0077307450969046326 0.012233207110645882 0.014648516385766783 0.0010201019871814759 0.023555266706985038 0.060557046349948407 0.051444710459198836 0.041499634683132169 0.0054801678970100541 0.0081112274595469113 0.022049476327403231 0.013541297887982987 0.025785593301310535 -0.01757593695180578 -0.032177603555762248 0.012110258850800285 -0.020952633391035362 0.016502285801635218 0.0064178932743315367 0.02249623940689368 -0.0071647927720011788 0.027617577458682811 -0.0050933936197777785 -0.060850615682346475
leaf_weight=424351 329 11688 1246 11720 8953 1600 119 60018 10265 5282 162 7589 982 15426 8668 1364 4737 2973 9278 25825 375 3536 10272 33010 9879 588 3950 266 5877 19910 266 2794 124 2017 827 10471 6379 23787 9178 786 1603 8311 13126 5110 131 1094 363 145 798 3065 343 610 22416 51 1104 693 1122 990 124 129 1802 9616 39 7513 995 4625 704 419 56646 4591 306 29128 3397 1407 31 26 2595 2141 26386 996 3823 257 1416 5784 606 5834 4457 9477 9034 37 25497 20403 11271 1072 2937 3830 117 196 282 7624 119 14408 8298 406 8211 2444 1028 312 299 60 3308 2787 650 5228 1592 149 115 3904 94 7578 19399 7364 2363 760 646 42
leaf_count=424351 329 11688 1246 11720 8953 1600 119 60018 10265 5282 162 7589 982 15426 8668 1364 4737 2973 9278 25825 375 3536 10272 33010 9879 588 3950 266 5877 19910 266 2794 124 2017 827 10471 6379 23787 9178 786 1603 8311 13126 5110 131 1094 363 145 798 3065 343 610 22416 51 1104 693 1122 990 124 129 1802 9616 39 7513 995 4625 704 419 56646 4591 306 29128 3397 1407 31 26 2595 2141 26386 996 3823 257 1416 5784 606 5834 4457 9477 9034 37 25497 20403 11271 1072 2937 3830 117 196 282 7624 119 14408 8298 406 8211 2444 1028 312 299 60 3308 2787 650 5228 1592 149 115 3904 94 7578 19399 7364 2363 760 646 42
internal_value=-1.95531e-05 -0.00514761 0.0126869 0.00113123 -0.00696152 0.0101443 0.0122854 -0.00763659 0.00338044 0.00730703 0.00594013 0.00247821 0.005862 -0.00159261 -0.00565434 0.0141055 0.0168912 0.00198809 0.00395104 0.014321 0.00910856 -0.00412926 -0.000229544 -0.00532408 -0.000534659 0.0133526 -0.000286178 -0.00299381 0.0010698 -0.00557113 -0.0053278 -0.00201304 -0.00803341 0.0111239 -0.00499351 -0.00534727 0.000614686 -0.00130562 0.00140389 -0.00452409 0.00473796 0.00065237 0.0028514 0.00850396 -0.00275887 0.00261298 0.0165729 0.0273703 0.0153924 -0.00647156 -0.00140019 0.0192251 0.0169211 0.0205702 0.00301976 0.0214468 0.0223392 0.0157129 0.0290059 0.0550674 0.00616127 0.000818368 -0.00486712 -0.00703723 0.00391948 0.00891004 -0.00673772 -0.00117974 0.0139702 0.0158484 0.00772647 0.0219178 -0.00601842 0.0148878 0.0878769 0.139221 -0.00148981 0.00288358 0.00973464 0.00494382 0.00273897 0.0144324 0.0142221 0.00201545 0.014471 -0.00330697 0.0127049 0.00182155 0.00929119 -0.0104205 0.0109901 -0.00769455 0.0175427 0.0102786 0.0135039 0.0109393 0.0148981 -0.00184594 0.00894989 0.012094 0.0350416 0.0250779 0.00675532 -0.00825995 0.0105404 -0.00375474 0.0274453 0.0297328 0.0385471 -0.003008 0.0117682 0.0010869 0.031311 0.0149046 0.0163995 0.016404 0.00537091 0.0140353 0.0198264 0.0137536 0.00619044 0.0195543 -0.0013888 0.0154759 0.00966772 -0.000829158
internal_weight=1.17708e+06 838625 338451 187970 650655 243686 161461 577982 137482 35989 82225 34985 21253 72673 153631 9954 8706 101493 54475 98404 63057 93613 21955 71658 63720 7342 47018 38524 14951 23573 1248 47841 33134 6754 50488 49661 43068 45047 40095 7869 11683 32714 32226 47240 13732 6088 2400 1306 943 3688 11299 94765 34933 59832 8658 52313 45268 7045 1300 310 3552 22742 7747 7644 15879 21761 7083 24403 95842 39196 9484 44146 23307 1750 181 57 18787 7099 38582 14884 3985 586 27241 9320 7519 29621 5745 12683 30707 3102 41943 30874 33687 5005 3933 21673 5052 595 478 33270 158 15018 8673 6283 34597 3548 2562 2383 1261 179 12483 12264 949 7468 6820 7773 21114 9175 1122 11408 19514 11955 4504 2363 4550 648
internal_count=1177076 838625 338451 187970 650655 243686 161461 577982 137482 35989 82225 34985 21253 72673 153631 9954 8706 101493 54475 98404 63057 93613 21955 71658 63720 7342 47018 38524 14951 23573 1248 47841 33134 6754 50488 49661 43068 45047 40095 7869 11683 32714 32226 47240 13732 6088 2400 1306 943 3688 11299 94765 34933 59832 8658 52313 45268 7045 1300 310 3552 22742 7747 7644 15879 21761 7083 24403 95842 39196 9484 44146 23307 1750 181 57 18787 7099 38582 14884 3985 586 27241 9320 7519 29621 5745 12683 30707 3102 41943 30874 33687 5005 3933 21673 5052 595 478 33270 158 15018 8673 6283 34597 3548 2562 2383 1261 179 12483 12264 949 7468 6820 7773 21114 9175 1122 11408 19514 11955 4504 2363 4550 648
is_linear=0
shrinkage=0.03


Tree=45
num_leaves=127
num_cat=0
split_feature=28 28 28 33 34 36 28 27 3 27 17 28 28 3 16 3 18 17 28 33 3 28 34 26 27 36 8 18 34 4 34 24 27 31 18 27 36 25 27 27 18 24 3 3 6 18 12 34 16 27 33 14 18 34 7 18 36 34 6 18 18 28 27 3 16 12 25 28 34 12 27 14 27 28 28 16 16 3 16 3 31 3 34 34 28 3 33 17 0 25 34 17 16 33 4 36 27 0 7 36 25 8 32 14 27 28 33 27 15 0 28 28 11 11 3 0 24 14 36 33 31 3 25 3 7 3
split_gain=80312.1 9900.57 5876.1 3078.53 2277.99 2009.63 1064.75 788.255 888.672 737.942 1122.67 1051.37 628.844 639.316 669.275 636.64 609.222 543.956 530.345 526.499 523.946 519.693 510.859 426.411 418.924 405.431 672.889 377.413 366.216 448.394 365.637 360.732 345.006 381.35 341.207 339.898 330.177 328.786 328.318 326.92 317.724 315.447 463.575 408.025 402.693 351.829 339.294 315.265 392.885 298.112 291.367 339.283 281.037 278.941 271.775 266.267 265.355 264.53 299.159 260.832 260.185 265.631 260.113 258.397 322.662 258.136 320.942 251.969 250.624 247.97 246.224 244.074 271.582 242.169 239.375 303.83 248.247 237.169 302.658 237.108 239.75 360.882 237.083 405.894 244.349 236.192 235.514 230.61 229.278 227.79 231.494 227.405 315.212 224.856 222.047 221.192 220.09 218.742 216.292 225.779 212.926 206.554 241.213 204.053 203.946 201.029 200.731 224.119 200.52 313.187 329.706 300.352 199.804 204.238 195.963 195.119 194.994 194.132 192.433 188.999 290.412 184.995 181.241 213.833 176.322 221
threshold=1.395567352106527 0.37716298715792879 9.8717944032260636 0.040011435105774734 1.510534454572019 0.075715537636944566 5.423409150348343 0.01186526339151811 140.50000000000003 0.0921235037110303 1.5000000000000002 8.8358794293418814 0.13970105364521065 29.500000000000004 2.5000000000000004 141.50000000000003 1.0000000180025095e-35 6.5000000000000009 0.034002047479848668 0.077471914492014834 42.500000000000007 0.34566029974553431 1.1157868872566756 1.0000000180025095e-35 0.19779407501884169 0.075715537636944566 29.500000000000004 2.5000000000000004 1.4631875647697374 171.50000000000003 0.1362768408773313 -0.25881904510252113 0.043143240023823713 3.3073229190800428 3.5000000000000004 0.0074937699731432855 0.020809122986465488 0.78656609248549303 0.019917040144941358 0.031448058896583746 2.5000000000000004 -0.25881904510252113 127.50000000000001 135.50000000000003 1357.5000000000002 1.5000000000000002 0.16130489920265881 0.43047854839100613 2.5000000000000004 0.062674004983137091 0.052765155592741718 0.086992218176625988 4.5000000000000009 0.16004877840218271 5.5000000000000009 1.5000000000000002 0.067811062332445896 0.56572431657503508 3381.5000000000005 7.5000000000000009 2.5000000000000004 13.204086036603259 0.13876496606421113 1.0000000180025095e-35 9.5000000000000018 0.39563630593462401 0.91597561503675351 1.4362772672365867 0.66230013602109417 0.13828160715277768 0.036311245721003936 0.99836024207526186 0.029753306623641031 9.0737364846598432 1.7840888116925042 17.500000000000004 1.0000000180025095e-35 28.500000000000004 1.0000000180025095e-35 149.00000000000003 0.76131021780083852 142.50000000000003 0.57852776937170458 0.5849006463807539 1.0749542004379322 42.500000000000007 0.040011435105774734 3.5000000000000004 31.500000000000004 0.37940952255126048 0.10102616414449164 4.5000000000000009 5.5000000000000009 0.0078216419965634765 196.50000000000003 0.076295858971078698 0.080850736661129338 82.500000000000014 3.5000000000000004 0.039662367764696595 -0.98296291314453399 35.500000000000007 1.0000000180025095e-35 0.98387473620741639 0.080850736661129338 0.7927218595339468 0.047391380513516074 0.023065816766852546 1.0000000180025095e-35 71.500000000000014 1.2952726025040529 1.2952726025040529 0.19709079283887471 2.477272727272728 140.50000000000003 192.50000000000003 0.78656609248549325 0.0040568118231789621 0.047554435614137115 0.018382462470692553 2.3130708662742094 42.500000000000007 -0.5 141.50000000000003 13.500000000000002 129.50000000000003
decision_type=2 2 2 2 2 2 2 2 2 2 2 2 2 2 2 2 2 2 2 2 2 2 2 2 2 2 2 2 2 2 2 2 2 2 2 2 2 2 2 2 2 2 2 2 2 2 2 2 2 2 2 2 2 2 2 2 2 2 2 2 2 2 2 2 2 2 2 2 2 2 2 2 2 2 2 2 2 2 2 2 2 2 2 2 2 2 2 2 2 2 2 2 2 2 2 2 2 2 2 2 2 2 2 2 2 2 2 2 2 2 2 2 2 2 2 2 2 2 2 2 2 2 2 2 2 2
left_child=1 5 4 16 9 12 36 8 34 10 20 57 -1 -14 15 21 30 37 -7 23 73 53 -9 -20 70 26 108 38 29 119 -3 -31 71 -34 -5 -16 -6 55 -27 122 88 43 46 44 -28 -44 -43 48 101 -45 51 -41 82 -15 -55 100 69 58 -12 87 61 124 86 -50 117 66 -40 103 -33 -10 91 105 -73 89 75 -69 -76 -32 79 80 -79 -82 -18 -84 -85 -26 -53 -21 -11 90 -2 92 121 -92 -25 -72 -62 -57 -42 -100 -13 102 -4 -52 116 -29 -37 -108 109 -24 -111 114 -19 -114 -110 -66 -63 -65 -23 -22 -121 -8 123 -38 -49 -126
right_child=2 3 47 7 6 18 24 22 56 40 11 17 13 14 35 -17 52 112 19 59 28 118 25 94 85 27 41 32 -30 31 77 68 33 -35 -36 106 39 -39 65 50 98 42 45 49 -46 -47 -48 60 63 -51 67 62 -54 54 -56 97 -58 -59 -60 -61 96 104 -64 64 115 -67 -68 74 -70 -71 95 72 -74 -75 76 -77 -78 78 -80 -81 81 -83 83 84 -86 -87 -88 -89 -90 -91 93 -93 -94 -95 -96 -97 -98 -99 99 -101 -102 -103 -104 -105 -106 -107 107 -109 111 110 -112 -113 113 -115 -116 -117 -118 -119 -120 120 -122 -123 -124 -125 125 -127
leaf_value=-0.0080950584662914417 -0.012516053631822835 -0.0078450835547678281 0.014088139148885695 -0.0097542588562309161 -0.031944150666005158 -0.008906298068121387 0.020195941668289766 -0.017773272481777073 0.050076817267724401 0.013070661997978952 -0.0068518252669163395 0.062008709073373955 -0.0074409900329306016 -0.0040455052149342878 0.025198366918239085 -0.0091376322546395765 -0.0057012699873666348 0.026591161165548403 0.0013780501063495787 0.0037008079394446995 -0.0057354229820578799 -0.014251683750958951 0.019096326297666163 -0.004056790485228774 0.0087622588487783273 -0.0011023081218919381 -0.010273281291629065 0.0052254092982335146 -0.021439203495232002 0.0022826876582154845 -0.0024553097349488506 0.015570426878868766 -0.0029387782043117957 0.0091737166750540406 0.012983470515629579 -0.0077622417162663288 0.0030017273105792143 0.0011434738175490889 0.0086716945215401364 0.011145524844345868 0.0069465674368084972 0.0087381324424340382 -0.011835857739771928 -0.012521709804372122 0.010307702393682274 0.0058453586883599777 -0.0037022179981468237 0.017923982627779344 0.062624246216737303 0.0091349484380547716 0.024791170128729213 -0.018805983576423539 -0.0091490237444661789 0.0095651788667467843 0.0014766057778077552 -0.0061994851536200006 -0.01447680942075593 0.011393314627815985 0.058285402553585858 -0.011401253592546522 -0.046694961225285249 -0.0018839846402406691 0.0059441388936617044 -0.019132694552816052 -0.043575521558523178 0.0028712682112494235 0.017729149092840037 0.0074476161278333305 0.039316130044911551 0.015474186134502984 0.013771468358101951 -0.019669009897544856 0.0068024929403410258 0.041448128487055119 0.0067403301285878037 -0.010364855042598296 0.012411320005273544 0.015785218544886653 -0.0016402686081411753 -0.012949929484390318 0.0017792008039025965 0.018031645070452448 0.015703623842221983 -0.0062830974848174766 0.0020092210475319765 0.013355553174830637 -0.00022689236844873183 0.017510691494016826 0.0079282743514510774 -0.0092145512877591634 0.035258210279323431 0.061196494396579891 -0.0028810965583067048 -0.00043560740780462657 -0.014150889570484331 0.019175252565064447 0.015732474184516194 0.021887029400181651 -0.0088750968956330147 0.0065604553740866069 0.029390631299707325 0.011488153570111272 0.034529369659857069 0.0028795612755509997 0.021087407150924071 0.014469267344396873 0.0068652042989617544 -0.011663014411133819 -6.9404977064135289e-05 0.0079336202751747638 -0.02423868711629381 0.020570732076877634 -0.035948057448162749 0.021903137019702364 0.0076431744837174116 0.039911326128860995 0.098343407614477754 0.0082165033451463403 0.0086159284329346813 -0.0053991595209643539 0.014384579541723799 0.038325158645648262 -0.011801734233199978 0.063600401747024665 -0.03434148954464631 0.010245762496856572
leaf_weight=424432 1508 5191 983 7508 178 8996 1205 930 329 10853 2675 194 76715 2944 301 5133 31528 92 15364 12507 2609 1998 2418 28013 12315 3293 7429 4927 464 1691 12524 2103 9976 3056 645 23274 469 535 26099 5905 5172 7918 2989 730 967 1532 2628 23827 65 2644 1810 812 13731 8586 6622 316 140 1240 65 944 51 25 5295 262 192 5583 4070 6844 494 430 17112 595 843 104 9291 986 27539 2236 7858 561 6801 1501 1195 7143 5791 55400 2519 1192 27769 5768 162 152 352 8145 2109 11332 14954 1187 2122 1426 2517 2054 1102 485 47744 3713 1823 867 7787 6028 301 926 255 70 4788 29 58 2154 397 1203 1501 874 1042 59 110 1106
leaf_count=424432 1508 5191 983 7508 178 8996 1205 930 329 10853 2675 194 76715 2944 301 5133 31528 92 15364 12507 2609 1998 2418 28013 12315 3293 7429 4927 464 1691 12524 2103 9976 3056 645 23274 469 535 26099 5905 5172 7918 2989 730 967 1532 2628 23827 65 2644 1810 812 13731 8586 6622 316 140 1240 65 944 51 25 5295 262 192 5583 4070 6844 494 430 17112 595 843 104 9291 986 27539 2236 7858 561 6801 1501 1195 7143 5791 55400 2519 1192 27769 5768 162 152 352 8145 2109 11332 14954 1187 2122 1426 2517 2054 1102 485 47744 3713 1823 867 7787 6028 301 926 255 70 4788 29 58 2154 397 1203 1501 874 1042 59 110 1106
internal_value=-3.38592e-05 -0.00501015 0.0122919 0.000503007 0.0098319 -0.00693538 0.0118965 0.0036818 -0.00483409 0.00576565 0.00245576 0.0114847 -0.00753811 -0.00570083 -0.00313088 0.000312965 -0.00350844 0.0204126 -0.00211269 -0.00109629 -0.000750931 0.00267389 0.00436902 -0.00268906 0.0138429 0.00455414 0.0025161 0.00616362 0.00459129 0.0058493 -0.000468114 0.013066 0.00312501 -9.84019e-05 -0.00795543 -0.00649801 0.008857 0.0232972 0.00796211 0.00897217 0.00820553 -0.000682039 0.00219266 -0.004362 -0.00790289 -0.00584435 0.00563807 0.0186347 0.0124315 0.00444931 0.00931735 0.00560502 -0.00538583 0.00440694 0.00604318 0.0261098 0.0234732 -0.000103611 -0.0053066 0.00385139 0.0191177 0.0198584 0.00181222 0.00353334 0.0020768 0.008797 0.00989361 0.0104662 0.0200873 0.0304732 0.0167297 0.00729325 -0.0041506 -0.00417858 0.00996801 0.00520456 0.0109807 0.000748297 0.00286477 0.0060543 0.00706601 0.00471764 -0.00425408 -0.00102477 -0.00257034 0.0125202 -0.00475593 0.00490246 0.00937331 -0.00448309 -0.00170254 0.0255981 0.0233723 0.00026048 -0.00476353 0.0159243 0.0155203 0.0159819 0.00303325 -0.00267129 0.0317248 0.0182403 0.0248921 0.0201606 0.0211691 0.00919791 -0.00686547 0.00089347 0.0063739 0.00991231 0.00640354 0.00408144 -0.0124392 -0.0234878 0.0028672 -0.0326202 0.0681544 0.00525065 -0.0104611 2.49099e-05 0.00558286 0.0278174 -0.00454597 0.00977317 0.0173553 0.00621238
internal_weight=1.17843e+06 839499 338932 217282 244216 622217 161976 121222 9052 82240 34898 9146 553092 128660 51945 25680 96060 5166 69125 60129 25752 20547 112170 45486 98742 111240 49085 62155 10065 9601 36672 4288 23110 13032 8153 26265 63234 4749 39045 63056 47342 26837 15067 11770 8396 4521 10546 94716 6841 3374 61486 14531 59388 18152 15208 4214 899 3980 2740 14643 87875 72870 8626 2702 2637 35752 30169 46955 2597 759 31027 10078 1438 15687 44660 7830 36830 31481 18957 11099 10538 8302 45657 14129 12934 67715 3331 13699 38622 15583 9815 2583 2431 8307 30122 28444 15005 1503 8720 3548 2711 4139 2085 2295 47827 8640 25964 2690 22248 8747 6329 13501 417 325 12575 221 83 2416 2395 5313 2704 2079 1570 528 25043 1216
internal_count=1178431 839499 338932 217282 244216 622217 161976 121222 9052 82240 34898 9146 553092 128660 51945 25680 96060 5166 69125 60129 25752 20547 112170 45486 98742 111240 49085 62155 10065 9601 36672 4288 23110 13032 8153 26265 63234 4749 39045 63056 47342 26837 15067 11770 8396 4521 10546 94716 6841 3374 61486 14531 59388 18152 15208 4214 899 3980 2740 14643 87875 72870 8626 2702 2637 35752 30169 46955 2597 759 31027 10078 1438 15687 44660 7830 36830 31481 18957 11099 10538 8302 45657 14129 12934 67715 3331 13699 38622 15583 9815 2583 2431 8307 30122 28444 15005 1503 8720 3548 2711 4139 2085 2295 47827 8640 25964 2690 22248 8747 6329 13501 417 325 12575 221 83 2416 2395 5313 2704 2079 1570 528 25043 1216
is_linear=0
shrinkage=0.03


Tree=46
num_leaves=127
num_cat=0
split_feature=28 28 28 33 34 36 28 27 37 28 16 37 16 9 16 28 27 16 37 28 34 27 14 28 33 33 27 37 33 36 14 27 0 36 8 24 8 36 4 16 27 27 28 30 25 37 0 28 34 36 9 27 33 25 25 11 33 36 0 9 8 10 28 33 14 34 14 0 12 27 37 1 15 27 28 16 8 36 33 28 34 25 16 16 28 8 25 36 10 0 16 11 33 0 37 36 28 37 14 4 34 27 8 7 1 16 34 28 0 27 25 24 8 25 28 33 7 29 28 24 14 25 34 4 16 7
split_gain=75565.6 9315.45 5528.82 2896.59 2143.36 1890.86 1001.82 741.67 733.8 591.679 558.88 555.055 553.871 650.757 571.127 637.47 533.328 502.701 1365.87 747.171 644.788 529.585 501.347 499.002 495.383 478.521 453.25 449.651 585.606 413.243 474.782 394.166 390.047 379.026 648.39 381.937 487.796 365.048 361.773 356.962 360.055 390.245 369.119 352.016 392.864 349.526 320.64 566.447 518.763 310.663 309.311 307.599 306.982 295.729 295.57 293.486 285.805 281.812 317.979 278.753 278.174 277.553 274.839 274.147 319.231 252.718 251.948 249.993 245.48 244.74 260.582 241.752 240.95 238.55 237.078 236.277 273.707 259.572 232.02 230.02 231.536 357.164 225.641 267.363 265.741 225.045 216.96 205.07 203.831 197.929 197.775 195.847 195.621 277.817 194.782 308.729 228.678 193.206 191.994 191.712 191.127 188.209 184.6 201.537 277.282 183.179 179.027 178.186 176.934 210.778 170.53 169.283 169.066 166.937 161.865 396.681 161.316 160.875 283.469 173.65 174.494 159.885 159.12 158.093 157.552 284.816
threshold=1.395567352106527 0.37716298715792879 9.8717944032260636 0.040011435105774734 1.510534454572019 0.075715537636944566 5.423409150348343 0.01186526339151811 0.098781481803810925 0.13970105364521065 11.500000000000002 0.5232381454627465 3.5000000000000004 23.500000000000004 1.0000000180025095e-35 0.341055491100828 0.0074937699731432855 1.0000000180025095e-35 0.73453215596083743 8.8358794293418814 0.57105190082441804 0.099375729063849991 0.20004021717273279 0.034002047479848668 0.077471914492014834 0.052765155592741718 0.096356162808523702 0.09360594067554294 0.028800942012315072 0.0084708063553290188 0.96310228921887042 0.19779407501884169 22.500000000000004 0.065848700393555712 29.500000000000004 -0.25881904510252113 50.500000000000007 0.0080016569810327908 196.50000000000003 1.0000000180025095e-35 0.047187047539250425 0.2412725848941962 0.74906919933808813 0.016699666722132522 0.91597561503675351 1.5025613544596921 101.50000000000001 8.2466795937622326 0.33873941013063796 0.020809122986465488 3.5000000000000004 0.031448058896583746 0.032707366722294566 0.37940952255126048 1.0000000180025095e-35 0.18368196964087377 0.0082937579318871097 0.012965685782532771 202.50000000000003 67.500000000000014 7.5000000000000009 3.2500000000000004 1.2952726025040529 0.052765155592741718 0.086992218176625988 0.10924732958422818 0.99503972966243948 147.50000000000003 0.21630194647104037 0.13876496606421113 10.895242786555082 886.50000000000011 8.5000000000000018 0.019670872007458779 1.4362772672365867 7.5000000000000009 29.500000000000004 0.019891600844422309 0.11144335091509766 13.204086036603259 40.449121484004422 0.25881904510252057 18.500000000000004 1.0000000180025095e-35 1.8214601285526555 30.500000000000004 0.78656609248549303 0.012674507554025627 4.2500000000000009 110.50000000000001 19.500000000000004 9.7500000000000018 0.040011435105774734 63.500000000000007 0.24158594618482945 0.016777584690451895 9.0737364846598432 1.9084419402385009 0.98387473620741639 192.50000000000003 1.2368425604181641 0.013289847485839652 53.500000000000007 3.5000000000000004 818.50000000000011 16.500000000000004 8.3800633062594017 0.40621709224718944 53.500000000000007 0.084262691792812289 -0.5 -0.60355339059327362 30.500000000000004 0.60355339059327384 9.0737364846598432 0.040011435105774734 6.5000000000000009 1.0000000180025095e-35 84.027302325581402 0.91597561503675362 0.30322116923203984 -0.12940952255126037 1.9057618361605384 177.50000000000003 1.5000000000000002 5.5000000000000009
decision_type=2 2 2 2 2 2 2 2 2 2 2 2 2 2 2 2 2 2 2 2 2 2 2 2 2 2 2 2 2 2 2 2 2 2 2 2 2 2 2 2 2 2 2 2 2 2 2 2 2 2 2 2 2 2 2 2 2 2 2 2 2 2 2 2 2 2 2 2 2 2 2 2 2 2 2 2 2 2 2 2 2 2 2 2 2 2 2 2 2 2 2 2 2 2 2 2 2 2 2 2 2 2 2 2 2 2 2 2 2 2 2 2 2 2 2 2 2 2 2 2 2 2 2 2 2 2
left_child=1 5 4 29 8 9 49 22 57 -1 17 -9 13 14 15 27 106 18 46 20 26 56 -5 -7 38 -15 71 113 -29 -3 62 78 53 34 122 36 -36 100 54 43 42 67 61 107 73 55 47 50 -49 -6 -10 110 -39 68 60 90 -20 58 59 -2 88 -41 65 64 -53 -31 -26 -42 -21 70 -66 -19 79 -45 98 76 77 -67 87 92 117 -82 83 -76 -84 -78 101 -8 -25 -27 102 -80 116 -94 96 -96 -48 -95 -65 -44 -34 -37 103 104 -4 -32 -14 -35 -22 -110 -51 -56 -16 -11 124 -116 -47 118 -81 -120 -121 -59 -13 -58 -89 -126
right_child=2 3 45 7 6 23 31 11 10 12 -12 33 16 25 112 -17 -18 19 21 32 108 -23 -24 24 66 89 -28 28 -30 30 105 -33 37 39 35 86 -38 52 -40 40 41 -43 99 44 -46 72 94 48 -50 51 -52 63 -54 -55 111 -57 123 121 -60 -61 -62 -63 -64 74 69 75 -68 -69 -70 -71 -72 -73 -74 -75 82 -77 85 -79 91 80 81 -83 84 -85 -86 -87 -88 114 -90 -91 -92 -93 93 97 95 -97 -98 -99 -100 -101 -102 -103 -104 -105 -106 -107 -108 -109 109 -111 -112 -113 -114 -115 115 -117 -118 -119 119 120 -122 -123 -124 -125 125 -127
leaf_value=-0.0078522065913019089 -0.01306933804647022 -0.0074550152781857225 0.015473610330234469 -0.0086644041847920555 -0.030985826145899429 -0.0086391091453082939 0.043623622791105959 -0.020071659441704331 0.020742421130041537 -0.010396509967788767 -0.0024721877268174997 -0.0030911588056756513 0.0098475866633303023 -0.0083355512509193392 -0.0068630899960402687 -0.010021558102460621 -0.0081499874605540819 -0.0037754369347254868 0.036822028373943938 0.025519826350843204 0.01650013348360789 0.010361464533757992 0.0078499220238127474 -0.0038266001925118635 0.0056289652698115183 0.015336321679554163 0.0067218138679063138 0.0020523093280993927 0.014290340894367546 -0.0080539142934937177 -0.0053074311415443089 0.012144587112961742 0.035968352553886043 -0.025406384991877008 -0.0089879896797159485 0.049642057394358646 0.0058545384795179144 0.014413249095774051 -0.013133051709455128 -0.003011679223225555 0.0035136031171671871 0.014574723909339397 0.011260095844331403 -0.012314340134140492 0.018778478493807427 0.00077493719304992962 -0.0063840750275158328 0.017312699945422762 0.059992928777023086 0.0094799748266285108 0.0055935386041289902 0.010811159239176705 0.041007979825671233 -0.036585721367008078 -0.0042606082153868316 -0.0048337600848132696 -0.0052394094497886477 0.0063176300332706886 0.040126761597135789 0.017674542085934674 -0.0066116493926647825 0.0060735566526120858 -0.017708043582404218 0.024047434977878358 -0.0004343586566143712 -0.0054694165961282175 -0.0044440182046785823 -0.0032952951644562955 -0.014420751999960586 0.0057658148036818556 -0.02146138600679396 0.035971351012270496 0.012010015554670617 0.0050356344544824584 0.0066079633470390361 -0.0042739545793815791 0.012566075923742126 0.00095819912218305964 0.031498596387124704 0.020543796630363036 0.14495283659766703 0.016121103207270303 -0.0096684149217625744 0.012097240263165865 0.0071243157076008104 0.0025215815598869113 0.0073679972087116836 0.018705468610844576 0.012881603154856281 -0.0017750686035324626 -0.058963851711966775 0.11167600393295288 0.020498052378714764 0.024841354792283773 0.049304716389074368 0.0069889487692603655 0.078790004746667266 0.012903468464832054 0.0027931746527091743 -0.0046204823861413155 -0.01598638563458599 -0.00082434696503149905 -0.019853637292981147 0.021985794058012525 0.00085415959542446121 -0.014478832359798507 0.049092432260513304 0.015121091285958172 -0.0002577124377567363 0.011737386940054788 -0.01144768221078587 0.0014733244110358504 -1.2131149171840016e-05 0.0047197494554822731 0.085627587762745941 -0.027327532084334801 0.041115796620748483 0.016679396866104715 0.038613703070048293 -0.049382478083883012 0.034763329206629001 -0.0044967490002068219 0.0072274614810994313 -0.014158211512590229 0.016013370607407235 0.0067686644610514641
leaf_weight=424432 3254 18331 5546 6873 178 8996 238 839 1960 2558 5675 1458 272 28370 15362 3728 52735 5927 131 306 5461 1884 2179 1407 11891 1042 16698 13164 4803 3942 19339 67715 1304 99 7945 67 2660 5586 2761 4231 10260 1889 12434 777 1835 995 1305 599 448 528 3183 5905 420 182 6076 773 6176 3040 115 289 14484 10629 872 1810 2669 7827 2752 9209 253 5295 662 141 4547 8689 11256 10144 2478 20373 503 42158 34 45 1026 27486 4892 10573 4904 11031 1233 1462 33 29 12637 1369 162 3682 29 11221 485 724 67 9070 138 2742 1479 2181 170 7096 1587 7791 1042 19525 4109 885 33 184 98 9707 1105 42 47 2067 17355 2518 15277 3732
leaf_count=424432 3254 18331 5546 6873 178 8996 238 839 1960 2558 5675 1458 272 28370 15362 3728 52735 5927 131 306 5461 1884 2179 1407 11891 1042 16698 13164 4803 3942 19339 67715 1304 99 7945 67 2660 5586 2761 4231 10260 1889 12434 777 1835 995 1305 599 448 528 3183 5905 420 182 6076 773 6176 3040 115 289 14484 10629 872 1810 2669 7827 2752 9209 253 5295 662 141 4547 8689 11256 10144 2478 20373 503 42158 34 45 1026 27486 4892 10573 4904 11031 1233 1462 33 29 12637 1369 162 3682 29 11221 485 724 67 9070 138 2742 1479 2181 170 7096 1587 7791 1042 19525 4109 885 33 184 98 9707 1105 42 47 2067 17355 2518 15277 3732
internal_value=-3.28434e-05 -0.00485985 0.0119231 0.000487917 0.00953694 -0.00672732 0.0115396 0.00357134 0.00559268 -0.00731197 0.00657144 0.00423795 -0.00552981 -0.00387769 -0.00156034 0.00142714 -0.00787493 0.00732841 0.00361084 0.0091234 0.00734158 -0.00407734 -0.00468907 -0.00204931 -0.0010634 -0.00722596 0.00417007 0.00342064 0.00532382 -0.00340318 -0.00244763 0.0134276 0.0173774 0.00442115 0.00223362 -0.000967892 -0.00526511 0.0194615 -0.00260839 0.00582184 0.00449026 0.00155608 0.00672697 0.00937656 0.00607423 0.0180757 0.0108534 0.0154615 0.0355751 0.00859129 0.0113668 0.00870301 0.016273 -0.0033711 -0.00192826 0.012972 -0.00715981 -0.00261201 -0.00896804 -0.0105616 -0.00497922 0.00348677 -0.000996873 0.00903783 0.00543687 -0.000733539 0.00373585 0.000292937 0.00744296 0.00175785 -0.00461325 -0.00285185 0.0187265 0.00361149 0.0101522 -0.000172066 0.000836627 -0.000825806 0.0162278 0.0191108 0.0202468 0.0715677 0.00966897 0.0105024 0.00421297 0.00442873 0.00227775 0.0158851 0.00397689 0.00534557 0.014357 0.0358692 0.0168173 0.0173557 0.00534461 0.00877229 -0.00453246 0.0142016 0.0195558 0.0103863 0.0334294 -0.000454286 0.0146012 0.0150881 0.0123957 -0.00623693 0.0249418 0.0145635 0.0122073 0.00970751 -0.00440959 0.000112464 -0.00541732 -0.00651098 0.0156669 -0.01015 0.00439196 0.0201704 0.0209521 0.0353668 -0.00494593 0.00194063 0.00642777 -0.00782252 0.0158534 0.0141984
internal_weight=1.17843e+06 839499 338932 217282 244216 622217 161976 121222 82240 553092 73475 112170 128660 75483 44609 25138 53177 67800 22077 45723 37605 10709 9052 69125 60129 30874 22766 21410 17967 96060 77729 98742 8118 111331 43459 24646 10605 7377 45486 67872 49376 21358 28018 18496 11301 94716 11368 6190 1047 63234 5143 63056 6006 741 42725 10711 8825 8765 3658 3543 17124 14860 56209 61486 14531 55337 14643 19469 559 8626 3331 6068 84005 9466 46955 51395 41251 28200 31027 79458 53138 79 44660 38742 5918 13051 14041 30495 2640 2504 9938 532 26320 25227 5178 3844 1334 12590 2295 13158 1371 9137 9905 9767 7025 21520 442 7195 14839 9378 1570 25601 19471 3443 30257 217 1093 53059 43352 1194 89 5107 18813 8694 30040 19009
internal_count=1178431 839499 338932 217282 244216 622217 161976 121222 82240 553092 73475 112170 128660 75483 44609 25138 53177 67800 22077 45723 37605 10709 9052 69125 60129 30874 22766 21410 17967 96060 77729 98742 8118 111331 43459 24646 10605 7377 45486 67872 49376 21358 28018 18496 11301 94716 11368 6190 1047 63234 5143 63056 6006 741 42725 10711 8825 8765 3658 3543 17124 14860 56209 61486 14531 55337 14643 19469 559 8626 3331 6068 84005 9466 46955 51395 41251 28200 31027 79458 53138 79 44660 38742 5918 13051 14041 30495 2640 2504 9938 532 26320 25227 5178 3844 1334 12590 2295 13158 1371 9137 9905 9767 7025 21520 442 7195 14839 9378 1570 25601 19471 3443 30257 217 1093 53059 43352 1194 89 5107 18813 8694 30040 19009
is_linear=0
shrinkage=0.03


end of trees

feature_importances:
bundle_avg_rev_d7=628
bundle_buyer_rate=624
dev_osv=614
country_buyer_rate=420
segment_avg_rev_d7=363
dev_model=322
segment_buyer_rate=316
country_avg_rev_d7=311
num_user_bundles_l28d=219
country=205
num_new_bundles=205
advertiser_bottom_taxonomy_level=201
advertiser_subcategory=196
advertiser_category=151
num_bundles_ins=149
wifi_ratio=123
hour_cos=96
weeks_since_first_seen=92
dev_make=89
category_avg_rev_d7=83
category_buyer_rate=74
region=61
category_whale_rate=60
carrier=52
hour_bin=44
avg_days_ins=39
hour_sin=39
avg_act_days=35
weekend_ratio=32
num_user_bundles=31
bundle_whale_rate=28
country_whale_rate=11
dev_os=9

parameters:
[boosting: gbdt]
[objective: regression]
[metric: rmse]
[tree_learner: serial]
[device_type: cpu]
[data_sample_strategy: bagging]
[data: ]
[valid: ]
[num_iterations: 2000]
[learning_rate: 0.03]
[num_leaves: 127]
[num_threads: -1]
[seed: 42]
[deterministic: 0]
[force_col_wise: 0]
[force_row_wise: 0]
[histogram_pool_size: -1]
[max_depth: 10]
[min_data_in_leaf: 20]
[min_sum_hessian_in_leaf: 0.001]
[bagging_fraction: 0.8]
[pos_bagging_fraction: 1]
[neg_bagging_fraction: 1]
[bagging_freq: 5]
[bagging_seed: 400]
[bagging_by_query: 0]
[feature_fraction: 0.8]
[feature_fraction_bynode: 1]
[feature_fraction_seed: 30056]
[extra_trees: 0]
[extra_seed: 12879]
[early_stopping_round: 0]
[early_stopping_min_delta: 0]
[first_metric_only: 0]
[max_delta_step: 0]
[lambda_l1: 0]
[lambda_l2: 0]
[linear_lambda: 0]
[min_gain_to_split: 0]
[drop_rate: 0.1]
[max_drop: 50]
[skip_drop: 0.5]
[xgboost_dart_mode: 0]
[uniform_drop: 0]
[drop_seed: 17869]
[top_rate: 0.2]
[other_rate: 0.1]
[min_data_per_group: 100]
[max_cat_threshold: 32]
[cat_l2: 10]
[cat_smooth: 10]
[max_cat_to_onehot: 4]
[top_k: 20]
[monotone_constraints: ]
[monotone_constraints_method: basic]
[monotone_penalty: 0]
[feature_contri: ]
[forcedsplits_filename: ]
[refit_decay_rate: 0.9]
[cegb_tradeoff: 1]
[cegb_penalty_split: 0]
[cegb_penalty_feature_lazy: ]
[cegb_penalty_feature_coupled: ]
[path_smooth: 0]
[interaction_constraints: ]
[verbosity: -1]
[saved_feature_importance_type: 0]
[use_quantized_grad: 0]
[num_grad_quant_bins: 4]
[quant_train_renew_leaf: 0]
[stochastic_rounding: 1]
[linear_tree: 0]
[max_bin: 255]
[max_bin_by_feature: ]
[min_data_in_bin: 3]
[bin_construct_sample_cnt: 200000]
[data_random_seed: 175]
[is_enable_sparse: 1]
[enable_bundle: 1]
[use_missing: 1]
[zero_as_missing: 0]
[feature_pre_filter: 1]
[pre_partition: 0]
[two_round: 0]
[header: 0]
[label_column: ]
[weight_column: ]
[group_column: ]
[ignore_column: ]
[categorical_feature: ]
[forcedbins_filename: ]
[precise_float_parser: 0]
[parser_config_file: ]
[objective_seed: 16083]
[num_class: 1]
[is_unbalance: 0]
[scale_pos_weight: 1]
[sigmoid: 1]
[boost_from_average: 1]
[reg_sqrt: 0]
[alpha: 0.9]
[fair_c: 1]
[poisson_max_delta_step: 0.7]
[tweedie_variance_power: 1.5]
[lambdarank_truncation_level: 30]
[lambdarank_norm: 1]
[label_gain: ]
[lambdarank_position_bias_regularization: 0]
[eval_at: ]
[multi_error_top_k: 1]
[auc_mu_weights: ]
[num_machines: 1]
[local_listen_port: 12400]
[time_out: 120]
[machine_list_filename: ]
[machines: ]
[gpu_platform_id: -1]
[gpu_device_id: -1]
[gpu_use_dp: 0]
[num_gpu: 1]

end of parameters

pandas_categorical:[]
